brand,model,model_year,milage,fuel_type,engine,transmission,ext_col,int_col,accident,clean_title,price,engine_liters,horsepower,is_turbo,cylinders,valves
Ford,Utility Police Interceptor Base,2013,51000,E85 Flex Fuel,300.0HP 3.7L V6 Cylinder Engine Flex Fuel Capability,6-Speed A/T,Black,Black,At least 1 accident or damage reported,Yes,10300,3.7,300.0,0,6,
Hyundai,Palisade SEL,2021,34742,Gasoline,3.8L V6 24V GDI DOHC,8-Speed Automatic,Moonlight Cloud,Gray,At least 1 accident or damage reported,Yes,38005,3.8,,0,6,24
Lexus,RX 350 RX 350,2022,22372,Gasoline,3.5 Liter DOHC,Automatic,Blue,Black,None reported,Unknown,54598,3.5,,0,,
INFINITI,Q50 Hybrid Sport,2015,88900,Hybrid,354.0HP 3.5L V6 Cylinder Engine Gas/Electric Hybrid,7-Speed A/T,Black,Black,None reported,Yes,15500,3.5,354.0,0,6,
Audi,Q3 45 S line Premium Plus,2021,9835,Gasoline,2.0L I4 16V GDI DOHC Turbo,8-Speed Automatic,Glacier White Metallic,Black,None reported,Unknown,34999,2.0,,1,,16
Acura,ILX 2.4L,2016,136397,Gasoline,2.4 Liter,F,Silver,Ebony.,None reported,Unknown,14798,2.4,,0,,
Audi,S3 2.0T Premium Plus,2017,84000,Gasoline,292.0HP 2.0L 4 Cylinder Engine Gasoline Fuel,6-Speed A/T,Blue,Black,None reported,Yes,31000,2.0,292.0,0,,
BMW,740 iL,2001,242000,Gasoline,282.0HP 4.4L 8 Cylinder Engine Gasoline Fuel,A/T,Green,Green,None reported,Yes,7300,4.4,282.0,0,,
Lexus,RC 350 F Sport,2021,23436,Gasoline,311.0HP 3.5L V6 Cylinder Engine Gasoline Fuel,6-Speed A/T,Black,Black,None reported,Yes,41927,3.5,311.0,0,6,
Tesla,Model X Long Range Plus,2020,34000,,534.0HP Electric Motor Electric Fuel System,A/T,Black,Black,None reported,Yes,69950,,534.0,0,,
Land,Rover Range Rover Sport 3.0 Supercharged HST,2021,27608,Gasoline,V6,Automatic,Fuji White,Pimento / Ebony,None reported,Unknown,73897,,,0,6,
Aston,Martin DBS Superleggera,2019,22770,Gasoline,715.0HP 5.2L 12 Cylinder Engine Gasoline Fuel,8-Speed A/T,Silver,Black,None reported,Yes,184606,5.2,715.0,0,,
Toyota,Supra 3.0 Premium,2021,12500,Gasoline,382.0HP 3.0L Straight 6 Cylinder Engine Gasoline Fuel,A/T,Yellow,Black,None reported,Yes,53500,3.0,382.0,0,,
Lincoln,Aviator Reserve AWD,2022,18196,Gasoline,400.0HP 3.0L V6 Cylinder Engine Gasoline Fuel,Transmission w/Dual Shift Mode,Black,Brown,None reported,Yes,62000,3.0,400.0,0,6,
Jaguar,F-TYPE,2020,15903,Gasoline,2.0 Liter Supercharged,Automatic,Silver,Black,None reported,Unknown,47998,2.0,,0,,
Land,Rover LR4 HSE,2013,79800,Gasoline,375.0HP 5.0L 8 Cylinder Engine Gasoline Fuel,A/T,White,Black,None reported,Yes,29990,5.0,375.0,0,,
Mercedes-Benz,Metris Base,2021,1685,Gasoline,2.0L I4 16V GDI DOHC Turbo,9-Speed Automatic,Gray,White,None reported,Yes,250000,2.0,,1,,16
Dodge,Challenger SXT,2013,61074,Gasoline,305.0HP 3.6L V6 Cylinder Engine Gasoline Fuel,A/T,Black,Gray,None reported,Yes,16800,3.6,305.0,0,6,
Nissan,350Z Enthusiast,2003,74000,Gasoline,287.0HP 3.5L V6 Cylinder Engine Gasoline Fuel,6-Speed M/T,Purple,–,None reported,Yes,11000,3.5,287.0,0,6,
Jaguar,F-TYPE R,2018,35250,Gasoline,550.0HP 5.0L 8 Cylinder Engine Gasoline Fuel,8-Speed A/T,Green,Black,None reported,Yes,68750,5.0,550.0,0,,
Genesis,GV70 3.5T Sport,2023,5400,Gasoline,375.0HP 3.5L V6 Cylinder Engine Gasoline Fuel,8-Speed A/T,Green,Beige,,Unknown,60000,3.5,375.0,0,6,
Chevrolet,S-10 LS,2000,133510,E85 Flex Fuel,120.0HP 2.2L 4 Cylinder Engine Flex Fuel Capability,A/T,Blue,Black,None reported,Yes,4500,2.2,120.0,0,,
BMW,440 Gran Coupe 440i xDrive,2020,25990,Gasoline,3.0 Liter Turbo,Automatic,White,Beige,None reported,Unknown,38598,3.0,,1,,
Ford,F-150 XLT,2023,2823,Gasoline,3.5L V6 24V PDI DOHC Twin Turbo,Automatic,Iconic Silver Metallic,Black,None reported,Yes,58504,3.5,,1,6,24
Chevrolet,Suburban RST,2021,52000,Gasoline,355.0HP 5.3L 8 Cylinder Engine Gasoline Fuel,10-Speed A/T,Blue,Black,None reported,Yes,61000,5.3,355.0,0,,
Hyundai,Elantra N Base,2022,11650,Gasoline,276.0HP 2.0L 4 Cylinder Engine Gasoline Fuel,Transmission w/Dual Shift Mode,Black,Black,None reported,Yes,32300,2.0,276.0,0,,
Nissan,Sentra SR,2016,96541,Gasoline,1.8 Liter,Automatic,Blue,Black,None reported,Unknown,13998,1.8,,0,,
Mercedes-Benz,AMG CLA 45 Base 4MATIC,2021,17500,Gasoline,382.0HP 2.0L 4 Cylinder Engine Gasoline Fuel,A/T,Gray,Black,None reported,Yes,59995,2.0,382.0,0,,
BMW,650 Gran Coupe i xDrive,2015,69000,Gasoline,445.0HP 4.4L 8 Cylinder Engine Gasoline Fuel,8-Speed A/T,Gray,Black,None reported,Yes,25700,4.4,445.0,0,,
Audi,Q5 2.0T Premium Plus,2017,81880,E85 Flex Fuel,2.0L I4 16V GDI DOHC Turbo Flexible Fuel,8-Speed Automatic,Mythos Black Metallic,Black,None reported,Yes,21375,2.0,,1,,16
Mercedes-Benz,AMG C 43 Base 4MATIC,2018,28800,Gasoline,362.0HP 3.0L V6 Cylinder Engine Gasoline Fuel,9-Speed A/T,Silver,Black,None reported,Yes,48000,3.0,362.0,0,6,
Dodge,Ram 1500 Laramie Mega Cab,2006,300183,Gasoline,345.0HP 5.7L 8 Cylinder Engine Gasoline Fuel,A/T,Silver,Gray,At least 1 accident or damage reported,Yes,10900,5.7,345.0,0,,
BMW,i3 120Ah w/Range Extender,2020,35035,Hybrid,120 AH,Automatic,Black,Black,None reported,Unknown,24998,,,0,,
Kia,Sorento SX,2011,171000,Gasoline,276.0HP 3.5L V6 Cylinder Engine Gasoline Fuel,A/T,Black,Black,None reported,Yes,5999,3.5,276.0,0,6,
Lexus,LX 570 Base,2016,118700,Gasoline,383.0HP 5.7L 8 Cylinder Engine Gasoline Fuel,8-Speed A/T,Black,Beige,None reported,Yes,46900,5.7,383.0,0,,
Jeep,New Compass Trailhawk,2017,119000,Gasoline,180.0HP 2.4L 4 Cylinder Engine Gasoline Fuel,A/T,Red,Black,None reported,Yes,15900,2.4,180.0,0,,
BMW,340 i,2018,44261,Gasoline,3.0 Liter Turbo,Automatic,Gray,Black,None reported,Unknown,33598,3.0,,1,,
Audi,A4 2.0T Premium Plus quattro,2012,125575,Gasoline,211.0HP 2.0L 4 Cylinder Engine Gasoline Fuel,8-Speed A/T,Silver,Black,None reported,Yes,8999,2.0,211.0,0,,
Hyundai,Tucson SE,2007,16200,Gasoline,173.0HP 2.7L V6 Cylinder Engine Gasoline Fuel,A/T,Gold,Beige,None reported,Yes,8200,2.7,173.0,0,6,
BMW,Z4 sDrive28i,2014,70000,Gasoline,240.0HP 2.0L 4 Cylinder Engine Gasoline Fuel,A/T,White,Beige,At least 1 accident or damage reported,Yes,20000,2.0,240.0,0,,
Bentley,Continental GTC Base,2011,20200,E85 Flex Fuel,552.0HP 6.0L 12 Cylinder Engine Flex Fuel Capability,6-Speed A/T,Black,Black,None reported,Yes,79950,6.0,552.0,0,,
Honda,Passport Elite,2023,2978,Gasoline,3.5 Liter SOHC,Automatic,Lunar Silver Metallic,Gray,None reported,Unknown,45498,3.5,,0,,
Dodge,Sprinter 2500,2007,189719,Diesel,3.0L V6 Cylinder Engine Diesel Fuel,5-Speed A/T,White,Gray,At least 1 accident or damage reported,Yes,14000,3.0,,0,6,
BMW,M850 i xDrive,2019,9949,Gasoline,4.4 Liter DOHC Twin Turbo,Automatic,Blue,Black,None reported,Unknown,75798,4.4,,1,,
Lucid,Air Grand Touring,2022,3552,,536.0HP Electric Motor Electric Fuel System,1-Speed A/T,Red,Beige,None reported,Yes,119999,,536.0,0,,
Audi,A7 Premium,2012,54000,Gasoline,310.0HP 3.0L V6 Cylinder Engine Gasoline Fuel,8-Speed A/T,Black,Brown,At least 1 accident or damage reported,Yes,36880,3.0,310.0,0,6,
Chevrolet,Silverado 1500 Custom Trail Boss,2021,51351,Gasoline,5.3L V8 16V GDI OHV,Automatic,Black,Jet Black,None reported,Yes,43147,5.3,,0,8,16
MINI,Convertible John Cooper Works,2017,24280,Gasoline,228.0HP 2.0L 4 Cylinder Engine Gasoline Fuel,6-Speed A/T,Black,Black,At least 1 accident or damage reported,Yes,29000,2.0,228.0,0,,
Toyota,Avalon Touring,2016,89148,Gasoline,268.0HP 3.5L V6 Cylinder Engine Gasoline Fuel,A/T,Black,Black,None reported,Yes,17500,3.5,268.0,0,6,
Porsche,Cayenne Platinum Edition,2017,73043,Gasoline,300.0HP 3.6L V6 Cylinder Engine Gasoline Fuel,8-Speed A/T,White,Black,None reported,Yes,30990,3.6,300.0,0,6,
Mercedes-Benz,AMG C 63 S,2017,60000,Gasoline,503.0HP 4.0L 8 Cylinder Engine Gasoline Fuel,Transmission w/Dual Shift Mode,Gray,Black,At least 1 accident or damage reported,Yes,52500,4.0,503.0,0,,
Honda,CR-V EX-L,2016,73549,Gasoline,2.4L I4 16V GDI DOHC,Automatic CVT,Mountain Air Metallic,Black,At least 1 accident or damage reported,Unknown,20848,2.4,,0,,16
Hummer,H2 Base,2005,110900,Gasoline,325.0HP 6.0L 8 Cylinder Engine Gasoline Fuel,A/T,Gray,Black,None reported,Yes,19500,6.0,325.0,0,,
Porsche,911 Carrera S,2013,39000,Gasoline,400.0HP 3.8L Flat 6 Cylinder Engine Gasoline Fuel,7-Speed A/T,Blue,Black,None reported,Yes,73000,3.8,400.0,0,,
Mercedes-Benz,CLA-Class CLA 250,2016,120000,Gasoline,208.0HP 2.0L 4 Cylinder Engine Gasoline Fuel,Transmission w/Dual Shift Mode,Black,Black,None reported,Yes,19800,2.0,208.0,0,,
Chrysler,300 Touring,2009,134602,Gasoline,250.0HP 3.5L V6 Cylinder Engine Gasoline Fuel,Transmission w/Dual Shift Mode,Blue,Black,None reported,Yes,7500,3.5,250.0,0,6,
Nissan,Rogue SV,2023,1094,Gasoline,1.5L I3 12V GDI DOHC Turbo,Automatic CVT,Caspian Blue,Light Gray,None reported,Unknown,30999,1.5,,1,,12
Audi,A3 2.0T,2010,83500,Gasoline,200.0HP 2.0L 4 Cylinder Engine Gasoline Fuel,Transmission w/Dual Shift Mode,Silver,Black,None reported,Yes,6500,2.0,200.0,0,,
Ford,Mustang GT Premium,2014,37060,Gasoline,420.0HP 5.0L 8 Cylinder Engine Gasoline Fuel,6-Speed M/T,Black,Black,None reported,Yes,28500,5.0,420.0,0,,
Acura,RL Technology,2010,97700,Gasoline,300.0HP 3.7L V6 Cylinder Engine Gasoline Fuel,Transmission w/Dual Shift Mode,Blue,Beige,None reported,Yes,10995,3.7,300.0,0,6,
Volvo,XC90 Hybrid T8 R-Design,2018,40000,Plug-In Hybrid,400.0HP 2.0L 4 Cylinder Engine Plug-In Electric/Gas,Transmission w/Dual Shift Mode,Black,Black,None reported,Yes,42000,2.0,400.0,0,,
Audi,R8 5.2 V10,2018,8940,Gasoline,5.2L V10 40V PDI DOHC,7-Speed Automatic with Auto-Shift,Tango Red Metallic,Black,None reported,Unknown,144900,5.2,,0,10,40
Mercedes-Benz,GLK-Class GLK 350,2014,186000,Gasoline,302.0HP 3.5L V6 Cylinder Engine Gasoline Fuel,A/T,Black,Beige,At least 1 accident or damage reported,Yes,10000,3.5,302.0,0,6,
Toyota,C-HR LE,2021,13180,Gasoline,2.0 Liter,CVT-F,–,–,None reported,Unknown,23998,2.0,,0,,
Lexus,IS 350 Base,2014,104000,Gasoline,306.0HP 3.5L V6 Cylinder Engine Gasoline Fuel,8-Speed A/T,Black,Black,None reported,Yes,21000,3.5,306.0,0,6,
BMW,X4 M40i,2023,8500,Hybrid,382.0HP 3.0L Straight 6 Cylinder Engine Gasoline/Mild Electric Hybrid,Transmission w/Dual Shift Mode,Gray,Beige,None reported,Yes,67900,3.0,382.0,0,,
BMW,M4 CS,2019,19069,Gasoline,3.0 Liter DOHC Turbo,Automatic,Alpine White,Anthracite,None reported,Unknown,69998,3.0,,1,,
Cadillac,CT5 Premium Luxury,2023,6090,Gasoline,237.0HP 2.0L 4 Cylinder Engine Gasoline Fuel,A/T,White,Beige,None reported,Yes,46900,2.0,237.0,0,,
Lucid,Air Grand Touring,2022,4900,,536.0HP Electric Motor Electric Fuel System,1-Speed A/T,Red,Black,None reported,Yes,99000,,536.0,0,,
Audi,A5 2.0T Premium Plus,2019,47523,Gasoline,248.0HP 2.0L 4 Cylinder Engine Gasoline Fuel,Transmission w/Dual Shift Mode,Black,Black,None reported,Yes,31000,2.0,248.0,0,,
Chrysler,300C SRT8,2006,43000,Gasoline,425.0HP 6.1L 8 Cylinder Engine Gasoline Fuel,5-Speed A/T,Silver,Black,At least 1 accident or damage reported,Yes,19995,6.1,425.0,0,,
Bentley,Continental GT W12,2017,14684,Gasoline,582.0HP 6.0L 12 Cylinder Engine Gasoline Fuel,8-Speed A/T,White,White,None reported,Yes,130000,6.0,582.0,0,,
BMW,M4 Base,2019,57800,Gasoline,425.0HP 3.0L Straight 6 Cylinder Engine Gasoline Fuel,Transmission w/Dual Shift Mode,Black,Red,None reported,Yes,55999,3.0,425.0,0,,
Toyota,GR Corolla Circuit Edition,2023,952,Gasoline,300.0HP 1.6L 3 Cylinder Engine Gasoline Fuel,6-Speed M/T,Silver,Gray,None reported,Yes,49950,1.6,300.0,0,,
Audi,RS 5 2.9T,2019,21240,Gasoline,444.0HP 2.9L V6 Cylinder Engine Gasoline Fuel,8-Speed A/T,Black,Black,At least 1 accident or damage reported,Yes,59950,2.9,444.0,0,6,
Porsche,Cayenne Base,2019,59338,Gasoline,335.0HP 3.0L V6 Cylinder Engine Gasoline Fuel,Transmission w/Dual Shift Mode,Black,Black,None reported,Yes,42499,3.0,335.0,0,6,
Lamborghini,Huracan Tecnica Coupe,2023,255,Gasoline,"5.2L V-10 gasoline direct injection, DOHC, variable valve contro",Automatic,BLU ELEOS,Nero Ade,None reported,Unknown,359991,5.2,,0,,
Maserati,Quattroporte S,2019,23230,Gasoline,424.0HP 3.0L V6 Cylinder Engine Gasoline Fuel,8-Speed A/T,Black,Black,None reported,Yes,44999,3.0,424.0,0,6,
Jaguar,XF 35t R-Sport,2017,48000,Gasoline,340.0HP 3.0L V6 Cylinder Engine Gasoline Fuel,A/T,Red,Black,At least 1 accident or damage reported,Yes,30000,3.0,340.0,0,6,
Lexus,ES 330 Base,2005,41059,Gasoline,225.0HP 3.3L V6 Cylinder Engine Gasoline Fuel,5-Speed A/T,White,Beige,None reported,Yes,11100,3.3,225.0,0,6,
Land,Rover Discovery Sport SE R-Dynamic,2020,21240,Gasoline,2.0 Liter,Automatic,White,Black,None reported,Unknown,37998,2.0,,0,,
Porsche,Cayman GTS,2015,11500,Gasoline,340.0HP 3.4L Flat 6 Cylinder Engine Gasoline Fuel,7-Speed A/T,Silver,–,None reported,Yes,72000,3.4,340.0,0,,
Genesis,G90 3.3T Premium,2021,9950,Gasoline,365.0HP 3.3L V6 Cylinder Engine Gasoline Fuel,8-Speed A/T,Silver,Blue,None reported,Yes,53950,3.3,365.0,0,6,
Volkswagen,Golf R 20th Anniversary Edition,2023,633,Gasoline,315.0HP 2.0L 4 Cylinder Engine Gasoline Fuel,6-Speed M/T,White,Black,None reported,Yes,47999,2.0,315.0,0,,
Hyundai,Sonata Hybrid Limited,2015,66000,Hybrid,199.0HP 2.4L 4 Cylinder Engine Gas/Electric Hybrid,A/T,White,Gray,At least 1 accident or damage reported,Yes,15900,2.4,199.0,0,,
Audi,RS 7 4.0T Prestige,2014,59715,Gasoline,560.0HP 4.0L 8 Cylinder Engine Gasoline Fuel,A/T,Gray,Black,At least 1 accident or damage reported,Yes,45000,4.0,560.0,0,,
BMW,740 Li,2012,85252,Gasoline,326.0HP 3.0L Straight 6 Cylinder Engine Gasoline Fuel,6-Speed A/T,Black,Black,None reported,Yes,18500,3.0,326.0,0,,
Mercedes-Benz,GLS 450 Base 4MATIC,2020,17900,Hybrid,362.0HP 3.0L Straight 6 Cylinder Engine Gasoline/Mild Electric Hybrid,9-Speed A/T,Black,Black,At least 1 accident or damage reported,Yes,80000,3.0,362.0,0,,
BMW,M6 Base,2016,25500,Gasoline,560.0HP 4.4L 8 Cylinder Engine Gasoline Fuel,7-Speed A/T,White,Black,None reported,Yes,55000,4.4,560.0,0,,
Subaru,Forester 2.5 X,2004,210703,Gasoline,165.0HP 2.5L 4 Cylinder Engine Gasoline Fuel,M/T,Green,Beige,,Unknown,2300,2.5,165.0,0,,
Hyundai,Elantra N Base,2023,3800,Gasoline,276.0HP 2.0L 4 Cylinder Engine Gasoline Fuel,6-Speed M/T,White,Black,None reported,Yes,34000,2.0,276.0,0,,
Kia,Niro Plug-In Hybrid EX Premium,2022,36602,Hybrid,1.6L I4 16V GDI DOHC Hybrid,6-Speed Automatic with Auto-Shift,Horizon Blue,Charcoal,None reported,Yes,31995,1.6,,0,,16
Rivian,R1S Adventure Package,2023,2800,,835.0HP Electric Motor Electric Fuel System,1-Speed A/T,White,Green,None reported,Yes,92000,,835.0,0,,
Aston,Martin DBS Superleggera,2021,2165,Gasoline,5.2L V12 48V GDI DOHC Twin Turbo,8-Speed Automatic,Black,Black,None reported,Yes,279950,5.2,,1,12,48
Mercedes-Benz,SLC 300 Base,2018,33000,Gasoline,241.0HP 2.0L 4 Cylinder Engine Gasoline Fuel,9-Speed A/T,Red,Black,At least 1 accident or damage reported,Yes,29900,2.0,241.0,0,,
BMW,435 Gran Coupe i,2016,76009,Gasoline,300.0HP 3.0L Straight 6 Cylinder Engine Gasoline Fuel,8-Speed A/T,White,Beige,None reported,Yes,24950,3.0,300.0,0,,
Jeep,Grand Cherokee Summit,2020,31349,Gasoline,5.7L V8 16V MPFI OHV,8-Speed Automatic,Granite Crystal Clearcoat Metallic,Black,None reported,Unknown,39366,5.7,,0,8,16
Lexus,RC 350 Base,2015,48000,Gasoline,306.0HP 3.5L V6 Cylinder Engine Gasoline Fuel,Transmission w/Dual Shift Mode,Orange,Red,None reported,Yes,32900,3.5,306.0,0,6,
BMW,525 i,2005,91420,Gasoline,215.0HP 2.5L Straight 6 Cylinder Engine Gasoline Fuel,6-Speed A/T,Black,Black,None reported,Yes,8900,2.5,215.0,0,,
Toyota,Corolla LE,2003,124756,Gasoline,130.0HP 1.8L 4 Cylinder Engine Gasoline Fuel,M/T,Beige,Beige,At least 1 accident or damage reported,Yes,4995,1.8,130.0,0,,
Cadillac,CT5-V Blackwing,2023,2415,Gasoline,6.2L V8 16V GDI OHV Supercharged,10-Speed Automatic,Rift Metallic,Gray,None reported,Unknown,104900,6.2,,0,8,16
GMC,Acadia SLT-1,2012,116226,Gasoline,288.0HP 3.6L V6 Cylinder Engine Gasoline Fuel,6-Speed A/T,Black,Black,None reported,Yes,7900,3.6,288.0,0,6,
Lexus,LC 500 Base,2020,37869,Gasoline,5.0L V8 32V PDI DOHC,10-Speed Automatic,Atomic Silver,Rioja Red,None reported,Unknown,75950,5.0,,0,8,32
BMW,i8 Base,2019,41500,Plug-In Hybrid,369.0HP 1.5L 3 Cylinder Engine Plug-In Electric/Gas,Transmission w/Dual Shift Mode,White,Black,None reported,Yes,86000,1.5,369.0,0,,
Lexus,ES 300h Base,2013,87001,Hybrid,200.0HP 2.5L 4 Cylinder Engine Gas/Electric Hybrid,CVT Transmission,Gold,Beige,None reported,Yes,17995,2.5,200.0,0,,
Cadillac,CT5-V V-Series,2022,4451,Gasoline,3.0L V6 24V GDI DOHC Twin Turbo,Automatic,Summit White,Jet Black,At least 1 accident or damage reported,Yes,55655,3.0,,1,6,24
BMW,540 i xDrive,2020,27158,Gasoline,2.0 Liter Turbo,Automatic,Imperial Blue Metallic,Canberra Beige/Black,None reported,Unknown,39998,2.0,,1,,
Chevrolet,Express 1500 Work Van,2014,139804,Gasoline,195.0HP 4.3L V6 Cylinder Engine Gasoline Fuel,A/T,White,Gray,At least 1 accident or damage reported,Yes,14500,4.3,195.0,0,6,
Jeep,Gladiator Rubicon,2022,27300,Gasoline,285.0HP 3.6L V6 Cylinder Engine Gasoline Fuel,A/T,Green,Black,None reported,Yes,47500,3.6,285.0,0,6,
BMW,Z4 sDrive28i,2014,36812,Gasoline,240.0HP 2.0L 4 Cylinder Engine Gasoline Fuel,Transmission w/Dual Shift Mode,White,Beige,None reported,Yes,27000,2.0,240.0,0,,
Land,Rover LR4 HSE LUX Landmark Edition,2016,144000,Gasoline,340.0HP 3.0L V6 Cylinder Engine Gasoline Fuel,8-Speed A/T,Black,Black,At least 1 accident or damage reported,Yes,18000,3.0,340.0,0,6,
Cadillac,XT4 Sport,2019,44500,Gasoline,237.0HP 2.0L 4 Cylinder Engine Gasoline Fuel,9-Speed A/T,Blue,White,None reported,Yes,28900,2.0,237.0,0,,
BMW,750 750i xDrive,2021,10917,Gasoline,4.4 Liter Twin Turbo,Automatic,Black,Black,None reported,Unknown,73998,4.4,,1,,
Bentley,Arnage R,2005,8332,Gasoline,400.0HP 6.75L 8 Cylinder Engine Gasoline Fuel,4-Speed A/T,White,Beige,None reported,Yes,47350,6.75,400.0,0,,
Lincoln,Aviator Reserve AWD,2020,51247,Gasoline,3.0 Liter GTDI,Automatic,Magnetic Gray Clearcoat,Roast,None reported,Unknown,47698,3.0,,0,,
Mercedes-Benz,AMG GL AMG GL 63 4MATIC,2016,69000,Gasoline,550.0HP 5.5L 8 Cylinder Engine Gasoline Fuel,Transmission w/Dual Shift Mode,Black,Brown,None reported,Yes,36500,5.5,550.0,0,,
RAM,ProMaster 3500 High Roof,2021,147834,Gasoline,3.6L V6 24V MPFI DOHC,6-Speed Automatic,Bright White Clearcoat,Black,None reported,Yes,32662,3.6,,0,6,24
Ford,Utility Police Interceptor Base,2013,105000,E85 Flex Fuel,300.0HP 3.7L V6 Cylinder Engine Flex Fuel Capability,A/T,White,Black,At least 1 accident or damage reported,Yes,6600,3.7,300.0,0,6,
Audi,A5 2.0T Premium,2011,92203,Gasoline,211.0HP 2.0L 4 Cylinder Engine Gasoline Fuel,Transmission w/Dual Shift Mode,Red,Beige,None reported,Yes,9995,2.0,211.0,0,,
Nissan,GT-R Premium,2010,15600,Gasoline,485.0HP 3.8L V6 Cylinder Engine Gasoline Fuel,Transmission w/Dual Shift Mode,White,Black,None reported,Yes,69500,3.8,485.0,0,6,
Land,Rover Range Rover Sport 3.0L Supercharged HSE,2018,104700,Gasoline,V6,Automatic,Fuji White,Ivory / Ebony,At least 1 accident or damage reported,Unknown,30775,,,0,6,
Toyota,Corolla LE,2010,72348,Gasoline,132.0HP 1.8L 4 Cylinder Engine Gasoline Fuel,A/T,Red,Gray,At least 1 accident or damage reported,Yes,9995,1.8,132.0,0,,
Rivian,R1S Adventure Package,2023,2500,,835.0HP Electric Motor Electric Fuel System,A/T,Green,White,None reported,Yes,94000,,835.0,0,,
Mercedes-Benz,C-Class C300 4MATIC,2022,13177,Gasoline,2.0 Liter Turbo,Automatic,White,Silk Beige/Black,None reported,Unknown,44798,2.0,,1,,
Porsche,Cayenne E-Hybrid S,2016,96000,Plug-In Hybrid,416.0HP 3.0L V6 Cylinder Engine Plug-In Electric/Gas,Transmission w/Dual Shift Mode,White,Red,At least 1 accident or damage reported,Yes,23000,3.0,416.0,0,6,
Chevrolet,Express 1500 Work Van,2011,93009,E85 Flex Fuel,5.3L V8 16V MPFI OHV Flexible Fuel,4-Speed Automatic,Summit White,Medium Pewter,None reported,Yes,22495,5.3,,0,8,16
INFINITI,Q70h Base,2016,52750,Hybrid,360.0HP 3.5L V6 Cylinder Engine Gas/Electric Hybrid,7-Speed A/T,White,Black,At least 1 accident or damage reported,Yes,28998,3.5,360.0,0,6,
Audi,A7 Premium Plus,2020,25361,Hybrid,3.0 Liter Turbo,Automatic,Typhoon Gray,Black,None reported,Unknown,49998,3.0,,1,,
Audi,Q7 3.0T Premium Plus,2015,98527,Gasoline,280.0HP 3.0L V6 Cylinder Engine Gasoline Fuel,8-Speed A/T,Black,Black,,Unknown,9995,3.0,280.0,0,6,
Lucid,Air Pure,2023,1300,,620.0HP Electric Motor Electric Fuel System,A/T,Black,Gray,,Unknown,86900,,620.0,0,,
Chrysler,Pacifica Touring,2017,87305,–,–,9-Speed A/T,Silver,Black,None reported,Yes,9000,,,0,,
Audi,TTS 2.0T Premium Plus,2012,72922,Gasoline,265.0HP 2.0L 4 Cylinder Engine Gasoline Fuel,6-Speed A/T,White,Black,,Unknown,25999,2.0,265.0,0,,
BMW,650 Gran Coupe i xDrive,2015,41000,Gasoline,445.0HP 4.4L 8 Cylinder Engine Gasoline Fuel,8-Speed A/T,Black,Black,None reported,Yes,30000,4.4,445.0,0,,
Subaru,Forester Premium,2021,42125,Gasoline,2.5L H4 16V GDI DOHC,Automatic CVT,Crystal Black Silica,Black,None reported,Yes,27899,2.5,,0,,16
Mercedes-Benz,AMG C AMG C 63,2016,62000,Gasoline,469.0HP 4.0L 8 Cylinder Engine Gasoline Fuel,Transmission w/Dual Shift Mode,Black,Black,None reported,Yes,40000,4.0,469.0,0,,
Land,Rover LR3 HSE,2006,153843,Gasoline,300.0HP 4.4L 8 Cylinder Engine Gasoline Fuel,6-Speed A/T,Red,Beige,At least 1 accident or damage reported,Yes,9950,4.4,300.0,0,,
BMW,X7 xDrive40i,2019,35248,Gasoline,3.0 Liter Twin Turbo,Automatic,Arctic Gray Metallic,Black,None reported,Unknown,53998,3.0,,1,,
Ford,Transit Connect XLT,2015,194454,Gasoline,169.0HP 2.5L 4 Cylinder Engine Gasoline Fuel,6-Speed A/T,White,Black,None reported,Yes,9888,2.5,169.0,0,,
Lexus,LX 570 Three-Row,2021,21000,Gasoline,383.0HP 5.7L 8 Cylinder Engine Gasoline Fuel,Transmission w/Dual Shift Mode,White,Black,None reported,Yes,89999,5.7,383.0,0,,
Porsche,911 Carrera S,2013,18494,Gasoline,400.0HP 3.8L Flat 6 Cylinder Engine Gasoline Fuel,7-Speed M/T,Black,Black,,Unknown,86900,3.8,400.0,0,,
Dodge,Ram 2500 Laramie Quad Cab,2006,218000,Gasoline,330.0HP 5.7L 8 Cylinder Engine Gasoline Fuel,4-Speed A/T,Red,Gray,None reported,Yes,12990,5.7,330.0,0,,
Nissan,Armada SL,2021,67800,Gasoline,400.0HP 5.6L 8 Cylinder Engine Gasoline Fuel,7-Speed A/T,Silver,Black,At least 1 accident or damage reported,Yes,36500,5.6,400.0,0,,
Porsche,Cayman Base,2014,79000,Gasoline,275.0HP 2.7L Flat 6 Cylinder Engine Gasoline Fuel,Transmission w/Dual Shift Mode,Red,Black,At least 1 accident or damage reported,Yes,42999,2.7,275.0,0,,
Mercedes-Benz,GLE 450 GLE 450,2022,24906,Hybrid,3.0 Liter Turbo,Automatic,Selenite Grey Metallic,Black,None reported,Unknown,63998,3.0,,1,,
Chevrolet,Monte Carlo SS,2006,66840,Gasoline,303.0HP 5.3L 8 Cylinder Engine Gasoline Fuel,A/T,White,Gray,At least 1 accident or damage reported,Yes,12000,5.3,303.0,0,,
BMW,M5 Base,2013,86000,Gasoline,560.0HP 4.4L 8 Cylinder Engine Gasoline Fuel,Transmission w/Dual Shift Mode,Blue,White,None reported,Yes,32000,4.4,560.0,0,,
Hyundai,Kona N Base,2023,654,Gasoline,2.0L I4 16V GDI DOHC Turbo,8-Speed Automatic with Auto-Shift,Ultra Black,Black,None reported,Yes,34599,2.0,,1,,16
Chevrolet,Monte Carlo SS,2005,75000,Gasoline,240.0HP 3.8L V6 Cylinder Engine Gasoline Fuel,A/T,Black,Black,None reported,Yes,12500,3.8,240.0,0,6,
Land,Rover Range Rover Evoque Pure,2015,84000,Gasoline,240.0HP 2.0L 4 Cylinder Engine Gasoline Fuel,9-Speed A/T,Beige,Black,At least 1 accident or damage reported,Yes,22800,2.0,240.0,0,,
Audi,S7 4.0T Premium Plus,2017,52500,Gasoline,450.0HP 4.0L 8 Cylinder Engine Gasoline Fuel,Transmission w/Dual Shift Mode,Gray,Gray,None reported,Yes,39999,4.0,450.0,0,,
GMC,Acadia SLT-1,2011,120000,Gasoline,288.0HP 3.6L V6 Cylinder Engine Gasoline Fuel,6-Speed A/T,Silver,Gray,None reported,Yes,7500,3.6,288.0,0,6,
Alfa,Romeo Stelvio Ti Sport,2020,18665,Gasoline,2.0L I4 16V GDI SOHC Turbo,8-Speed Automatic,Lunare White Metallic,Ice,None reported,Yes,35645,2.0,,1,,16
Ferrari,FF Base,2016,19987,Gasoline,651.0HP 6.3L 12 Cylinder Engine Gasoline Fuel,7-Speed A/T,Black,Brown,None reported,Yes,149900,6.3,651.0,0,,
Kia,K900 5.0L,2017,36486,Gasoline,420.0HP 5.0L 8 Cylinder Engine Gasoline Fuel,8-Speed A/T,Black,Beige,At least 1 accident or damage reported,Yes,23950,5.0,420.0,0,,
Ford,E150 XLT,2013,162100,E85 Flex Fuel,255.0HP 5.4L 8 Cylinder Engine Flex Fuel Capability,4-Speed A/T,Black,Gray,None reported,Yes,12500,5.4,255.0,0,,
Tesla,Model 3 Performance,2022,13079,,455.0HP Electric Motor Electric Fuel System,A/T,Black,White,None reported,Yes,47000,,455.0,0,,
Toyota,4Runner SR5,2022,28377,Gasoline,4.0L V6 24V MPFI DOHC,5-Speed Automatic,Silver,Gray,None reported,Unknown,36999,4.0,,0,6,24
Subaru,Forester Base,2020,32744,Gasoline,182.0HP 2.5L 4 Cylinder Engine Gasoline Fuel,CVT Transmission,Black,Gray,None reported,Yes,24000,2.5,182.0,0,,
Porsche,Panamera 2,2012,54000,Gasoline,300.0HP 3.6L V6 Cylinder Engine Gasoline Fuel,A/T,White,–,At least 1 accident or damage reported,Yes,26000,3.6,300.0,0,6,
Toyota,Tacoma PreRunner,2008,202055,Gasoline,236.0HP 4.0L V6 Cylinder Engine Gasoline Fuel,A/T,Silver,Gray,At least 1 accident or damage reported,Yes,8500,4.0,236.0,0,6,
RAM,2500 Laramie,2019,65000,Diesel,370.0HP 6.7L Straight 6 Cylinder Engine Diesel Fuel,6-Speed A/T,Black,Black,None reported,Yes,65000,6.7,370.0,0,,
Kia,Sportage Nightfall,2022,9686,Gasoline,2.4L I4 16V GDI DOHC,6-Speed Automatic,Hyper Red,Black,None reported,Yes,30990,2.4,,0,,16
Cadillac,DTS Base,2010,49620,Gasoline,275.0HP 4.6L 8 Cylinder Engine Gasoline Fuel,A/T,White,Gray,None reported,Yes,10499,4.6,275.0,0,,
Toyota,Land Cruiser Base,1997,213000,Gasoline,212.0HP 4.5L Straight 6 Cylinder Engine Gasoline Fuel,4-Speed A/T,White,Beige,None reported,Yes,26500,4.5,212.0,0,,
Nissan,GT-R Premium,2020,16010,Gasoline,565.0HP 3.8L V6 Cylinder Engine Gasoline Fuel,A/T,White,Black,None reported,Yes,114000,3.8,565.0,0,6,
Lexus,NX 350 F SPORT Handling,2023,820,Gasoline,2.4 Liter,8-SPEED AT,Black,Black,None reported,Unknown,51998,2.4,,0,,
Audi,Q7 45 Premium Plus,2021,68000,Gasoline,248.0HP 2.0L 4 Cylinder Engine Gasoline Fuel,8-Speed A/T,Blue,Black,None reported,Yes,36499,2.0,248.0,0,,
Lexus,LX 470 Base,1999,82000,Gasoline,230.0HP 4.7L 8 Cylinder Engine Gasoline Fuel,A/T,White,Beige,None reported,Yes,25000,4.7,230.0,0,,
GMC,Terrain SLE,2022,27352,Gasoline,1.5L I4 16V GDI DOHC Turbo,9-Speed Automatic,Summit White,Jet Black,None reported,Unknown,27785,1.5,,1,,16
Ford,Escape Limited,2012,129000,Gasoline,171.0HP 2.5L 4 Cylinder Engine Gasoline Fuel,A/T,White,Gray,At least 1 accident or damage reported,Yes,7000,2.5,171.0,0,,
Lexus,LS 460 L,2014,106731,Gasoline,360.0HP 4.6L 8 Cylinder Engine Gasoline Fuel,8-Speed A/T,White,Beige,At least 1 accident or damage reported,Yes,30000,4.6,360.0,0,,
Ford,Expedition Platinum,2019,34672,Gasoline,400.0HP 3.5L V6 Cylinder Engine Gasoline Fuel,10-Speed A/T,White,White,None reported,Yes,45500,3.5,400.0,0,6,
Chevrolet,Malibu LTZ,2010,55900,Gasoline,252.0HP 3.6L V6 Cylinder Engine Gasoline Fuel,Transmission w/Dual Shift Mode,Beige,Beige,None reported,Yes,8950,3.6,252.0,0,6,
Audi,RS 7 4.0T quattro,2023,3158,Gasoline,4.0L V8 32V GDI DOHC Twin Turbo,1-Speed Automatic,Daytona Gray Pearl Effect,Black / Express Red,None reported,Unknown,128900,4.0,,1,8,32
Audi,A5 2.0T Premium Plus,2015,82000,Gasoline,220.0HP 2.0L 4 Cylinder Engine Gasoline Fuel,8-Speed A/T,White,Brown,None reported,Yes,17000,2.0,220.0,0,,
Genesis,G70 2.0T,2023,4785,Gasoline,2.0L I4 16V GDI DOHC Turbo,Automatic,Vik Black,Obsidian Black,None reported,Yes,42850,2.0,,1,,16
Chevrolet,Trailblazer LS,2021,20497,Gasoline,1.3L I3 12V GDI DOHC Turbo,9-Speed Automatic,Pacific Blue Metallic,Black,None reported,Unknown,22999,1.3,,1,,12
Scion,tC Base,2013,177600,Gasoline,180.0HP 2.5L 4 Cylinder Engine Gasoline Fuel,6-Speed A/T,Silver,Black,At least 1 accident or damage reported,Yes,7100,2.5,180.0,0,,
Lincoln,MKZ Hybrid Base,2014,78568,Hybrid,188.0HP 2.0L 4 Cylinder Engine Gas/Electric Hybrid,A/T,Blue,Beige,None reported,Yes,15500,2.0,188.0,0,,
Ford,Transit-350 XL,2018,95000,E85 Flex Fuel,275.0HP 3.7L V6 Cylinder Engine Flex Fuel Capability,A/T,White,Gray,None reported,Yes,43000,3.7,275.0,0,6,
Porsche,911 GT2 RS,2018,4529,Gasoline,3.8L H6 24V GDI DOHC Twin Turbo,7-Speed Automatic with Auto-Shift,Black,Black,None reported,Yes,417500,3.8,,1,,24
Ford,Explorer Timberline,2021,25240,Gasoline,2.3L I4 16V GDI DOHC Turbo,10-Speed Automatic,Gray,Ebony,At least 1 accident or damage reported,Unknown,39951,2.3,,1,,16
Volvo,XC90 3.2,2011,88300,Gasoline,235.0HP 3.2L Straight 6 Cylinder Engine Gasoline Fuel,A/T,Blue,Beige,At least 1 accident or damage reported,Yes,11500,3.2,235.0,0,,
Chevrolet,Avalanche LTZ,2013,98000,E85 Flex Fuel,320.0HP 5.3L 8 Cylinder Engine Flex Fuel Capability,6-Speed A/T,Silver,Black,At least 1 accident or damage reported,Yes,27499,5.3,320.0,0,,
Audi,TT RS 2.5T,2018,20675,Gasoline,400.0HP 2.5L 5 Cylinder Engine Gasoline Fuel,Transmission w/Dual Shift Mode,Gray,Gray,None reported,Yes,76000,2.5,400.0,0,,
Lincoln,Navigator L,2008,95000,Gasoline,300.0HP 5.4L 8 Cylinder Engine Gasoline Fuel,A/T,Black,Black,None reported,Yes,10900,5.4,300.0,0,,
Hyundai,Elantra GLS,2010,107000,Gasoline,138.0HP 2.0L 4 Cylinder Engine Gasoline Fuel,4-Speed A/T,Blue,Blue,At least 1 accident or damage reported,Yes,6250,2.0,138.0,0,,
Audi,SQ5 3.0T Premium Plus,2016,60000,Gasoline,354.0HP 3.0L V6 Cylinder Engine Gasoline Fuel,Transmission w/Dual Shift Mode,Black,Black,At least 1 accident or damage reported,Yes,24700,3.0,354.0,0,6,
Mitsubishi,Lancer Evolution GSR,2012,33000,Gasoline,291.0HP 2.0L 4 Cylinder Engine Gasoline Fuel,5-Speed M/T,Black,Black,None reported,Yes,34999,2.0,291.0,0,,
Tesla,Model Y Performance,2023,500,,455.0HP Electric Motor Electric Fuel System,1-Speed A/T,Black,White,None reported,Yes,60000,,455.0,0,,
Mercedes-Benz,Maybach S S 600,2016,108500,Gasoline,523.0HP 6.0L 12 Cylinder Engine Gasoline Fuel,7-Speed A/T,White,Beige,None reported,Yes,63500,6.0,523.0,0,,
Nissan,GT-R Premium,2017,37800,Gasoline,565.0HP 3.8L V6 Cylinder Engine Gasoline Fuel,Transmission w/Dual Shift Mode,Orange,Orange,None reported,Yes,149500,3.8,565.0,0,6,
Mercedes-Benz,GLS 550 Base 4MATIC,2018,74422,Gasoline,4.7 Liter Twin Turbo,Automatic,Obsidian Black Metallic,Gray,None reported,Unknown,44798,4.7,,1,,
Chevrolet,Blazer Premier,2019,55621,Gasoline,3.6L V6 24V GDI DOHC,9-Speed Automatic,Silver Ice Metallic,Jet Black,None reported,Unknown,34562,3.6,,0,6,24
Mazda,CX-9 Grand Touring,2021,46707,Gasoline,2.5L I4 16V GDI DOHC Turbo,6-Speed Automatic,Sonic Silver Metallic,Black,At least 1 accident or damage reported,Yes,32541,2.5,,1,,16
Ford,Expedition Max Limited,2022,26500,Gasoline,440.0HP 3.5L V6 Cylinder Engine Gasoline Fuel,A/T,White,Beige,None reported,Yes,65900,3.5,440.0,0,6,
Nissan,Titan XD SV,2020,10001,Gasoline,5.6L V8 32V GDI DOHC,9-Speed Automatic,Black,Black,None reported,Yes,47214,5.6,,0,8,32
Lexus,LX 570 Three-Row,2019,19050,Gasoline,383.0HP 5.7L 8 Cylinder Engine Gasoline Fuel,8-Speed A/T,Black,Beige,None reported,Yes,76900,5.7,383.0,0,,
Chevrolet,Traverse Premier,2020,52000,Gasoline,310.0HP 3.6L V6 Cylinder Engine Gasoline Fuel,A/T,White,Black,None reported,Yes,35800,3.6,310.0,0,6,
Mercedes-Benz,Sprinter High Roof,2014,65000,Diesel,188.0HP 3.0L V6 Cylinder Engine Diesel Fuel,7-Speed A/T,Black,Black,At least 1 accident or damage reported,Yes,54999,3.0,188.0,0,6,
BMW,X5 3.0i,2004,140000,Gasoline,225.0HP 3.0L Straight 6 Cylinder Engine Gasoline Fuel,Transmission w/Dual Shift Mode,Black,Beige,None reported,Yes,6730,3.0,225.0,0,,
Ford,Fusion SE,2018,75600,Gasoline,181.0HP 1.5L 4 Cylinder Engine Gasoline Fuel,A/T,Blue,Black,At least 1 accident or damage reported,Yes,14950,1.5,181.0,0,,
Lincoln,MKZ Base,2015,117292,Gasoline,240.0HP 2.0L 4 Cylinder Engine Gasoline Fuel,A/T,Beige,Beige,None reported,Yes,12000,2.0,240.0,0,,
Ford,GT,2005,1897,Gasoline,5.4 Liter SC DOHC,Manual,White,–,None reported,Unknown,429998,5.4,,0,,
Genesis,G90 5.0 Ultimate,2017,26000,Gasoline,420.0HP 5.0L 8 Cylinder Engine Gasoline Fuel,Transmission w/Dual Shift Mode,White,Beige,None reported,Yes,33600,5.0,420.0,0,,
Lexus,LC 500 Base,2022,2071,Gasoline,5.0L V8 32V PDI DOHC,Automatic,Nightfall Mica,Caramel,None reported,Unknown,99950,5.0,,0,8,32
Ford,Shelby GT500 Base,2014,15629,Gasoline,5.8L V8 32V MPFI DOHC Supercharged,6-Speed Manual,Black,Black,None reported,Unknown,61900,5.8,,0,8,32
Saturn,Sky Base,2008,15020,Gasoline,173.0HP 2.4L 4 Cylinder Engine Gasoline Fuel,A/T,Silver,Red,None reported,Yes,18500,2.4,173.0,0,,
Audi,RS Q8 4.0T quattro,2022,11322,Gasoline,4.0L V8 32V GDI DOHC Twin Turbo,8-Speed Automatic,Daytona Gray Pearl Effect,Black / Express Red,None reported,Unknown,119900,4.0,,1,8,32
Toyota,Land Cruiser,2016,50361,Gasoline,5.7 Liter,Automatic,Silver,Black,None reported,Unknown,65998,5.7,,0,,
Mercedes-Benz,SL-Class SL 550,2013,115000,Gasoline,429.0HP 4.6L 8 Cylinder Engine Gasoline Fuel,Transmission w/Dual Shift Mode,Black,Black,At least 1 accident or damage reported,Yes,36000,4.6,429.0,0,,
Porsche,911 Carrera C2S,2005,28500,Gasoline,355.0HP 3.8L Flat 6 Cylinder Engine Gasoline Fuel,6-Speed M/T,Silver,Black,None reported,Yes,63500,3.8,355.0,0,,
Mercedes-Benz,AMG GLA 45 Base 4MATIC,2018,51700,Gasoline,375.0HP 2.0L 4 Cylinder Engine Gasoline Fuel,Transmission w/Dual Shift Mode,White,Black,None reported,Yes,32000,2.0,375.0,0,,
Ford,Taurus X Limited,2008,148949,Gasoline,263.0HP 3.5L V6 Cylinder Engine Gasoline Fuel,A/T,Blue,Beige,None reported,Yes,3900,3.5,263.0,0,6,
BMW,440 Gran Coupe i,2018,39300,Gasoline,320.0HP 3.0L Straight 6 Cylinder Engine Gasoline Fuel,8-Speed A/T,White,Beige,At least 1 accident or damage reported,Yes,31750,3.0,320.0,0,,
Honda,S2000 CR,2008,82323,Gasoline,237.0HP 2.2L 4 Cylinder Engine Gasoline Fuel,6-Speed M/T,Black,Black,None reported,Yes,28500,2.2,237.0,0,,
Acura,Integra w/A-Spec Tech Package,2023,3574,Gasoline,1.5 Liter Turbo,Variable,Apex Blue,Orchid,None reported,Unknown,34998,1.5,,1,,
Ford,Excursion Limited,2001,109357,Gasoline,310.0HP 6.8L 10 Cylinder Engine Gasoline Fuel,A/T,Green,Beige,None reported,Yes,12749,6.8,310.0,0,,
Mercedes-Benz,SL-Class SL500 Roadster,2004,46000,Gasoline,302.0HP 5.0L 8 Cylinder Engine Gasoline Fuel,A/T,White,Gray,None reported,Yes,18853,5.0,302.0,0,,
Mercedes-Benz,CLS-Class CLS 550,2007,123112,Gasoline,382.0HP 5.5L 8 Cylinder Engine Gasoline Fuel,A/T,Silver,Black,At least 1 accident or damage reported,Yes,104999,5.5,382.0,0,,
INFINITI,G35 Sport,2007,37100,Gasoline,306.0HP 3.5L V6 Cylinder Engine Gasoline Fuel,6-Speed M/T,Gray,Black,None reported,Yes,16900,3.5,306.0,0,6,
Volkswagen,Golf GTI 2.0T S 4-Door,2016,89000,Gasoline,210.0HP 2.0L 4 Cylinder Engine Gasoline Fuel,6-Speed M/T,Silver,Black,None reported,Yes,14500,2.0,210.0,0,,
Dodge,Challenger R/T Scat Pack,2022,1240,Gasoline,6.4L V8 16V MPFI OHV,8-Speed Automatic,Go Mango!,Black,None reported,Unknown,53900,6.4,,0,8,16
Lincoln,Navigator L Reserve,2019,67073,Gasoline,450.0HP 3.5L V6 Cylinder Engine Gasoline Fuel,10-Speed A/T,Black,Black,At least 1 accident or damage reported,Yes,47999,3.5,450.0,0,6,
Maserati,Ghibli S Q4,2015,28700,Gasoline,404.0HP 3.0L V6 Cylinder Engine Gasoline Fuel,8-Speed A/T,White,Red,,Unknown,24900,3.0,404.0,0,6,
Tesla,Model X Base,2023,8200,,670.0HP Electric Motor Electric Fuel System,A/T,Black,Black,None reported,Yes,93999,,670.0,0,,
Mercedes-Benz,AMG G 63 Base,2018,41000,Gasoline,563.0HP 5.5L 8 Cylinder Engine Gasoline Fuel,Transmission w/Dual Shift Mode,Gray,Black,None reported,Yes,108900,5.5,563.0,0,,
Ford,Expedition Limited,2018,98995,Gasoline,3.5 Liter GTDI,Automatic,Ingot Silver Metallic,Ebony,None reported,Unknown,34998,3.5,,0,,
Volkswagen,Routan SE,2012,123815,Gasoline,283.0HP 3.6L V6 Cylinder Engine Gasoline Fuel,6-Speed A/T,Black,Gray,None reported,Yes,5000,3.6,283.0,0,6,
Bugatti,Veyron 16.4 Grand Sport,2011,6330,Gasoline,8.0L W16 64V GDI DOHC Twin Turbo,7-Speed Automatic with Auto-Shift,White,White,None reported,Yes,1950995,8.0,,1,,64
Toyota,Highlander XLE,2020,61341,Gasoline,3.5L V6 24V PDI DOHC,8-Speed Automatic,Midnight Black Metallic,Black,At least 1 accident or damage reported,Unknown,34084,3.5,,0,6,24
Honda,Civic LX,2016,96473,Gasoline,2.0L I4 16V MPFI DOHC,Automatic CVT,Black,Black,None reported,Unknown,15599,2.0,,0,,16
Jeep,Wrangler Unlimited Sahara,2017,66107,Gasoline,3.6L V6 24V MPFI DOHC,5-Speed Automatic,Black Clearcoat,Black,None reported,Unknown,31331,3.6,,0,6,24
Land,Rover Range Rover Supercharged,2008,114287,Gasoline,400.0HP 4.2L 8 Cylinder Engine Gasoline Fuel,6-Speed A/T,Black,Black,None reported,Yes,9900,4.2,400.0,0,,
Acura,ILX 2.0L w/Premium Package,2015,75000,Gasoline,150.0HP 2.0L 4 Cylinder Engine Gasoline Fuel,5-Speed A/T,Gold,Beige,None reported,Yes,14500,2.0,150.0,0,,
BMW,M6 Base,2016,45800,Gasoline,560.0HP 4.4L 8 Cylinder Engine Gasoline Fuel,7-Speed A/T,Gold,Black,,Unknown,36800,4.4,560.0,0,,
Polestar,2 Launch Edition,2021,12172,,Electric,1-Speed Automatic,Thunder Gray,Charcoal,None reported,Unknown,35999,,,0,,
BMW,X6 sDrive35i,2016,70582,Gasoline,300.0HP 3.0L Straight 6 Cylinder Engine Gasoline Fuel,8-Speed A/T,Black,White,At least 1 accident or damage reported,Yes,35000,3.0,300.0,0,,
Porsche,Cayman S,2014,33088,Gasoline,325.0HP 3.4L Flat 6 Cylinder Engine Gasoline Fuel,7-Speed A/T,Black,Black,None reported,Yes,49750,3.4,325.0,0,,
Lincoln,Corsair Grand Touring,2021,1850,Plug-In Hybrid,266.0HP 2.5L 4 Cylinder Engine Plug-In Electric/Gas,CVT Transmission,Silver,Beige,None reported,Yes,49000,2.5,266.0,0,,
Cadillac,DTS Luxury II,2008,94155,Gasoline,275.0HP 4.6L 8 Cylinder Engine Gasoline Fuel,4-Speed A/T,White,Beige,None reported,Yes,10500,4.6,275.0,0,,
Cadillac,ATS 3.6L Luxury,2016,25000,Gasoline,335.0HP 3.6L V6 Cylinder Engine Gasoline Fuel,8-Speed A/T,Red,Beige,None reported,Yes,17999,3.6,335.0,0,6,
GMC,Sierra 1500 SLT,2016,99500,Gasoline,355.0HP 5.3L 8 Cylinder Engine Gasoline Fuel,8-Speed A/T,Gray,Black,None reported,Yes,27995,5.3,355.0,0,,
INFINITI,G37 x,2009,158564,Gasoline,328.0HP 3.7L V6 Cylinder Engine Gasoline Fuel,A/T,Blue,Beige,None reported,Yes,8750,3.7,328.0,0,6,
Ford,Transit-350 XLT,2023,20000,Gasoline,310.0HP 3.5L V6 Cylinder Engine Gasoline Fuel,10-Speed A/T,Black,Black,None reported,Yes,78499,3.5,310.0,0,6,
Cadillac,XTS Luxury,2018,46711,Gasoline,304.0HP 3.6L V6 Cylinder Engine Gasoline Fuel,6-Speed A/T,Silver,Black,At least 1 accident or damage reported,Yes,20850,3.6,304.0,0,6,
Nissan,NV Passenger NV3500 HD SL V8,2017,46496,Gasoline,375.0HP 5.6L 8 Cylinder Engine Gasoline Fuel,A/T,Black,Gray,None reported,Yes,41000,5.6,375.0,0,,
Mercedes-Benz,GLS 450 Base 4MATIC,2019,19800,Gasoline,362.0HP 3.0L V6 Cylinder Engine Gasoline Fuel,9-Speed A/T,Silver,Black,None reported,Yes,53800,3.0,362.0,0,6,
Toyota,Land Cruiser Base,2008,175000,Gasoline,381.0HP 5.7L 8 Cylinder Engine Gasoline Fuel,6-Speed A/T,Black,Beige,At least 1 accident or damage reported,Yes,37900,5.7,381.0,0,,
Toyota,Land Cruiser Base,2016,61500,Gasoline,381.0HP 5.7L 8 Cylinder Engine Gasoline Fuel,8-Speed A/T,White,Black,None reported,Yes,63500,5.7,381.0,0,,
RAM,ProMaster 2500 Window Van High Roof,2016,49750,Gasoline,280.0HP 3.6L V6 Cylinder Engine Gasoline Fuel,6-Speed A/T,Black,Gray,None reported,Yes,65000,3.6,280.0,0,6,
Lamborghini,Gallardo Base,2007,38800,Gasoline,493.0HP 5.0L 10 Cylinder Engine Gasoline Fuel,Transmission w/Dual Shift Mode,Orange,Orange,None reported,Yes,100000,5.0,493.0,0,,
Lincoln,MKZ Base,2011,83765,Gasoline,263.0HP 3.5L V6 Cylinder Engine Gasoline Fuel,A/T,Black,Black,None reported,Yes,8995,3.5,263.0,0,6,
Mercedes-Benz,EQS 450 4MATIC,2023,7388,,355.0HP Electric Motor Electric Fuel System,1-Speed A/T,Gray,Beige,None reported,Yes,105500,,355.0,0,,
Lamborghini,Huracan Tecnica Coupe,2023,278,Gasoline,"5.2L V-10 gasoline direct injection, DOHC, variable valve contro",Automatic,Bianco Monocerus,Nero Ade,None reported,Unknown,359991,5.2,,0,,
Alfa,Romeo Giulia Quadrifoglio,2022,1966,Gasoline,2.9L V6 24V GDI DOHC Twin Turbo,8-Speed Automatic,Verde,Black,None reported,Unknown,75900,2.9,,1,6,24
Chevrolet,Trailblazer LT,2021,50648,Gasoline,1.2L I3 12V GDI DOHC Turbo,Automatic CVT,Pacific Blue Metallic,Jet Black,None reported,Unknown,23995,1.2,,1,,12
Toyota,Land Cruiser Base,1993,231500,–,–,A/T,White,Gray,None reported,Yes,29500,,,0,,
Lamborghini,Urus Base,2021,13692,Gasoline,641.0HP 4.0L 8 Cylinder Engine Gasoline Fuel,8-Speed A/T,Black,Red,None reported,Yes,257000,4.0,641.0,0,,
INFINITI,G37 x,2013,60058,Gasoline,328.0HP 3.7L V6 Cylinder Engine Gasoline Fuel,A/T,White,Beige,At least 1 accident or damage reported,Yes,15000,3.7,328.0,0,6,
Maserati,Levante S,2017,54423,Gasoline,424.0HP 3.0L V6 Cylinder Engine Gasoline Fuel,8-Speed A/T,Black,Black,None reported,Yes,33950,3.0,424.0,0,6,
Toyota,Highlander Limited,2022,24001,Gasoline,3.5L V6 24V PDI DOHC,8-Speed Automatic,Wind Chill Pearl,Graphite,None reported,Unknown,47498,3.5,,0,6,24
Nissan,Armada SL,2022,14735,Gasoline,5.6 Liter,Automatic,White,Black,None reported,Unknown,50998,5.6,,0,,
Audi,Q5 Premium,2023,2425,Hybrid,2.0 Liter TFSI,Automatic,Mythos Black,–,None reported,Unknown,42998,2.0,,0,,
Ford,Shelby GT500 Base,2022,2050,Gasoline,760.0HP 5.2L 8 Cylinder Engine Gasoline Fuel,Transmission w/Dual Shift Mode,Gray,Black,None reported,Yes,94999,5.2,760.0,0,,
Lincoln,Navigator L Reserve,2019,64855,Gasoline,450.0HP 3.5L V6 Cylinder Engine Gasoline Fuel,10-Speed A/T,Silver,Beige,None reported,Yes,46995,3.5,450.0,0,6,
Mercedes-Benz,EQS 450+ Base,2022,16238,,329.0HP Electric Motor Electric Fuel System,1-Speed A/T,White,Beige,None reported,Yes,62479,,329.0,0,,
RAM,1500 Laramie,2022,18051,Gasoline,5.7L V8 16V MPFI OHV,Automatic,Patriot Blue Pearlcoat,Black,None reported,Yes,47995,5.7,,0,8,16
Lincoln,Town Car Base,2004,36524,Gasoline,239.0HP 4.6L 8 Cylinder Engine Gasoline Fuel,4-Speed A/T,Black,Black,None reported,Yes,14900,4.6,239.0,0,,
Acura,TLX w/A-Spec Package,2022,14896,Gasoline,2.0 Liter DOHC Turbo,2,Lunar Silver Metallic,Ebony,None reported,Unknown,39998,2.0,,1,,
Toyota,Camry Hybrid LE,2022,14048,Hybrid,2.5L I4 16V PDI DOHC Hybrid,Automatic CVT,Black,Black,None reported,Unknown,29999,2.5,,0,,16
Honda,CR-V EX,2003,224000,Gasoline,160.0HP 2.4L 4 Cylinder Engine Gasoline Fuel,M/T,Black,Gray,None reported,Yes,3900,2.4,160.0,0,,
Mercedes-Benz,E-Class E 550,2014,80581,Gasoline,402.0HP 4.7L 8 Cylinder Engine Gasoline Fuel,Transmission w/Dual Shift Mode,Gray,Beige,None reported,Yes,26000,4.7,402.0,0,,
Mazda,MX-5 Miata Grand Touring,2007,81400,Gasoline,166.0HP 2.0L 4 Cylinder Engine Gasoline Fuel,6-Speed M/T,Red,–,At least 1 accident or damage reported,Yes,11000,2.0,166.0,0,,
Porsche,718 Boxster Base,2019,6700,Gasoline,300.0HP 2.0L 4 Cylinder Engine Gasoline Fuel,7-Speed A/T,Gray,Black,None reported,Yes,63000,2.0,300.0,0,,
Ford,Transit-350 XLT,2015,143000,Gasoline,275.0HP 3.7L V6 Cylinder Engine Gasoline Fuel,6-Speed A/T,Silver,Gray,None reported,Yes,22500,3.7,275.0,0,6,
Kia,Sportage SX Turbo,2017,87842,Gasoline,2.0L I4 16V GDI DOHC Turbo,6-Speed Automatic,Black Cherry,Black,None reported,Yes,18688,2.0,,1,,16
INFINITI,G37 S Sport,2010,116451,Gasoline,328.0HP 3.7L V6 Cylinder Engine Gasoline Fuel,6-Speed M/T,White,Gray,None reported,Yes,16500,3.7,328.0,0,6,
Nissan,Titan XD S,2019,53677,Gasoline,390.0HP 5.6L 8 Cylinder Engine Gasoline Fuel,7-Speed A/T,Red,Gray,None reported,Yes,27900,5.6,390.0,0,,
Audi,S7 2.9T Prestige,2021,12000,Hybrid,444.0HP 2.9L V6 Cylinder Engine Gasoline/Mild Electric Hybrid,8-Speed A/T,Gray,Black,None reported,Yes,77500,2.9,444.0,0,6,
Land,Rover Discovery HSE,2019,20034,Gasoline,3.0 Liter,Automatic,Yulong White,Tan/Ebony,None reported,Unknown,43998,3.0,,0,,
Ford,Transit-350 XLT,2020,32000,Diesel,210.0HP 2.0L 4 Cylinder Engine Diesel Fuel,A/T,Black,Black,None reported,Yes,68000,2.0,210.0,0,,
INFINITI,Q70 3.7,2014,70312,Gasoline,330.0HP 3.7L V6 Cylinder Engine Gasoline Fuel,7-Speed A/T,Black,Black,None reported,Yes,19995,3.7,330.0,0,6,
Jeep,Gladiator Rubicon,2022,8794,Gasoline,285.0HP 3.6L V6 Cylinder Engine Gasoline Fuel,A/T,White,Black,None reported,Yes,54000,3.6,285.0,0,6,
Lincoln,MKX Base,2010,156000,Gasoline,265.0HP 3.5L V6 Cylinder Engine Gasoline Fuel,6-Speed A/T,Black,Black,At least 1 accident or damage reported,Yes,5900,3.5,265.0,0,6,
Porsche,911 Carrera 4S,2020,25568,Gasoline,3.0L H6 24V GDI DOHC Twin Turbo,7-Speed Manual,Red,Black,None reported,Yes,134999,3.0,,1,,24
Mercedes-Benz,AMG C 43 Base 4MATIC,2018,67100,Gasoline,362.0HP 3.0L V6 Cylinder Engine Gasoline Fuel,Transmission w/Dual Shift Mode,Gray,Black,At least 1 accident or damage reported,Yes,34250,3.0,362.0,0,6,
Porsche,Cayman Base,2014,52000,Gasoline,275.0HP 2.7L Flat 6 Cylinder Engine Gasoline Fuel,Transmission w/Dual Shift Mode,Blue,Beige,At least 1 accident or damage reported,Yes,37000,2.7,275.0,0,,
Acura,MDX 3.7L Advance,2011,137200,Gasoline,300.0HP 3.7L V6 Cylinder Engine Gasoline Fuel,Transmission w/Dual Shift Mode,White,Gray,None reported,Yes,12000,3.7,300.0,0,6,
Volkswagen,Golf R 4-Door w/DCC & Navigation,2018,36000,Gasoline,292.0HP 2.0L 4 Cylinder Engine Gasoline Fuel,7-Speed A/T,White,Black,At least 1 accident or damage reported,Yes,32000,2.0,292.0,0,,
Kia,Forte GT-Line,2023,15500,Gasoline,147.0HP 2.0L 4 Cylinder Engine Gasoline Fuel,CVT Transmission,White,Black,At least 1 accident or damage reported,Yes,24500,2.0,147.0,0,,
BMW,M8 Competition,2020,10906,Gasoline,4.4 Liter Twin Turbo,Automatic,Donington Grey Metallic,Black,None reported,Unknown,96998,4.4,,1,,
Lincoln,MKC Select,2019,49814,Gasoline,2.0L I4 16V GDI DOHC Turbo,6-Speed Automatic,Ruby Red Metallic Tinted Clearcoat,Cappuccino,None reported,Unknown,26545,2.0,,1,,16
BMW,i8 Base,2015,846,Plug-In Hybrid,357.0HP 1.5L 3 Cylinder Engine Plug-In Electric/Gas,A/T,White,White,None reported,Yes,86999,1.5,357.0,0,,
Toyota,Highlander XLE,2021,67039,Gasoline,3.5L V6 24V PDI DOHC,8-Speed Automatic,Blue,Black,None reported,Unknown,34645,3.5,,0,6,24
Mazda,CX-30 Premium Package,2023,2636,Gasoline,2.5L I4 16V,6-Speed Automatic,Platinum Quartz Metallic,Black,None reported,Unknown,28535,2.5,,0,,16
Porsche,Cayenne Platinum Edition,2018,50166,Gasoline,3.6L V6 24V GDI DOHC,8-Speed Automatic,White,Black,At least 1 accident or damage reported,Yes,43550,3.6,,0,6,24
Lincoln,MKZ Reserve,2017,37375,Gasoline,400.0HP 3.0L V6 Cylinder Engine Gasoline Fuel,6-Speed A/T,Blue,Brown,None reported,Yes,27500,3.0,400.0,0,6,
Tesla,Model 3 Standard Range Plus,2021,21600,,271.0HP Electric Motor Electric Fuel System,A/T,White,Black,None reported,Yes,31000,,271.0,0,,
Porsche,718 Cayman S,2019,9500,Gasoline,350.0HP 2.5L 4 Cylinder Engine Gasoline Fuel,7-Speed A/T,Red,Black,At least 1 accident or damage reported,Yes,69000,2.5,350.0,0,,
Chevrolet,Corvette Base,2005,143095,Gasoline,400.0HP 6.0L 8 Cylinder Engine Gasoline Fuel,4-Speed A/T,Red,Black,None reported,Yes,16000,6.0,400.0,0,,
Acura,RSX Type S,2002,80000,Gasoline,200.0HP 2.0L 4 Cylinder Engine Gasoline Fuel,6-Speed M/T,Beige,Beige,At least 1 accident or damage reported,Yes,8500,2.0,200.0,0,,
Ferrari,Roma Base,2021,3000,Gasoline,611.0HP 3.9L 8 Cylinder Engine Gasoline Fuel,8-Speed A/T,Blue,Brown,None reported,Yes,275000,3.9,611.0,0,,
Porsche,Cayman S,2007,5856,Gasoline,295.0HP 3.4L Flat 6 Cylinder Engine Gasoline Fuel,6-Speed M/T,Black,Black,None reported,Yes,45000,3.4,295.0,0,,
Rolls-Royce,Phantom Drophead Coupe Drophead,2013,2958,Gasoline,6.8L V12 48V GDI DOHC,8-Speed Automatic,Yellow,–,None reported,Yes,488880,6.8,,0,12,48
Audi,SQ7 4.0T,2022,28927,Gasoline,4.0L V8 32V GDI DOHC Twin Turbo,Automatic,Matador Red Metallic,Black,None reported,Unknown,74900,4.0,,1,8,32
Mercedes-Benz,AMG GLS 63 4MATIC,2022,4102,Hybrid,603.0HP 4.0L 8 Cylinder Engine Gasoline/Mild Electric Hybrid,9-Speed A/T,Black,Black,None reported,Yes,144664,4.0,603.0,0,,
Honda,Ridgeline RTL-E,2021,14442,Gasoline,280.0HP 3.5L V6 Cylinder Engine Gasoline Fuel,9-Speed A/T,White,Beige,None reported,Yes,38500,3.5,280.0,0,6,
Mercedes-Benz,CLK-Class 500 Cabriolet,2005,64000,Gasoline,302.0HP 5.0L 8 Cylinder Engine Gasoline Fuel,7-Speed A/T,Silver,Black,None reported,Yes,12995,5.0,302.0,0,,
Lexus,GX 470 Base,2004,154000,Gasoline,235.0HP 4.7L 8 Cylinder Engine Gasoline Fuel,A/T,White,Beige,At least 1 accident or damage reported,Yes,10000,4.7,235.0,0,,
Lexus,NX 200t Base,2015,54000,Gasoline,235.0HP 2.0L 4 Cylinder Engine Gasoline Fuel,6-Speed A/T,White,Black,None reported,Yes,27000,2.0,235.0,0,,
Dodge,Dakota SLT Quad Cab,2007,232492,Gasoline,210.0HP 3.7L V6 Cylinder Engine Gasoline Fuel,4-Speed A/T,Silver,Gray,At least 1 accident or damage reported,Yes,6000,3.7,210.0,0,6,
Maserati,Ghibli S Q4 GranSport,2020,25721,Gasoline,3.0L V6 24V GDI DOHC Twin Turbo,8-Speed Automatic,Blu,Nero,None reported,Yes,52645,3.0,,1,6,24
Land,Rover Discovery Sport SE R-Dynamic,2020,20927,Gasoline,2.0 Liter,Automatic,Fuji White,–,None reported,Unknown,35998,2.0,,0,,
Aston,Martin DBX Base,2021,2353,Gasoline,4.0L V8 32V GDI DOHC Twin Turbo,9-Speed Automatic,Green,Sahara Tan,None reported,Yes,159500,4.0,,1,8,32
Audi,Q3 45 S line Premium,2022,9325,Gasoline,2.0L I4 16V GDI DOHC Turbo,8-Speed Automatic,Mythos Black Metallic,Black,None reported,Unknown,33610,2.0,,1,,16
Ford,Explorer XLT,2020,61001,Gasoline,2.3L I4 16V GDI DOHC Turbo,10-Speed Automatic,Gray,Ebony,At least 1 accident or damage reported,Yes,28616,2.3,,1,,16
Mercedes-Benz,AMG GLC 63 Base 4MATIC,2018,71962,Gasoline,469.0HP 4.0L 8 Cylinder Engine Gasoline Fuel,9-Speed A/T,White,Black,None reported,Yes,46900,4.0,469.0,0,,
Subaru,BRZ Premium,2023,5800,Gasoline,228.0HP 2.4L 4 Cylinder Engine Gasoline Fuel,6-Speed M/T,Black,Black,None reported,Yes,29990,2.4,228.0,0,,
BMW,640 i,2016,40080,Gasoline,315.0HP 3.0L Straight 6 Cylinder Engine Gasoline Fuel,8-Speed A/T,Black,Black,None reported,Yes,28499,3.0,315.0,0,,
Kia,Stinger GT2,2020,57000,Gasoline,365.0HP 3.3L V6 Cylinder Engine Gasoline Fuel,A/T,Black,Red,At least 1 accident or damage reported,Yes,36500,3.3,365.0,0,6,
Chevrolet,Bolt EUV Premier,2022,7624,,Electric,1-Speed Automatic,Mosaic Black Metallic,Jet Black,None reported,Yes,31985,,,0,,
Subaru,Forester 2.5 XT,2004,122000,Gasoline,210.0HP 2.5L 4 Cylinder Engine Gasoline Fuel,5-Speed M/T,Gold,Black,At least 1 accident or damage reported,Yes,9999,2.5,210.0,0,,
Kia,Sportage X-Pro,2023,459,Gasoline,2.5L I4 16V PDI DOHC,8-Speed Automatic,Jungle Green,Black,None reported,Unknown,36998,2.5,,0,,16
BMW,M4 Base,2016,62500,Gasoline,425.0HP 3.0L Straight 6 Cylinder Engine Gasoline Fuel,7-Speed A/T,Black,Orange,At least 1 accident or damage reported,Yes,40500,3.0,425.0,0,,
Hyundai,Equus Signature,2013,72000,Gasoline,429.0HP 5.0L 8 Cylinder Engine Gasoline Fuel,8-Speed A/T,Silver,Black,None reported,Yes,17500,5.0,429.0,0,,
Mercedes-Benz,AMG E 53 4MATIC,2020,8375,Gasoline,"AMG 3L I-6 gasoline direct injection, DOHC, variable valve contr","Automatic, 9-Spd 9G-Tronic",BLACK,BLACK,None reported,Unknown,69900,3.0,,0,,
BMW,M550 i xDrive,2020,40000,Gasoline,523.0HP 4.4L 8 Cylinder Engine Gasoline Fuel,Transmission w/Dual Shift Mode,Blue,Black,None reported,Yes,53000,4.4,523.0,0,,
Subaru,Impreza WRX STI,2014,77000,Gasoline,305.0HP 2.5L 4 Cylinder Engine Gasoline Fuel,6-Speed M/T,Gray,Black,At least 1 accident or damage reported,Yes,30000,2.5,305.0,0,,
Mercedes-Benz,AMG G 63 Base,2019,19593,Gasoline,4.0 Liter Twin Turbo,Automatic,Black,Black,None reported,Unknown,159998,4.0,,1,,
Mazda,Mazda6 Grand Touring,2020,35902,Gasoline,2.5L I4 16V GDI DOHC Turbo,6-Speed Automatic,Deep Crystal Blue Mica,Black,None reported,Unknown,22966,2.5,,1,,16
Hyundai,Veloster Base,2013,800,Gasoline,132.0HP 1.6L 4 Cylinder Engine Gasoline Fuel,Transmission w/Dual Shift Mode,Black,Gray,None reported,Yes,9800,1.6,132.0,0,,
Bentley,Bentayga S,2023,2600,Gasoline,4.0L V8 32V GDI DOHC Twin Turbo,8-Speed Automatic,Beluga Black,Hotspur,None reported,Yes,239995,4.0,,1,8,32
Land,Rover Defender X-Dynamic SE,2023,6204,Hybrid,3.0 Liter,Automatic,Eiger Grey,–,None reported,Unknown,79998,3.0,,0,,
Kia,Telluride SX,2020,69185,Gasoline,3.8L V6 24V GDI DOHC,8-Speed Automatic,Ebony Black,Gray,None reported,Unknown,37405,3.8,,0,6,24
Maserati,GranTurismo Sport,2015,45000,Gasoline,454.0HP 4.7L 8 Cylinder Engine Gasoline Fuel,6-Speed A/T,Black,Black,None reported,Yes,41900,4.7,454.0,0,,
BMW,540 i xDrive,2020,37426,Gasoline,2.0 Liter Turbo,Automatic,White,Black,None reported,Unknown,39998,2.0,,1,,
INFINITI,M56 Base,2011,137000,Gasoline,420.0HP 5.6L 8 Cylinder Engine Gasoline Fuel,Transmission w/Dual Shift Mode,Gray,Brown,At least 1 accident or damage reported,Yes,8500,5.6,420.0,0,,
Mazda,Mazda3 s Grand Touring,2016,85000,–,–,A/T,Black,Black,At least 1 accident or damage reported,Yes,18500,,,0,,
Chevrolet,Corvette Stingray w/1LT,2023,4000,Gasoline,490.0HP 6.2L 8 Cylinder Engine Gasoline Fuel,8-Speed A/T,Black,Red,At least 1 accident or damage reported,Yes,73900,6.2,490.0,0,,
Audi,Q5 S line Premium Plus,2023,4648,Hybrid,2.0 Liter TFSI,Automatic,Mythos Black,Black,None reported,Unknown,47598,2.0,,0,,
Lexus,GX 460 Base,2018,52100,Gasoline,301.0HP 4.6L 8 Cylinder Engine Gasoline Fuel,6-Speed A/T,White,Beige,None reported,Yes,38000,4.6,301.0,0,,
BMW,X1 sDrive28i,2014,50100,Gasoline,240.0HP 2.0L 4 Cylinder Engine Gasoline Fuel,A/T,Brown,Beige,None reported,Yes,10795,2.0,240.0,0,,
Alfa,Romeo Stelvio Ti,2020,41000,Gasoline,280.0HP 2.0L 4 Cylinder Engine Gasoline Fuel,8-Speed A/T,White,Black,None reported,Yes,32400,2.0,280.0,0,,
RAM,1500 Big Horn,2021,70968,Gasoline,395.0HP 5.7L 8 Cylinder Engine Gasoline Fuel,8-Speed A/T,Black,Black,None reported,Yes,34000,5.7,395.0,0,,
BMW,M4 Base,2015,26600,Gasoline,425.0HP 3.0L Straight 6 Cylinder Engine Gasoline Fuel,A/T,White,–,None reported,Yes,53000,3.0,425.0,0,,
Tesla,Model X Long Range,2022,15443,,670.0HP Electric Motor Electric Fuel System,1-Speed A/T,Red,Black,None reported,Yes,84500,,670.0,0,,
Volvo,S90 T5 Momentum,2018,95000,Gasoline,250.0HP 2.0L 4 Cylinder Engine Gasoline Fuel,8-Speed A/T,White,Beige,None reported,Yes,18000,2.0,250.0,0,,
Subaru,Impreza WRX Sti,2005,94000,Gasoline,300.0HP 2.5L 4 Cylinder Engine Gasoline Fuel,6-Speed M/T,Black,Blue,None reported,Yes,19500,2.5,300.0,0,,
BMW,X6 xDrive40i,2020,45076,Gasoline,3.0 Liter Turbo,Automatic,Blue,Black,None reported,Unknown,57998,3.0,,1,,
Cadillac,CTS 2.0L Turbo Luxury,2014,110000,Gasoline,272.0HP 2.0L 4 Cylinder Engine Gasoline Fuel,A/T,Gold,Beige,None reported,Yes,11000,2.0,272.0,0,,
Land,Rover Discovery Sport HSE,2016,49083,Gasoline,2.0L I4 16V GDI DOHC Turbo,9-Speed Automatic,Indus Silver,Ebony,None reported,Unknown,21590,2.0,,1,,16
Genesis,G90 5.0 Ultimate,2017,63500,Gasoline,420.0HP 5.0L 8 Cylinder Engine Gasoline Fuel,Transmission w/Dual Shift Mode,Silver,Black,None reported,Yes,27500,5.0,420.0,0,,
Mercedes-Benz,CLK-Class CLK 350,2009,21500,Gasoline,268.0HP 3.5L V6 Cylinder Engine Gasoline Fuel,A/T,Black,Black,At least 1 accident or damage reported,Yes,18000,3.5,268.0,0,6,
Land,Rover Range Rover Autobiography,2023,324,Gasoline,4.4 Liter,Automatic,Black,Blk,None reported,Unknown,199998,4.4,,0,,
Kia,Optima EX,2019,68166,Gasoline,"1.6L I-4 gasoline direct injection, DOHC, variable valve control",Automatic,Ebony Black,Black,None reported,Unknown,20818,1.6,,0,,
Toyota,Highlander SE,2018,53607,Gasoline,3.5L V6 24V PDI DOHC,8-Speed Automatic,Midnight Black Metallic,Black,At least 1 accident or damage reported,Unknown,31853,3.5,,0,6,24
Mercedes-Benz,Sprinter 4500 High Roof,2019,16813,Diesel,188.0HP 3.0L V6 Cylinder Engine Diesel Fuel,Transmission w/Dual Shift Mode,Gray,Black,,Unknown,45900,3.0,188.0,0,6,
BMW,X1 xDrive28i,2020,18200,Gasoline,228.0HP 2.0L 4 Cylinder Engine Gasoline Fuel,A/T,White,Beige,At least 1 accident or damage reported,Yes,29500,2.0,228.0,0,,
Audi,R8 5.2,2015,51000,Gasoline,550.0HP 5.2L 10 Cylinder Engine Gasoline Fuel,Transmission w/Dual Shift Mode,White,Black,At least 1 accident or damage reported,Yes,102000,5.2,550.0,0,,
Audi,S3 2.0T Tech Premium Plus,2018,16400,Gasoline,292.0HP 2.0L 4 Cylinder Engine Gasoline Fuel,A/T,Blue,Red,None reported,Yes,42800,2.0,292.0,0,,
Toyota,Tundra Hybrid TRD Pro,2022,7000,Hybrid,437.0HP 3.4L V6 Cylinder Engine Gas/Electric Hybrid,10-Speed A/T,Orange,–,None reported,Yes,75500,3.4,437.0,0,6,
Audi,SQ5 3.0T Premium Plus,2022,8497,Gasoline,3.0L V6 24V GDI DOHC Turbo,Automatic,Ibis White,Black,None reported,Unknown,52900,3.0,,1,6,24
Audi,A6 2.0T Premium Plus,2016,68000,Gasoline,252.0HP 2.0L 4 Cylinder Engine Gasoline Fuel,Transmission w/Dual Shift Mode,White,Black,At least 1 accident or damage reported,Yes,20000,2.0,252.0,0,,
Lamborghini,Huracan EVO Base,2022,2523,Gasoline,5.2L V10 40V GDI DOHC,7-Speed Manual,Bianco Icarus Metallic,Nero Ade,None reported,Unknown,288900,5.2,,0,10,40
BMW,328 xi,2007,83000,Gasoline,230.0HP 3.0L Straight 6 Cylinder Engine Gasoline Fuel,6-Speed A/T,Black,Brown,None reported,Yes,8995,3.0,230.0,0,,
Audi,SQ5 3.0T Prestige,2018,25000,Gasoline,354.0HP 3.0L V6 Cylinder Engine Gasoline Fuel,8-Speed A/T,Gray,Black,None reported,Yes,50000,3.0,354.0,0,6,
Cadillac,Escalade Sport Platinum,2021,15689,Diesel,3.0L I6 24V DDI DOHC Turbo Diesel,10-Speed Automatic,Infrared Tintcoat,Jet Black,None reported,Unknown,97952,3.0,,1,,24
BMW,M235 i,2014,125450,Gasoline,320.0HP 3.0L Straight 6 Cylinder Engine Gasoline Fuel,6-Speed M/T,Blue,Black,None reported,Yes,17200,3.0,320.0,0,,
Kia,Telluride SX,2023,9822,Gasoline,3.8L V6 24V GDI DOHC,8-Speed Automatic,Midnight Black,Gray,None reported,Unknown,50998,3.8,,0,6,24
Chevrolet,Express 3500 Base,2008,144000,Gasoline,323.0HP 6.0L 8 Cylinder Engine Gasoline Fuel,A/T,White,Gray,None reported,Yes,22000,6.0,323.0,0,,
GMC,Acadia SLE,2020,30900,Gasoline,2.5L I4 16V GDI DOHC,9-Speed Automatic,Summit White,Jet Black,None reported,Yes,27654,2.5,,0,,16
BMW,X3 xDrive30i,2021,2492,Gasoline,2.0 Liter Turbo,Automatic,Phytonic Blue Metallic,Canberra Beige/Black,None reported,Unknown,41598,2.0,,1,,
Audi,TT 2.0T,2015,126760,Gasoline,211.0HP 2.0L 4 Cylinder Engine Gasoline Fuel,A/T,Black,Black,At least 1 accident or damage reported,Yes,14000,2.0,211.0,0,,
Subaru,Outback 3.6R Touring,2017,100680,Gasoline,256.0HP 3.6L Flat 6 Cylinder Engine Gasoline Fuel,A/T,Brown,–,None reported,Yes,20500,3.6,256.0,0,,
Mitsubishi,Eclipse Spyder GS,2001,90400,Gasoline,140.0HP 2.4L 4 Cylinder Engine Gasoline Fuel,A/T,Red,–,None reported,Yes,4495,2.4,140.0,0,,
Hyundai,Santa Fe SEL,2022,26895,Gasoline,2.5L I4 16V PDI DOHC,8-Speed Automatic,Quartz White,Black,,Unknown,29800,2.5,,0,,16
BMW,M5 Base,2018,20500,Gasoline,600.0HP 4.4L 8 Cylinder Engine Gasoline Fuel,8-Speed A/T,Silver,Black,None reported,Yes,67000,4.4,600.0,0,,
Dodge,Ram 1500 ST,2011,134000,Gasoline,390.0HP 5.7L 8 Cylinder Engine Gasoline Fuel,A/T,Black,Gray,At least 1 accident or damage reported,Yes,10500,5.7,390.0,0,,
Ford,Fusion Energi Titanium,2015,84352,Plug-In Hybrid,188.0HP 2.0L 4 Cylinder Engine Plug-In Electric/Gas,CVT Transmission,Blue,Black,At least 1 accident or damage reported,Yes,10000,2.0,188.0,0,,
Toyota,Tundra Hybrid TRD Pro,2022,19000,Hybrid,437.0HP 3.4L V6 Cylinder Engine Gas/Electric Hybrid,10-Speed A/T,Orange,Black,None reported,Yes,71000,3.4,437.0,0,6,
Land,Rover Range Rover Evoque Pure,2015,115550,Gasoline,240.0HP 2.0L 4 Cylinder Engine Gasoline Fuel,9-Speed A/T,White,Black,None reported,Yes,17500,2.0,240.0,0,,
Lincoln,Navigator Base,2009,191775,E85 Flex Fuel,310.0HP 5.4L 8 Cylinder Engine Flex Fuel Capability,6-Speed A/T,White,Beige,At least 1 accident or damage reported,Yes,9750,5.4,310.0,0,,
Ford,Mustang Mach-E Select,2023,923,,Standard Range Battery,Automatic,Rapid Red Metallic Tinted Clearcoat,Black Onyx,None reported,Unknown,46998,,,0,,
Mercedes-Benz,Sprinter 3500 High Roof,2017,124630,Diesel,188.0HP 3.0L V6 Cylinder Engine Diesel Fuel,5-Speed A/T,Black,Black,None reported,Yes,75000,3.0,188.0,0,6,
Mercedes-Benz,AMG E 63 S 4MATIC,2019,17000,Gasoline,603.0HP 4.0L 8 Cylinder Engine Gasoline Fuel,9-Speed A/T,White,Brown,None reported,Yes,95000,4.0,603.0,0,,
BMW,440 i xDrive,2018,73500,Gasoline,320.0HP 3.0L Straight 6 Cylinder Engine Gasoline Fuel,A/T,Black,Blue,None reported,Yes,32000,3.0,320.0,0,,
Acura,Integra LS,1998,120000,Gasoline,140.0HP 1.8L 4 Cylinder Engine Gasoline Fuel,4-Speed A/T,Red,–,At least 1 accident or damage reported,Yes,5500,1.8,140.0,0,,
Audi,Q7 55 Prestige,2019,73837,Gasoline,3.0L V6 24V GDI DOHC Supercharged,8-Speed Automatic,Cobra Beige Metallic,Nougat Brown,None reported,Yes,36340,3.0,,0,6,24
BMW,M6 Base,2014,29500,Gasoline,560.0HP 4.4L 8 Cylinder Engine Gasoline Fuel,Transmission w/Dual Shift Mode,Silver,Black,None reported,Yes,40999,4.4,560.0,0,,
Volkswagen,Arteon 2.0T SE,2021,13613,Gasoline,2.0 Liter TSI,Automatic,Pure White,Titan Black,None reported,Unknown,29798,2.0,,0,,
Lexus,LX 600 F SPORT,2023,1185,Gasoline,409.0HP 3.4L V6 Cylinder Engine Gasoline Fuel,10-Speed A/T,Black,Black,None reported,Yes,120990,3.4,409.0,0,6,
INFINITI,Q40 Base,2015,143250,Gasoline,328.0HP 3.7L V6 Cylinder Engine Gasoline Fuel,Transmission w/Dual Shift Mode,Silver,Black,None reported,Yes,11500,3.7,328.0,0,6,
BMW,Z4 3.0i Roadster,2006,46508,Gasoline,215.0HP 3.0L Straight 6 Cylinder Engine Gasoline Fuel,Transmission w/Dual Shift Mode,Green,Beige,At least 1 accident or damage reported,Yes,11500,3.0,215.0,0,,
BMW,M6 Base,2015,18651,Gasoline,560.0HP 4.4L 8 Cylinder Engine Gasoline Fuel,Transmission w/Dual Shift Mode,Red,Black,None reported,Yes,59549,4.4,560.0,0,,
BMW,X3 M40i,2019,36438,Gasoline,3.0 Liter Turbo,Automatic,Alpine White,Oyster W/Contrast,None reported,Unknown,39998,3.0,,1,,
Kia,Sorento LX,2014,46628,Gasoline,2.4L I4 16V GDI DOHC,6-Speed Automatic,Snow White Pearl,Beige,None reported,Unknown,15363,2.4,,0,,16
Rivian,R1S Adventure Package,2023,5700,,835.0HP Electric Motor Electric Fuel System,1-Speed A/T,Gray,White,None reported,Yes,95000,,835.0,0,,
BMW,Z4 sDrive28i,2015,57550,Gasoline,240.0HP 2.0L 4 Cylinder Engine Gasoline Fuel,6-Speed M/T,Black,White,None reported,Yes,29995,2.0,240.0,0,,
Cadillac,CTS-V Base,2017,48600,Gasoline,640.0HP 6.2L 8 Cylinder Engine Gasoline Fuel,Transmission w/Dual Shift Mode,Black,Black,None reported,Yes,60999,6.2,640.0,0,,
Ford,Transit Connect XL,2020,119000,Gasoline,169.0HP 2.5L 4 Cylinder Engine Gasoline Fuel,A/T,White,Black,None reported,Yes,18000,2.5,169.0,0,,
Land,Rover Range Rover Velar SVAutobiography Dynamic Edition,2020,36500,Gasoline,550.0HP 5.0L 8 Cylinder Engine Gasoline Fuel,Transmission w/Dual Shift Mode,White,Red,None reported,Yes,72000,5.0,550.0,0,,
Lexus,IS 250 Base,2010,121250,Gasoline,204.0HP 2.5L V6 Cylinder Engine Gasoline Fuel,6-Speed A/T,Black,White,At least 1 accident or damage reported,Yes,13250,2.5,204.0,0,6,
BMW,X7 xDrive40i,2023,2437,Hybrid,375.0HP 3.0L Straight 6 Cylinder Engine Gasoline/Mild Electric Hybrid,Transmission w/Dual Shift Mode,Gray,Black,None reported,Yes,78350,3.0,375.0,0,,
Volvo,XC90 T6 Momentum,2018,110380,Gasoline,316.0HP 2.0L 4 Cylinder Engine Gasoline Fuel,A/T,Gray,Beige,At least 1 accident or damage reported,Yes,22000,2.0,316.0,0,,
Hyundai,Tucson Limited,2008,149000,Gasoline,173.0HP 2.7L V6 Cylinder Engine Gasoline Fuel,4-Speed A/T,Black,Gray,None reported,Yes,3850,2.7,173.0,0,6,
Dodge,Durango GT,2021,14684,Gasoline,3.6L V6 24V MPFI DOHC,8-Speed Automatic,DB Black Clearcoat,Black,None reported,Unknown,37995,3.6,,0,6,24
Mercedes-Benz,AMG C 43 Base 4MATIC,2017,39000,Gasoline,362.0HP 3.0L V6 Cylinder Engine Gasoline Fuel,9-Speed A/T,White,Black,At least 1 accident or damage reported,Yes,39000,3.0,362.0,0,6,
GMC,Yukon XL SLT,2019,65212,Gasoline,5.3L V8 16V GDI OHV,Automatic,Summit White,Jet Black,None reported,Yes,42995,5.3,,0,8,16
Audi,RS Q8 4.0T,2020,41856,Gasoline,591.0HP 4.0L 8 Cylinder Engine Gasoline Fuel,Transmission w/Dual Shift Mode,Gray,Black,None reported,Yes,91500,4.0,591.0,0,,
Rivian,R1S Adventure Package,2023,655,,835.0HP Electric Motor Electric Fuel System,1-Speed A/T,Red,Silver,None reported,Yes,94500,,835.0,0,,
Toyota,RAV4 Hybrid XLE,2019,54000,Hybrid,219.0HP 2.5L 4 Cylinder Engine Gas/Electric Hybrid,CVT Transmission,Gray,Gray,None reported,Yes,33000,2.5,219.0,0,,
Alfa,Romeo Stelvio Quadrifoglio,2019,26500,Gasoline,505.0HP 2.9L V6 Cylinder Engine Gasoline Fuel,8-Speed A/T,Gray,Black,None reported,Yes,53900,2.9,505.0,0,6,
Land,Rover Range Rover Evoque SE,2020,38356,Gasoline,2.0 Liter,Automatic,Firenze Red Metallic,Ebony,None reported,Unknown,36598,2.0,,0,,
Alfa,Romeo Stelvio Ti Sport,2020,21487,Gasoline,2.0L I4 16V GDI SOHC Turbo,8-Speed Automatic,Anodized Blue Metallic,Ice,None reported,Yes,35345,2.0,,1,,16
Cadillac,Escalade EXT Base,2007,99000,Gasoline,403.0HP 6.2L 8 Cylinder Engine Gasoline Fuel,6-Speed A/T,Black,Black,None reported,Yes,22999,6.2,403.0,0,,
Ford,F-250 Lariat,2019,35597,E85 Flex Fuel,6.2L V8 16V MPFI SOHC Flexible Fuel,6-Speed Automatic,Black,Black,None reported,Unknown,47756,6.2,,0,8,16
Nissan,350Z Enthusiast,2005,130307,Gasoline,287.0HP 3.5L V6 Cylinder Engine Gasoline Fuel,5-Speed A/T,Blue,Black,None reported,Yes,9950,3.5,287.0,0,6,
Subaru,Legacy 2.5 i Premium,2010,178000,Gasoline,170.0HP 2.5L 4 Cylinder Engine Gasoline Fuel,A/T,Blue,Black,None reported,Yes,7600,2.5,170.0,0,,
Honda,Civic LX,2003,160265,Gasoline,115.0HP 1.7L 4 Cylinder Engine Gasoline Fuel,A/T,White,Gray,At least 1 accident or damage reported,Yes,3000,1.7,115.0,0,,
McLaren,570S Spider,2020,8700,Gasoline,562.0HP 3.8L 8 Cylinder Engine Gasoline Fuel,Transmission w/Dual Shift Mode,Black,Black,None reported,Yes,185000,3.8,562.0,0,,
Maserati,Ghibli S Q4,2016,1000,Gasoline,404.0HP 3.0L V6 Cylinder Engine Gasoline Fuel,Transmission w/Dual Shift Mode,Gray,Red,None reported,Yes,36000,3.0,404.0,0,6,
Jeep,Wagoneer Series II 4x4,2022,29800,Gasoline,"HEMI 5.7L V-8 variable valve control, regular unleaded, engine w","Automatic, 8-Spd",–,–,None reported,Unknown,58900,5.7,,0,,
Maserati,Ghibli S Q4,2017,49750,Gasoline,404.0HP 3.0L V6 Cylinder Engine Gasoline Fuel,Transmission w/Dual Shift Mode,White,Red,None reported,Yes,27995,3.0,404.0,0,6,
Lexus,RX 300 Base,2002,121000,Gasoline,220.0HP 3.0L V6 Cylinder Engine Gasoline Fuel,A/T,Silver,Black,None reported,Yes,6348,3.0,220.0,0,6,
Lincoln,Aviator Luxury,2005,140000,Gasoline,302.0HP 4.6L 8 Cylinder Engine Gasoline Fuel,A/T,Black,Beige,None reported,Yes,2000,4.6,302.0,0,,
Ford,Transit Connect XL,2018,66770,E85 Flex Fuel,169.0HP 2.5L 4 Cylinder Engine Flex Fuel Capability,6-Speed A/T,Red,–,,Unknown,21500,2.5,169.0,0,,
Cadillac,SRX Luxury Collection,2016,61549,Gasoline,3.6 Liter SIDI DOHC,Automatic,Red,Ebony,At least 1 accident or damage reported,Unknown,19998,3.6,,0,,
Lincoln,MKS EcoBoost,2016,38100,Gasoline,365.0HP 3.5L V6 Cylinder Engine Gasoline Fuel,A/T,Silver,Beige,None reported,Yes,21000,3.5,365.0,0,6,
Toyota,Yaris Base,2010,138071,Gasoline,106.0HP 1.5L 4 Cylinder Engine Gasoline Fuel,5-Speed M/T,Red,Gray,None reported,Yes,5000,1.5,106.0,0,,
Mercedes-Benz,AMG E 63 S 4MATIC,2019,40000,Gasoline,603.0HP 4.0L 8 Cylinder Engine Gasoline Fuel,Transmission w/Dual Shift Mode,Black,Black,At least 1 accident or damage reported,Yes,72000,4.0,603.0,0,,
Mercedes-Benz,GLS 450 Base,2022,41545,Hybrid,3.0 Liter DOHC Twin Turbo,Automatic,MANUFAKTUR Diamond White Bright,Macchiato Beige/Black,None reported,Unknown,71998,3.0,,1,,
Mercedes-Benz,G-Class G 550 4MATIC,2019,47850,Gasoline,416.0HP 4.0L 8 Cylinder Engine Gasoline Fuel,A/T,White,Black,At least 1 accident or damage reported,Yes,127899,4.0,416.0,0,,
Hyundai,Veloster Turbo R-Spec,2014,128000,Gasoline,201.0HP 1.6L 4 Cylinder Engine Gasoline Fuel,6-Speed M/T,Blue,Red,None reported,Yes,11000,1.6,201.0,0,,
Toyota,4Runner Limited,2019,48156,Gasoline,4.0L V6 24V MPFI DOHC,5-Speed Automatic,Midnight Black Metallic,Sand Beige,None reported,Unknown,40368,4.0,,0,6,24
Mercedes-Benz,S-Class S 580 4MATIC,2021,4700,Hybrid,496.0HP 4.0L 8 Cylinder Engine Gasoline/Mild Electric Hybrid,9-Speed A/T,Black,Black,None reported,Yes,99900,4.0,496.0,0,,
Audi,RS 7 4.0T Performance Prestige,2017,39071,Gasoline,4.0L V8 32V GDI DOHC Twin Turbo,8-Speed Automatic,White,Black,None reported,Unknown,67900,4.0,,1,8,32
Mazda,MX-5 Miata Base,1999,96680,Gasoline,140.0HP 1.8L 4 Cylinder Engine Gasoline Fuel,5-Speed M/T,Green,Beige,At least 1 accident or damage reported,Yes,12900,1.8,140.0,0,,
Mercedes-Benz,AMG C 43 Base,2017,53500,Gasoline,362.0HP 3.0L V6 Cylinder Engine Gasoline Fuel,9-Speed A/T,White,Brown,At least 1 accident or damage reported,Yes,33999,3.0,362.0,0,6,
Chevrolet,Corvette Z06,2007,11025,Gasoline,505.0HP 7.0L 8 Cylinder Engine Gasoline Fuel,6-Speed M/T,Orange,Black,None reported,Yes,47500,7.0,505.0,0,,
Ford,F-250 King Ranch,2021,44000,Diesel,475.0HP 6.7L 8 Cylinder Engine Diesel Fuel,10-Speed A/T,White,Brown,At least 1 accident or damage reported,Yes,73000,6.7,475.0,0,,
Volkswagen,Tiguan 2.0T SE,2022,11000,Gasoline,184.0HP 2.0L 4 Cylinder Engine Gasoline Fuel,A/T,Blue,White,None reported,Yes,27900,2.0,184.0,0,,
BMW,750 Li xDrive,2012,103000,Gasoline,407.0HP 4.4L 8 Cylinder Engine Gasoline Fuel,6-Speed A/T,Black,Black,None reported,Yes,16000,4.4,407.0,0,,
BMW,M3 CS,2024,456,Gasoline,543.0HP 3.0L Straight 6 Cylinder Engine Gasoline Fuel,Transmission w/Dual Shift Mode,Black,Black,None reported,Yes,128995,3.0,543.0,0,,
Lexus,GX 460 Base,2018,64000,Gasoline,301.0HP 4.6L 8 Cylinder Engine Gasoline Fuel,6-Speed A/T,Red,Brown,None reported,Yes,37300,4.6,301.0,0,,
Audi,Q7 3.0T Premium,2017,108000,Gasoline,333.0HP 3.0L V6 Cylinder Engine Gasoline Fuel,8-Speed A/T,Gray,Brown,None reported,Yes,25999,3.0,333.0,0,6,
Alfa,Romeo Stelvio Ti Sport,2018,37045,Gasoline,280.0HP 2.0L 4 Cylinder Engine Gasoline Fuel,Transmission w/Dual Shift Mode,White,Red,At least 1 accident or damage reported,Yes,26600,2.0,280.0,0,,
Land,Rover Defender X,2023,5433,Hybrid,3.0 Liter,Automatic,Santorin Black,Black,None reported,Unknown,95998,3.0,,0,,
BMW,750 i xDrive,2019,28744,Gasoline,4.4 Liter DOHC Twin Turbo,Automatic,Black,Black,None reported,Unknown,50998,4.4,,1,,
BMW,M3 Base,2015,65800,Gasoline,425.0HP 3.0L Straight 6 Cylinder Engine Gasoline Fuel,Transmission w/Dual Shift Mode,White,Red,None reported,Yes,44950,3.0,425.0,0,,
Rolls-Royce,Ghost Base,2021,850,Gasoline,563.0HP 6.7L 12 Cylinder Engine Gasoline Fuel,A/T,White,White,None reported,Yes,314900,6.7,563.0,0,,
Audi,e-tron Prestige,2019,33012,,355.0HP Electric Motor Electric Fuel System,1-Speed A/T,Blue,Beige,None reported,Yes,38000,,355.0,0,,
Lexus,IS 250 Base,2011,107818,Gasoline,204.0HP 2.5L V6 Cylinder Engine Gasoline Fuel,6-Speed A/T,Gray,Beige,At least 1 accident or damage reported,Yes,11400,2.5,204.0,0,6,
Land,Rover Range Rover Evoque SE Premium,2016,79500,Gasoline,240.0HP 2.0L 4 Cylinder Engine Gasoline Fuel,9-Speed A/T,White,Black,None reported,Yes,19000,2.0,240.0,0,,
Ferrari,California T,2015,20000,Gasoline,553.0HP 3.9L 8 Cylinder Engine Gasoline Fuel,7-Speed A/T,Red,Brown,At least 1 accident or damage reported,Yes,124990,3.9,553.0,0,,
Lexus,LC 500 Base,2018,37000,Gasoline,471.0HP 5.0L 8 Cylinder Engine Gasoline Fuel,10-Speed A/T,Black,Red,None reported,Yes,63997,5.0,471.0,0,,
Kia,EV6 Wind,2022,11945,,111.2Ah / FR 70kW / RR 160kW (697V),Automatic,Glacier,Black,None reported,Unknown,38998,,,0,,697
GMC,Sierra 1500 SLE Crew Cab,2005,131800,Gasoline,295.0HP 5.3L 8 Cylinder Engine Gasoline Fuel,4-Speed A/T,Silver,Gray,At least 1 accident or damage reported,Yes,5800,5.3,295.0,0,,
Lexus,ES 350 Base,2008,146000,Gasoline,272.0HP 3.5L V6 Cylinder Engine Gasoline Fuel,A/T,Red,Beige,None reported,Yes,8995,3.5,272.0,0,6,
Nissan,370Z NISMO,2010,29000,Gasoline,350.0HP 3.7L V6 Cylinder Engine Gasoline Fuel,M/T,Silver,–,None reported,Yes,29000,3.7,350.0,0,6,
Dodge,Ram 1500 Laramie,2004,141209,Gasoline,345.0HP 5.7L 8 Cylinder Engine Gasoline Fuel,A/T,Black,Black,None reported,Yes,5700,5.7,345.0,0,,
Ford,Expedition Limited,2016,85253,Gasoline,365.0HP 3.5L V6 Cylinder Engine Gasoline Fuel,A/T,White,Beige,None reported,Yes,19995,3.5,365.0,0,6,
INFINITI,QX70 Base,2015,87009,Gasoline,325.0HP 3.7L V6 Cylinder Engine Gasoline Fuel,A/T,Gray,Black,None reported,Yes,17800,3.7,325.0,0,6,
BMW,X5 M Base,2023,4348,Gasoline,4.4L V8 32V GDI DOHC Twin Turbo,8-Speed Automatic,Alpine White,Black,None reported,Unknown,105900,4.4,,1,8,32
Lincoln,Navigator Select,2016,158000,Gasoline,380.0HP 3.5L V6 Cylinder Engine Gasoline Fuel,Transmission w/Dual Shift Mode,Red,Beige,None reported,Yes,19780,3.5,380.0,0,6,
Volvo,V60 Cross Country T5,2020,10500,Gasoline,250.0HP 2.0L 4 Cylinder Engine Gasoline Fuel,8-Speed A/T,White,Black,None reported,Yes,36000,2.0,250.0,0,,
Audi,A7 3.0T Premium Plus,2018,45843,Gasoline,340.0HP 3.0L V6 Cylinder Engine Gasoline Fuel,A/T,Silver,Black,None reported,Yes,37000,3.0,340.0,0,6,
Ford,Bronco Sport Outer Banks,2021,15198,Gasoline,1.5L I3 12V PDI DOHC Turbo,8-Speed Automatic,Blue,Navy Pier,None reported,Yes,31621,1.5,,1,,12
Volkswagen,Eurovan MV,2001,220000,Gasoline,140.0HP 2.8L V6 Cylinder Engine Gasoline Fuel,A/T,Silver,–,None reported,Yes,5500,2.8,140.0,0,6,
Jaguar,F-TYPE R,2017,58000,Gasoline,550.0HP 5.0L 8 Cylinder Engine Gasoline Fuel,A/T,Black,Black,None reported,Yes,51500,5.0,550.0,0,,
Land,Rover Range Rover Evoque R-Dynamic HSE,2020,30424,Hybrid,2.0 Liter,Automatic,Silver,Black,None reported,Unknown,44998,2.0,,0,,
RAM,1500 Laramie,2021,38012,Gasoline,5.7L V8 16V MPFI OHV,8-Speed Automatic,Delmonico Red Pearlcoat,Black,None reported,Yes,45277,5.7,,0,8,16
Rivian,R1S Adventure Package,2023,2500,,835.0HP Electric Motor Electric Fuel System,A/T,Gray,Gray,None reported,Yes,91000,,835.0,0,,
BMW,M760 i xDrive,2021,11078,Gasoline,"6.6L V-12 gasoline direct injection, DOHC, variable valve contro","Automatic, 8-Spd Sport w/Sport & Manual Modes",BLACK,WHITE,None reported,Unknown,91900,6.6,,0,,
Lexus,LX 570 Three-Row,2018,50000,Gasoline,383.0HP 5.7L 8 Cylinder Engine Gasoline Fuel,A/T,White,Black,None reported,Yes,65000,5.7,383.0,0,,
Land,Rover Range Rover Velar P250 SE R-Dynamic,2019,58000,Gasoline,247.0HP 2.0L 4 Cylinder Engine Gasoline Fuel,A/T,White,Black,None reported,Yes,38000,2.0,247.0,0,,
Acura,MDX w/Technology Package,2023,3415,Gasoline,3.5 Liter SOHC,F,White,Parchment.,None reported,Unknown,54998,3.5,,0,,
Lexus,LC 500 Base,2018,61000,Gasoline,471.0HP 5.0L 8 Cylinder Engine Gasoline Fuel,Transmission w/Dual Shift Mode,Black,Black,None reported,Yes,65000,5.0,471.0,0,,
Audi,SQ5 3.0T Prestige,2019,48500,Gasoline,349.0HP 3.0L V6 Cylinder Engine Gasoline Fuel,Transmission w/Dual Shift Mode,Gray,Black,At least 1 accident or damage reported,Yes,43500,3.0,349.0,0,6,
Land,Rover Range Rover Velar P250 SE R-Dynamic,2018,65680,Gasoline,247.0HP 2.0L 4 Cylinder Engine Gasoline Fuel,A/T,Silver,Black,At least 1 accident or damage reported,Yes,34900,2.0,247.0,0,,
RAM,1500 Limited,2020,44362,Gasoline,5.7L V8 16V MPFI OHV,8-Speed Automatic,Bright White Clearcoat,Black,None reported,Yes,50658,5.7,,0,8,16
Audi,S4 3.0T Premium,2019,18603,Gasoline,3.0L V6 24V GDI DOHC Turbo,8-Speed Automatic,Brilliant Black,Black,None reported,Unknown,42900,3.0,,1,6,24
Audi,A8 4.0,2020,35999,Hybrid,4.0 Liter Turbo,Automatic,Mythos Black Metallic,Sarder Brown,None reported,Unknown,59598,4.0,,1,,
Cadillac,Escalade ESV Sport,2021,8044,Gasoline,420.0HP 6.2L 8 Cylinder Engine Gasoline Fuel,Transmission w/Dual Shift Mode,Black,Beige,None reported,Yes,93000,6.2,420.0,0,,
Mercedes-Benz,AMG GT AMG GT S,2016,9738,Gasoline,503.0HP 4.0L 8 Cylinder Engine Gasoline Fuel,7-Speed A/T,Red,Black,None reported,Yes,85500,4.0,503.0,0,,
BMW,M3 Base,2009,112000,Gasoline,420.0HP 4.0L 8 Cylinder Engine Gasoline Fuel,Transmission w/Dual Shift Mode,Gray,Black,At least 1 accident or damage reported,Yes,28000,4.0,420.0,0,,
Honda,Accord EX-L,2009,167300,Gasoline,190.0HP 2.4L 4 Cylinder Engine Gasoline Fuel,5-Speed A/T,Silver,Black,None reported,Yes,6250,2.4,190.0,0,,
Rolls-Royce,Cullinan,2022,115,Gasoline,6.7L V12 48V GDI DOHC Twin Turbo,8-Speed Automatic,–,Grace White,None reported,Yes,449995,6.7,,1,12,48
Cadillac,Escalade Premium,2015,71000,Gasoline,420.0HP 6.2L 8 Cylinder Engine Gasoline Fuel,6-Speed A/T,Black,Brown,At least 1 accident or damage reported,Yes,35999,6.2,420.0,0,,
Acura,RDX Technology Package,2020,31015,Gasoline,2.0L I4 16V GDI DOHC Turbo,10-Speed Automatic,Silver,Ebony,None reported,Yes,36570,2.0,,1,,16
BMW,X2 xDrive28i,2022,33000,Gasoline,228.0HP 2.0L 4 Cylinder Engine Gasoline Fuel,Transmission w/Dual Shift Mode,Orange,Black,None reported,Yes,29999,2.0,228.0,0,,
Chrysler,Pacifica Touring,2017,63000,–,–,9-Speed A/T,White,Beige,None reported,Yes,20000,,,0,,
Buick,Verano Convenience,2013,68325,E85 Flex Fuel,180.0HP 2.4L 4 Cylinder Engine Flex Fuel Capability,Transmission w/Dual Shift Mode,Silver,Gray,None reported,Yes,11995,2.4,180.0,0,,
Mercedes-Benz,AMG S 63 Base 4MATIC,2020,20937,Gasoline,4.0L V8 32V GDI DOHC Twin Turbo,9-Speed Automatic,Magnetite Black Metallic,Black,None reported,Unknown,104900,4.0,,1,8,32
RAM,2500 Tradesman,2021,34365,Gasoline,410.0HP 6.4L 8 Cylinder Engine Gasoline Fuel,8-Speed A/T,Gray,Gray,At least 1 accident or damage reported,Yes,48000,6.4,410.0,0,,
Mercedes-Benz,Metris Base,2018,32000,Gasoline,208.0HP 2.0L 4 Cylinder Engine Gasoline Fuel,Transmission w/Dual Shift Mode,Black,Black,None reported,Yes,44900,2.0,208.0,0,,
Land,Rover Range Rover Evoque S,2020,40237,Gasoline,2.0 Liter,Automatic,Carpathian Grey Premium Metallic,Cloud,None reported,Unknown,36998,2.0,,0,,
Volvo,XC90 T6 Inscription,2020,22500,Gasoline,316.0HP 2.0L 4 Cylinder Engine Gasoline Fuel,A/T,Black,White,None reported,Yes,50000,2.0,316.0,0,,
Ford,Expedition King Ranch,2020,58700,Gasoline,375.0HP 3.5L V6 Cylinder Engine Gasoline Fuel,10-Speed A/T,Black,Brown,At least 1 accident or damage reported,Yes,48999,3.5,375.0,0,6,
Toyota,Highlander Hybrid Limited,2006,264893,Hybrid,208.0HP 3.3L V6 Cylinder Engine Gas/Electric Hybrid,A/T,Gold,Beige,At least 1 accident or damage reported,Yes,5000,3.3,208.0,0,6,
Toyota,Tundra SR5 Access Cab,2005,209500,Gasoline,282.0HP 4.7L 8 Cylinder Engine Gasoline Fuel,5-Speed A/T,Blue,Gray,None reported,Yes,8500,4.7,282.0,0,,
Ford,Transit-350 Base,2023,195,Gasoline,310.0HP 3.5L V6 Cylinder Engine Gasoline Fuel,10-Speed A/T,Blue,Gray,None reported,Yes,87500,3.5,310.0,0,6,
Chevrolet,Express 3500 LT,2016,120000,Diesel,260.0HP 6.6L 8 Cylinder Engine Diesel Fuel,6-Speed A/T,White,Gray,None reported,Yes,19500,6.6,260.0,0,,
Chevrolet,Bolt EUV Premier,2022,14676,,200.0HP Electric Motor Electric Fuel System,A/T,Black,Blue,None reported,Yes,33000,,200.0,0,,
Jeep,Wrangler Unlimited 4xe Sahara,2021,33704,Hybrid,2.0L I4 16V GDI DOHC Turbo Hybrid,8-Speed Automatic,Bright White Clearcoat,Black,None reported,Unknown,42998,2.0,,1,,16
BMW,X7 xDrive40i,2023,2950,Hybrid,375.0HP 3.0L Straight 6 Cylinder Engine Gasoline/Mild Electric Hybrid,8-Speed A/T,Black,Brown,None reported,Yes,87000,3.0,375.0,0,,
Mercedes-Benz,AMG GT 53 Base,2021,17994,Gasoline,3.0L I6 24V GDI DOHC Turbo,9-Speed Automatic,–,–,None reported,Yes,87500,3.0,,1,,24
Toyota,Tundra Limited,2020,44101,Gasoline,5.7L V8 32V MPFI DOHC,6-Speed Automatic,Gray,Black,None reported,Yes,45423,5.7,,0,8,32
BMW,X1 xDrive28i,2021,25918,Gasoline,228.0HP 2.0L 4 Cylinder Engine Gasoline Fuel,Transmission w/Dual Shift Mode,Gray,Black,None reported,Yes,32000,2.0,228.0,0,,
BMW,135 i,2008,87000,Gasoline,300.0HP 3.0L Straight 6 Cylinder Engine Gasoline Fuel,A/T,White,Beige,None reported,Yes,15300,3.0,300.0,0,,
Mazda,Mazda3 Touring,2018,28333,Gasoline,184.0HP 2.5L 4 Cylinder Engine Gasoline Fuel,Transmission w/Dual Shift Mode,Blue,Black,None reported,Yes,20500,2.5,184.0,0,,
Audi,A7 3.0T Premium Plus,2018,29294,Gasoline,340.0HP 3.0L V6 Cylinder Engine Gasoline Fuel,A/T,White,Beige,None reported,Yes,39999,3.0,340.0,0,6,
Saturn,Sky Red Line,2008,37000,Gasoline,260.0HP 2.0L 4 Cylinder Engine Gasoline Fuel,A/T,Blue,Black,None reported,Yes,14995,2.0,260.0,0,,
BMW,Z4 2.5i Roadster,2005,138000,Gasoline,184.0HP 2.5L Straight 6 Cylinder Engine Gasoline Fuel,5-Speed A/T,White,Beige,None reported,Yes,9950,2.5,184.0,0,,
Volvo,XC90 Hybrid T8 Inscription,2020,44487,Plug-In Hybrid,400.0HP 2.0L 4 Cylinder Engine Plug-In Electric/Gas,8-Speed A/T,Blue,Brown,None reported,Yes,65000,2.0,400.0,0,,
Acura,TLX A-Spec,2021,16878,Gasoline,2.0L I4 16V GDI DOHC Turbo,10-Speed Automatic,Red,Ebony,None reported,Yes,38781,2.0,,1,,16
Acura,MDX w/Technology Package,2022,30177,Gasoline,3.5L 24V SOHC I-VTEC V6,2,Majestic Black Pearl,Espresso,None reported,Unknown,46598,3.5,,0,6,24
Chevrolet,Tahoe High Country,2021,53000,Gasoline,420.0HP 6.2L 8 Cylinder Engine Gasoline Fuel,10-Speed A/T,Black,Black,At least 1 accident or damage reported,Yes,67100,6.2,420.0,0,,
Tesla,Model Y Long Range,2021,61308,,425.0HP Electric Motor Electric Fuel System,A/T,White,White,None reported,Yes,42000,,425.0,0,,
Mercedes-Benz,GLK-Class GLK 350,2013,99200,Gasoline,302.0HP 3.5L V6 Cylinder Engine Gasoline Fuel,A/T,Silver,Black,,Unknown,11495,3.5,302.0,0,6,
Chevrolet,Traverse LS,2022,32117,Gasoline,3.6L V6 24V GDI DOHC,Automatic,Northsky Blue Metallic,Jet Black,None reported,Unknown,33299,3.6,,0,6,24
BMW,550 Gran Turismo i,2013,79341,Gasoline,445.0HP 4.4L 8 Cylinder Engine Gasoline Fuel,A/T,Gold,Brown,None reported,Yes,16800,4.4,445.0,0,,
Land,Rover Range Rover Sport HSE,2007,220000,Gasoline,300.0HP 4.4L 8 Cylinder Engine Gasoline Fuel,A/T,White,Beige,None reported,Yes,5750,4.4,300.0,0,,
BMW,430 i xDrive,2021,16900,Gasoline,255.0HP 2.0L 4 Cylinder Engine Gasoline Fuel,8-Speed A/T,Blue,White,None reported,Yes,43000,2.0,255.0,0,,
Porsche,Cayman Base,2007,75137,Gasoline,245.0HP 2.7L Flat 6 Cylinder Engine Gasoline Fuel,M/T,Black,Gray,At least 1 accident or damage reported,Yes,24999,2.7,245.0,0,,
Ford,Expedition Max King Ranch,2021,37594,Gasoline,3.5L V6 24V PDI DOHC Twin Turbo,10-Speed Automatic,Black,Mesa,None reported,Yes,62595,3.5,,1,6,24
Rivian,R1S Adventure Package,2023,250,,835.0HP Electric Motor Electric Fuel System,A/T,Red,Black,,Unknown,94000,,835.0,0,,
Mercedes-Benz,GLC 300 GLC 300,2021,12771,Gasoline,2.0 Liter Turbo,Automatic,Black,–,None reported,Unknown,42598,2.0,,1,,
Ford,Mustang Shelby GT500,2012,6400,Gasoline,550.0HP 5.4L 8 Cylinder Engine Gasoline Fuel,6-Speed M/T,Silver,Black,None reported,Yes,48000,5.4,550.0,0,,
Tesla,Model Y Long Range,2021,69548,,425.0HP Electric Motor Electric Fuel System,1-Speed A/T,Black,Black,At least 1 accident or damage reported,Yes,36300,,425.0,0,,
Nissan,370Z Base,2009,79893,Gasoline,332.0HP 3.7L V6 Cylinder Engine Gasoline Fuel,7-Speed A/T,Silver,Black,None reported,Yes,15900,3.7,332.0,0,6,
Toyota,Sequoia Platinum,2014,124838,Gasoline,381.0HP 5.7L 8 Cylinder Engine Gasoline Fuel,A/T,Black,Gray,None reported,Yes,33000,5.7,381.0,0,,
Nissan,NV Passenger NV3500 HD SL V8,2020,14353,Gasoline,375.0HP 5.6L 8 Cylinder Engine Gasoline Fuel,A/T,Black,Gray,None reported,Yes,63900,5.6,375.0,0,,
Ford,Transit Connect XL w/Rear Symmetrical Doors,2022,22985,Gasoline,169.0HP 2.5L 4 Cylinder Engine Gasoline Fuel,A/T,White,Gray,None reported,Yes,33500,2.5,169.0,0,,
INFINITI,QX80 Base,2014,161894,Gasoline,400.0HP 5.6L 8 Cylinder Engine Gasoline Fuel,7-Speed A/T,White,Beige,None reported,Yes,18900,5.6,400.0,0,,
Aston,Martin V8 Vantage Base,2008,25025,Gasoline,380.0HP 4.3L 8 Cylinder Engine Gasoline Fuel,6-Speed A/T,White,Black,At least 1 accident or damage reported,Yes,39000,4.3,380.0,0,,
Porsche,911 Carrera S,2017,16701,Gasoline,3.0 Liter,–,Red,–,None reported,Unknown,107998,3.0,,0,,
Lotus,Evora 400 Base,2017,19650,Gasoline,400.0HP 3.5L V6 Cylinder Engine Gasoline Fuel,6-Speed M/T,Silver,Red,None reported,Yes,69250,3.5,400.0,0,6,
Land,Rover Range Rover Velar P250 S R-Dynamic,2020,29500,Gasoline,247.0HP 2.0L 4 Cylinder Engine Gasoline Fuel,A/T,Red,White,None reported,Yes,45000,2.0,247.0,0,,
Nissan,Xterra S,2007,132272,Gasoline,261.0HP 4.0L V6 Cylinder Engine Gasoline Fuel,M/T,Gray,Gray,At least 1 accident or damage reported,Yes,6700,4.0,261.0,0,6,
Dodge,Charger R/T,2012,122000,Gasoline,370.0HP 5.7L 8 Cylinder Engine Gasoline Fuel,5-Speed A/T,White,Black,At least 1 accident or damage reported,Yes,13500,5.7,370.0,0,,
Buick,Encore GX Essence,2022,18185,Gasoline,1.3L I3 12V GDI DOHC Turbo,Automatic CVT,Summit White,Whisper Beige,None reported,Unknown,31755,1.3,,1,,12
Nissan,Leaf S,2018,56450,,147.0HP Electric Motor Electric Fuel System,A/T,Black,Black,At least 1 accident or damage reported,Yes,13999,,147.0,0,,
Nissan,Leaf SL,2012,102000,,107.0HP Electric Motor Electric Fuel System,1-Speed A/T,Silver,Gray,None reported,Yes,4200,,107.0,0,,
Jeep,Grand Wagoneer Series III,2022,18428,Gasoline,6.4 Liter,Automatic,Baltic Gray,Black,None reported,Unknown,83998,6.4,,0,,
Nissan,Z Proto Spec,2023,535,Gasoline,400.0HP 3.0L V6 Cylinder Engine Gasoline Fuel,6-Speed M/T,Yellow,Black,None reported,Yes,65990,3.0,400.0,0,6,
Land,Rover Range Rover Sport HSE,2013,81648,Gasoline,"5L V-8 gasoline direct injection, DOHC, variable valve control,","Auto, 6-Spd w/CmdShft",Fuji White,–,None reported,Unknown,15900,5.0,,0,,
Porsche,Boxster S,2003,138202,Gasoline,3.2L H6 24V MPFI DOHC,6-Speed Manual,Silver,Black,At least 1 accident or damage reported,Yes,22550,3.2,,0,,24
Bentley,Continental GT Base,2004,69600,Gasoline,550.0HP 6.0L 12 Cylinder Engine Gasoline Fuel,A/T,Silver,Black,None reported,Yes,37900,6.0,550.0,0,,
Jaguar,F-TYPE R,2018,39900,Gasoline,550.0HP 5.0L 8 Cylinder Engine Gasoline Fuel,8-Speed A/T,White,Black,None reported,Yes,53600,5.0,550.0,0,,
Cadillac,Escalade ESV Sport,2021,36500,Gasoline,420.0HP 6.2L 8 Cylinder Engine Gasoline Fuel,Transmission w/Dual Shift Mode,White,Black,None reported,Yes,85000,6.2,420.0,0,,
Audi,TT 2.0T,2018,42650,Gasoline,220.0HP 2.0L 4 Cylinder Engine Gasoline Fuel,Transmission w/Dual Shift Mode,Gray,Black,None reported,Yes,31990,2.0,220.0,0,,
Jeep,Wrangler Unlimited Sahara,2020,68816,Gasoline,2.0L I4 16V GDI DOHC Turbo,8-Speed Automatic,Black Clearcoat,Black,None reported,Yes,35297,2.0,,1,,16
Audi,S6 4.0T,2016,91188,Gasoline,450.0HP 4.0L 8 Cylinder Engine Gasoline Fuel,7-Speed A/T,Black,Black,None reported,Yes,29995,4.0,450.0,0,,
GMC,Sierra 2500 SLE,2015,116210,E85 Flex Fuel,360.0HP 6.0L 8 Cylinder Engine Flex Fuel Capability,Transmission Overdrive Switch,Black,Beige,None reported,Yes,31900,6.0,360.0,0,,
Tesla,Model 3 Long Range,2022,3077,,Dual Motor - Standard,Automatic,Silver,Black,None reported,Unknown,44998,,,0,,
Mazda,CX-90 Premium,2024,3880,Gasoline,2.5L,8-Speed Automatic,Machine Gray Metallic,Black,None reported,Yes,52991,2.5,,0,,
Ford,C-Max Energi SE,2017,67482,Plug-In Hybrid,188.0HP 2.0L 4 Cylinder Engine Plug-In Electric/Gas,CVT Transmission,Gray,Black,At least 1 accident or damage reported,Yes,11499,2.0,188.0,0,,
Cadillac,Escalade ESV Platinum,2018,67726,Gasoline,420.0HP 6.2L 8 Cylinder Engine Gasoline Fuel,10-Speed A/T,Black,Black,None reported,Yes,52000,6.2,420.0,0,,
Audi,TT 3.2 Cabriolet quattro,2008,207000,Gasoline,250.0HP 3.2L V6 Cylinder Engine Gasoline Fuel,6-Speed M/T,Black,Black,At least 1 accident or damage reported,Yes,10500,3.2,250.0,0,6,
Hyundai,Santa Fe SE,2021,35550,Gasoline,2.5L I4 16V PDI DOHC,8-Speed Automatic,Twilight Black,Black,At least 1 accident or damage reported,Yes,25987,2.5,,0,,16
Mercedes-Benz,AMG GLE AMG GLE 63 S-Model 4MATIC,2016,44000,Gasoline,577.0HP 5.5L 8 Cylinder Engine Gasoline Fuel,7-Speed A/T,Black,Black,None reported,Yes,46599,5.5,577.0,0,,
Mercedes-Benz,SL-Class SL 550,2015,11249,Gasoline,429.0HP 4.7L 8 Cylinder Engine Gasoline Fuel,7-Speed A/T,White,Beige,None reported,Yes,54500,4.7,429.0,0,,
Acura,MDX 3.5L Technology Package,2014,111650,Gasoline,290.0HP 3.5L V6 Cylinder Engine Gasoline Fuel,6-Speed A/T,Green,Beige,At least 1 accident or damage reported,Yes,17500,3.5,290.0,0,6,
RAM,2500 Laramie,2019,18526,Diesel,6.7L I6 24V DDI OHV Turbo Diesel,6-Speed Automatic,Pearl White,Black,None reported,Unknown,67999,6.7,,1,,24
Audi,A7 Premium,2012,103272,Gasoline,310.0HP 3.0L V6 Cylinder Engine Gasoline Fuel,8-Speed A/T,Black,Brown,None reported,Yes,15500,3.0,310.0,0,6,
BMW,M2 Base,2023,1160,Gasoline,453.0HP 3.0L Straight 6 Cylinder Engine Gasoline Fuel,6-Speed M/T,Gray,Black,None reported,Yes,73600,3.0,453.0,0,,
RAM,1500 Laramie,2019,107714,Gasoline,5.7L V8 16V MPFI OHV,8-Speed Automatic,Diamond Black,Black,None reported,Yes,34918,5.7,,0,8,16
Audi,Q5 2.0T Premium Plus,2013,111773,Gasoline,211.0HP 2.0L 4 Cylinder Engine Gasoline Fuel,8-Speed A/T,Brown,Beige,None reported,Yes,17000,2.0,211.0,0,,
Cadillac,XTS Luxury,2019,54002,Gasoline,304.0HP 3.6L V6 Cylinder Engine Gasoline Fuel,A/T,Black,Beige,At least 1 accident or damage reported,Yes,22500,3.6,304.0,0,6,
Volkswagen,Jetta 1.4T SE,2016,87000,Gasoline,150.0HP 1.4L 4 Cylinder Engine Gasoline Fuel,Transmission w/Dual Shift Mode,Gray,Gray,At least 1 accident or damage reported,Yes,13000,1.4,150.0,0,,
Ford,Focus RS Base,2016,49700,Gasoline,350.0HP 2.3L 4 Cylinder Engine Gasoline Fuel,6-Speed M/T,Blue,Black,None reported,Yes,31700,2.3,350.0,0,,
Mercedes-Benz,AMG C 63 S,2017,34500,Gasoline,503.0HP 4.0L 8 Cylinder Engine Gasoline Fuel,7-Speed A/T,Gray,Black,None reported,Yes,64600,4.0,503.0,0,,
Ford,Bronco Sport Big Bend,2021,31729,Gasoline,1.5L I3 12V PDI DOHC Turbo,8-Speed Automatic,Maroon,Medium Dark Slate,At least 1 accident or damage reported,Yes,29614,1.5,,1,,12
Jeep,Gladiator Overland,2021,7388,Gasoline,3.6L V6 24V MPFI DOHC,8-Speed Automatic,Firecracker Red Clearcoat,Black,None reported,Yes,43663,3.6,,0,6,24
BMW,330e iPerformance,2017,41550,Plug-In Hybrid,247.0HP 2.0L 4 Cylinder Engine Plug-In Electric/Gas,Transmission w/Dual Shift Mode,Silver,Black,None reported,Yes,20995,2.0,247.0,0,,
Mercedes-Benz,GLC 300 Base 4MATIC,2018,44486,Gasoline,2.0L I4 16V GDI DOHC Turbo,9-Speed Automatic,Gray,Black,None reported,Unknown,25625,2.0,,1,,16
Acura,MDX 3.7L Advance,2013,20750,Gasoline,300.0HP 3.7L V6 Cylinder Engine Gasoline Fuel,6-Speed A/T,Black,Black,None reported,Yes,33000,3.7,300.0,0,6,
Genesis,G70 3.3T,2022,12000,Gasoline,365.0HP 3.3L V6 Cylinder Engine Gasoline Fuel,8-Speed A/T,Green,Beige,None reported,Yes,41000,3.3,365.0,0,6,
Lexus,LX 570 Three-Row,2021,14206,Gasoline,383.0HP 5.7L 8 Cylinder Engine Gasoline Fuel,A/T,Black,Black,None reported,Yes,98000,5.7,383.0,0,,
Jeep,Grand Cherokee L Limited,2022,31700,Gasoline,293.0HP 3.6L V6 Cylinder Engine Gasoline Fuel,A/T,Gray,Black,None reported,Yes,43500,3.6,293.0,0,6,
Hyundai,IONIQ Plug-In Hybrid SEL,2022,13044,Plug-In Hybrid,139.0HP 1.6L 4 Cylinder Engine Plug-In Electric/Gas,A/T,Blue,Gray,At least 1 accident or damage reported,Yes,24999,1.6,139.0,0,,
Kia,Sportage LX,2009,100730,Gasoline,173.0HP 2.7L V6 Cylinder Engine Gasoline Fuel,A/T,Gold,Gold,None reported,Yes,6975,2.7,173.0,0,6,
BMW,X5 PHEV xDrive45e,2023,5338,Plug-In Hybrid,389.0HP 3.0L Straight 6 Cylinder Engine Plug-In Electric/Gas,8-Speed A/T,Blue,White,None reported,Yes,76500,3.0,389.0,0,,
Ford,Expedition EL XLT,2014,85149,Gasoline,5.4 Liter,Automatic,Oxford White,Camel Leather,None reported,Unknown,23598,5.4,,0,,
BMW,X6 M Base,2018,48291,Gasoline,567.0HP 4.4L 8 Cylinder Engine Gasoline Fuel,Transmission w/Dual Shift Mode,Gray,Brown,None reported,Yes,67250,4.4,567.0,0,,
Volkswagen,Eurovan MV,2001,111887,Gasoline,140.0HP 2.8L V6 Cylinder Engine Gasoline Fuel,A/T,Blue,Gray,None reported,Yes,14000,2.8,140.0,0,6,
Rolls-Royce,Ghost Base,2010,79000,Gasoline,563.0HP 6.6L 12 Cylinder Engine Gasoline Fuel,8-Speed A/T,Silver,Black,None reported,Yes,69000,6.6,563.0,0,,
Lincoln,Navigator Reserve,2016,125000,Gasoline,380.0HP 3.5L V6 Cylinder Engine Gasoline Fuel,Transmission w/Dual Shift Mode,Gray,Beige,None reported,Yes,26500,3.5,380.0,0,6,
Mercedes-Benz,GLA 250 Base 4MATIC,2022,13777,Gasoline,221.0HP 2.0L 4 Cylinder Engine Gasoline Fuel,8-Speed A/T,Black,Black,At least 1 accident or damage reported,Yes,39777,2.0,221.0,0,,
RAM,1500 Big Horn,2022,14920,Gasoline,3.6L V6 24V MPFI DOHC,Automatic,Diamond Black,Black,None reported,Yes,41741,3.6,,0,6,24
Jeep,Grand Cherokee L Summit,2022,14627,Gasoline,3.6L V6 24V MPFI DOHC,Automatic,Diamond Black,Tupelo,None reported,Unknown,56740,3.6,,0,6,24
Volvo,S80 3.2,2010,90050,Gasoline,235.0HP 3.2L Straight 6 Cylinder Engine Gasoline Fuel,A/T,Brown,Beige,None reported,Yes,5800,3.2,235.0,0,,
Subaru,BRZ Premium,2014,45000,Gasoline,200.0HP 2.0L 4 Cylinder Engine Gasoline Fuel,6-Speed M/T,Blue,Black,At least 1 accident or damage reported,Yes,25000,2.0,200.0,0,,
Chevrolet,Corvette Base,1998,7666,Gasoline,340.0HP 5.7L 8 Cylinder Engine Gasoline Fuel,4-Speed A/T,Red,Black,None reported,Yes,39500,5.7,340.0,0,,
Hummer,H2 SUT,2006,89900,Gasoline,325.0HP 6.0L 8 Cylinder Engine Gasoline Fuel,4-Speed A/T,Red,Beige,None reported,Yes,29994,6.0,325.0,0,,
Audi,RS 7 4.0T,2021,14724,Hybrid,4.0 Liter TFSI,Automatic,Glacier White,Black/Red,None reported,Unknown,101998,4.0,,0,,
Ford,Edge Sport,2011,132000,Gasoline,305.0HP 3.7L V6 Cylinder Engine Gasoline Fuel,Transmission w/Dual Shift Mode,Black,Black,At least 1 accident or damage reported,Yes,10999,3.7,305.0,0,6,
GMC,Terrain SLT,2010,32652,Gasoline,182.0HP 2.4L 4 Cylinder Engine Gasoline Fuel,6-Speed A/T,Red,Brown,None reported,Yes,6500,2.4,182.0,0,,
Land,Rover Range Rover 5.0L Supercharged Autobiography LWB,2018,36632,Gasoline,518.0HP 5.0L 8 Cylinder Engine Gasoline Fuel,8-Speed A/T,Blue,Blue,,Unknown,72567,5.0,518.0,0,,
Jeep,Grand Cherokee WK Laredo X,2022,11164,Gasoline,293.0HP 3.6L V6 Cylinder Engine Gasoline Fuel,8-Speed A/T,Black,Black,None reported,Yes,37500,3.6,293.0,0,6,
BMW,M4 Base,2020,22655,Gasoline,425.0HP 3.0L Straight 6 Cylinder Engine Gasoline Fuel,7-Speed A/T,Silver,Black,None reported,Yes,63999,3.0,425.0,0,,
Mercedes-Benz,AMG GT 63 S 4-Door,2019,9500,Gasoline,630.0HP 4.0L 8 Cylinder Engine Gasoline Fuel,Transmission w/Dual Shift Mode,Gray,Gray,None reported,Yes,135000,4.0,630.0,0,,
Chevrolet,Camaro 1LT,2021,10300,Gasoline,335.0HP 3.6L V6 Cylinder Engine Gasoline Fuel,M/T,Black,Black,None reported,Yes,29900,3.6,335.0,0,6,
BMW,X6 M Base,2018,48000,Gasoline,567.0HP 4.4L 8 Cylinder Engine Gasoline Fuel,8-Speed A/T,Blue,Black,None reported,Yes,54000,4.4,567.0,0,,
Mercedes-Benz,CLK-Class 550,2007,138000,Gasoline,382.0HP 5.5L 8 Cylinder Engine Gasoline Fuel,7-Speed A/T,Silver,Black,At least 1 accident or damage reported,Yes,10000,5.5,382.0,0,,
RAM,1500 TRX,2022,24058,Gasoline,"HEMI 6.2L V-8 intercooled supercharger, premium unleaded, engine","Automatic, 8-Spd",Flame Red Clearcoat,BLACK,None reported,Unknown,81900,6.2,,0,,
Audi,RS 7 4.0T Prestige,2016,31500,Gasoline,560.0HP 4.0L 8 Cylinder Engine Gasoline Fuel,8-Speed A/T,Gray,Black,None reported,Yes,67000,4.0,560.0,0,,
Porsche,Macan S,2020,19701,Gasoline,3.0 Liter,Automatic,–,–,None reported,Unknown,55998,3.0,,0,,
Genesis,GV70 3.5T Sport,2022,10200,Gasoline,375.0HP 3.5L V6 Cylinder Engine Gasoline Fuel,A/T,White,Black,None reported,Yes,50500,3.5,375.0,0,6,
Aston,Martin V8 Vantage Base,2008,62378,Gasoline,380.0HP 4.3L 8 Cylinder Engine Gasoline Fuel,M/T,Red,Beige,At least 1 accident or damage reported,Yes,33995,4.3,380.0,0,,
Nissan,350Z Touring,2006,84200,Gasoline,300.0HP 3.5L V6 Cylinder Engine Gasoline Fuel,6-Speed M/T,Silver,Gray,None reported,Yes,10200,3.5,300.0,0,6,
Toyota,Sequoia SR5,2013,138700,E85 Flex Fuel,381.0HP 5.7L 8 Cylinder Engine Flex Fuel Capability,A/T,White,Gray,At least 1 accident or damage reported,Yes,18800,5.7,381.0,0,,
Chevrolet,Tahoe Premier,2021,41050,Gasoline,355.0HP 5.3L 8 Cylinder Engine Gasoline Fuel,10-Speed A/T,Gray,Gray,None reported,Yes,62900,5.3,355.0,0,,
Jeep,Compass Limited,2020,39192,Gasoline,2.4L I4 16V MPFI SOHC,9-Speed Automatic,White Clearcoat,Black,None reported,Unknown,24590,2.4,,0,,16
BMW,430 430i,2022,7758,Gasoline,2.0 Liter Turbo,Automatic,Black,Black,None reported,Unknown,47998,2.0,,1,,
Ford,Bronco Sport Outer Banks,2021,31654,Gasoline,1.5L I3 12V PDI DOHC Turbo,8-Speed Automatic,Rapid Red Metallic Tinted Clearcoat,Navy Pier,None reported,Unknown,33410,1.5,,1,,12
Mercedes-Benz,AMG C 63 Base,2017,63000,Gasoline,469.0HP 4.0L 8 Cylinder Engine Gasoline Fuel,A/T,White,Black,At least 1 accident or damage reported,Yes,42000,4.0,469.0,0,,
Volvo,S40 T5,2005,257700,Gasoline,218.0HP 2.5L 5 Cylinder Engine Gasoline Fuel,6-Speed M/T,Red,Beige,None reported,Yes,3550,2.5,218.0,0,,
Mercedes-Benz,GLE 350 Base 4MATIC,2017,57000,Gasoline,302.0HP 3.5L V6 Cylinder Engine Gasoline Fuel,7-Speed A/T,White,Black,At least 1 accident or damage reported,Yes,29500,3.5,302.0,0,6,
Chevrolet,Silverado 1500 1LT,2017,89000,Gasoline,355.0HP 5.3L 8 Cylinder Engine Gasoline Fuel,6-Speed A/T,Gray,Gray,None reported,Yes,29999,5.3,355.0,0,,
Chevrolet,Tahoe LTZ,2015,134500,Gasoline,355.0HP 5.3L 8 Cylinder Engine Gasoline Fuel,A/T,Black,Black,None reported,Yes,28000,5.3,355.0,0,,
Acura,MDX Technology,2022,15895,Gasoline,3.5L V6 24V GDI SOHC,10-Speed Automatic,Majestic Black Pearl,Parchment,None reported,Unknown,47950,3.5,,0,6,24
Bentley,Bentayga Speed,2020,15109,Gasoline,6.0L W12 48V PDI DOHC Twin Turbo,8-Speed Automatic,Ice,Beluga Hide,,Unknown,162950,6.0,,1,,48
Rolls-Royce,Cullinan,2022,398,Gasoline,6.7L V12 48V GDI DOHC Twin Turbo,8-Speed Automatic,Silver,Charles Blue,None reported,Yes,695000,6.7,,1,12,48
Genesis,GV70 2.5T,2022,20319,Gasoline,300.0HP 2.5L 4 Cylinder Engine Gasoline Fuel,Transmission w/Dual Shift Mode,White,Black,None reported,Yes,44249,2.5,300.0,0,,
Pontiac,Firebird Base,1999,158000,Gasoline,200.0HP 3.8L V6 Cylinder Engine Gasoline Fuel,4-Speed A/T,White,Black,At least 1 accident or damage reported,Yes,2500,3.8,200.0,0,6,
Lexus,GX 460 Base,2021,40906,Gasoline,4.6 Liter,Automatic,Black,Black,None reported,Unknown,51998,4.6,,0,,
BMW,ALPINA B7 ALPINA B7 xDrive,2020,33749,Gasoline,4.4 Liter Twin Turbo,Automatic,Blue,Red,None reported,Unknown,85998,4.4,,1,,
BMW,M4 Competition xDrive,2023,1120,Gasoline,503.0HP 3.0L Straight 6 Cylinder Engine Gasoline Fuel,8-Speed A/T,Gray,White,None reported,Yes,92900,3.0,503.0,0,,
Jeep,Grand Cherokee L Limited,2021,26088,Gasoline,3.6L V6 24V MPFI DOHC,8-Speed Automatic,Silver Zynith,Global Black,None reported,Unknown,38383,3.6,,0,6,24
Kia,Forte GT-Line,2022,14950,Gasoline,147.0HP 2.0L 4 Cylinder Engine Gasoline Fuel,A/T,Silver,Gray,At least 1 accident or damage reported,Yes,24000,2.0,147.0,0,,
Kia,Forte LX,2018,47466,Gasoline,"2L I-4 DOHC, D-CVVT variable valve control, engine with 147HP",Automatic,Silky Silver,Black,None reported,Unknown,14699,2.0,,0,,
BMW,X6 M Base,2022,10376,Gasoline,4.4L V8 32V GDI DOHC Twin Turbo,8-Speed Automatic,Ametrin Metallic,Black,None reported,Unknown,98900,4.4,,1,8,32
RAM,ProMaster 3500 High Roof,2021,18500,Gasoline,280.0HP 3.6L V6 Cylinder Engine Gasoline Fuel,A/T,White,Black,None reported,Yes,41950,3.6,280.0,0,6,
Volkswagen,Atlas Cross Sport 3.6L V6 SEL Premium,2021,24596,Gasoline,3.6L V6 24V GDI DOHC,8-Speed Automatic,Deep Black Pearl Effect,Titan Black / Quarzit,None reported,Unknown,38322,3.6,,0,6,24
Hyundai,Santa Fe SEL,2021,2905,Gasoline,2.5L I4 16V PDI DOHC,8-Speed Automatic,Shimmering Silver,Black,None reported,Unknown,27599,2.5,,0,,16
Jaguar,XF 3.0 Portfolio,2015,71290,Gasoline,340.0HP 3.0L V6 Cylinder Engine Gasoline Fuel,A/T,Brown,Black,At least 1 accident or damage reported,Yes,21000,3.0,340.0,0,6,
Audi,A7 55 Premium Plus,2022,15000,Hybrid,335.0HP 3.0L V6 Cylinder Engine Gasoline/Mild Electric Hybrid,A/T,Gray,Black,None reported,Yes,63000,3.0,335.0,0,6,
INFINITI,QX30 Premium,2017,37900,Gasoline,208.0HP 2.0L 4 Cylinder Engine Gasoline Fuel,7-Speed A/T,Gray,Black,None reported,Yes,22000,2.0,208.0,0,,
Mercedes-Benz,AMG G 63 4MATIC,2022,2000,Gasoline,577.0HP 4.0L 8 Cylinder Engine Gasoline Fuel,Transmission w/Dual Shift Mode,Black,Black,,Unknown,244896,4.0,577.0,0,,
Mercedes-Benz,AMG C 43 AMG C 43 4MATIC,2019,32500,Gasoline,385.0HP 3.0L V6 Cylinder Engine Gasoline Fuel,9-Speed A/T,Black,Black,None reported,Yes,43500,3.0,385.0,0,6,
Mitsubishi,Lancer Evolution Base,2003,61491,Gasoline,271.0HP 2.0L 4 Cylinder Engine Gasoline Fuel,5-Speed M/T,Blue,Black,At least 1 accident or damage reported,Yes,28000,2.0,271.0,0,,
Jeep,Wrangler Unlimited Sport,2013,77634,Gasoline,3.6L V6 24V MPFI DOHC,5-Speed Automatic,Gecko Pearlcoat,Black,None reported,Unknown,24590,3.6,,0,6,24
Audi,A3 2.0 TDI Premium Plus,2015,83000,Diesel,150.0HP 2.0L 4 Cylinder Engine Diesel Fuel,6-Speed A/T,Black,Black,At least 1 accident or damage reported,Yes,18999,2.0,150.0,0,,
Volkswagen,Jetta GLX VR6,2002,121800,Gasoline,174.0HP 2.8L V6 Cylinder Engine Gasoline Fuel,5-Speed M/T,Black,Black,None reported,Yes,4300,2.8,174.0,0,6,
BMW,ALPINA B7 ALPINA B7 xDrive,2020,65852,Gasoline,4.4 Liter Twin Turbo,Automatic,Black,Mocha,None reported,Unknown,68998,4.4,,1,,
Bentley,Bentayga Azure First Edition,2023,1335,Gasoline,4.0L V8 32V GDI DOHC Twin Turbo,8-Speed Automatic,Onyx,Portland,None reported,Yes,272950,4.0,,1,8,32
Mercedes-Benz,CLA-Class CLA 250,2014,83315,Gasoline,208.0HP 2.0L 4 Cylinder Engine Gasoline Fuel,A/T,White,White,None reported,Yes,15000,2.0,208.0,0,,
BMW,i8 Base,2019,18421,Plug-In Hybrid,369.0HP 1.5L 3 Cylinder Engine Plug-In Electric/Gas,6-Speed A/T,Black,Black,,Unknown,85000,1.5,369.0,0,,
Lexus,CT 200h Premium,2015,101000,Hybrid,134.0HP 1.8L 4 Cylinder Engine Gas/Electric Hybrid,A/T,Black,Black,At least 1 accident or damage reported,Yes,16500,1.8,134.0,0,,
Toyota,Tundra SR5,2022,29322,Gasoline,3.4L V6 24V PDI DOHC Twin Turbo,10-Speed Automatic,Gray,Black,None reported,Unknown,44999,3.4,,1,6,24
Mercedes-Benz,SLC 300 Base,2019,23900,Gasoline,241.0HP 2.0L 4 Cylinder Engine Gasoline Fuel,9-Speed A/T,White,Black,None reported,Yes,35999,2.0,241.0,0,,
Mercedes-Benz,AMG C AMG C 63 S,2016,40515,Gasoline,4.0L V8 32V GDI DOHC Twin Turbo,7-Speed Automatic,Black,Black,At least 1 accident or damage reported,Unknown,47999,4.0,,1,8,32
Ford,F-150 XLT,2020,67516,Gasoline,3.5L V6 24V PDI DOHC Twin Turbo,Automatic,Gray,Medium Light Camel,None reported,Yes,36994,3.5,,1,6,24
Mazda,CX-9 Grand Touring,2010,155000,Gasoline,273.0HP 3.7L V6 Cylinder Engine Gasoline Fuel,6-Speed A/T,Silver,Black,None reported,Yes,8300,3.7,273.0,0,6,
Honda,Ridgeline RTL-E,2019,26998,Gasoline,3.5L V6 24V GDI SOHC,6-Speed Automatic,Black,Black,None reported,Unknown,35557,3.5,,0,6,24
Bentley,Bentayga Onyx Edition,2018,18500,Gasoline,600.0HP 6.0L 12 Cylinder Engine Gasoline Fuel,8-Speed A/T,Black,Brown,None reported,Yes,115000,6.0,600.0,0,,
MINI,Cooper S Clubman Base,2009,137600,Gasoline,172.0HP 1.6L 4 Cylinder Engine Gasoline Fuel,6-Speed M/T,Gold,Black,None reported,Yes,6880,1.6,172.0,0,,
Nissan,Murano SL,2005,125500,Gasoline,245.0HP 3.5L V6 Cylinder Engine Gasoline Fuel,CVT Transmission,Black,Beige,None reported,Yes,3950,3.5,245.0,0,6,
Bentley,Bentayga V8,2019,22039,Gasoline,542.0HP 4.0L 8 Cylinder Engine Gasoline Fuel,8-Speed A/T,White,Black,None reported,Yes,113990,4.0,542.0,0,,
Nissan,Juke SV,2011,137483,Gasoline,188.0HP 1.6L 4 Cylinder Engine Gasoline Fuel,CVT Transmission,White,Gray,None reported,Yes,3200,1.6,188.0,0,,
Ford,Expedition Max Limited,2019,67500,Gasoline,375.0HP 3.5L V6 Cylinder Engine Gasoline Fuel,10-Speed A/T,Gray,Black,None reported,Yes,40500,3.5,375.0,0,6,
Ford,Expedition Max King Ranch,2020,52000,Gasoline,375.0HP 3.5L V6 Cylinder Engine Gasoline Fuel,10-Speed A/T,Gray,Brown,At least 1 accident or damage reported,Yes,53722,3.5,375.0,0,6,
Lamborghini,Murcielago Base,2006,10000,Gasoline,571.0HP 6.2L 12 Cylinder Engine Gasoline Fuel,A/T,Red,Black,None reported,Yes,259000,6.2,571.0,0,,
Chevrolet,Suburban LT,2017,195361,Gasoline,355.0HP 5.3L 8 Cylinder Engine Gasoline Fuel,Transmission Overdrive Switch,Black,Black,At least 1 accident or damage reported,Yes,26000,5.3,355.0,0,,
Bentley,Bentayga Onyx Edition,2018,32500,Gasoline,600.0HP 6.0L 12 Cylinder Engine Gasoline Fuel,A/T,Black,Beige,At least 1 accident or damage reported,Yes,103000,6.0,600.0,0,,
BMW,M760 i xDrive,2019,14806,Gasoline,601.0HP 6.6L 12 Cylinder Engine Gasoline Fuel,Transmission w/Dual Shift Mode,Black,Black,At least 1 accident or damage reported,Yes,81330,6.6,601.0,0,,
Genesis,GV70 2.5T,2022,11000,Gasoline,300.0HP 2.5L 4 Cylinder Engine Gasoline Fuel,A/T,White,–,At least 1 accident or damage reported,Yes,48950,2.5,300.0,0,,
Chevrolet,Tahoe LT,2011,92530,E85 Flex Fuel,320.0HP 5.3L 8 Cylinder Engine Flex Fuel Capability,A/T,Red,Black,At least 1 accident or damage reported,Yes,18500,5.3,320.0,0,,
Dodge,Durango GT,2017,34845,Gasoline,295.0HP 3.6L V6 Cylinder Engine Gasoline Fuel,A/T,White,Black,At least 1 accident or damage reported,Yes,30000,3.6,295.0,0,6,
Porsche,718 Cayman GTS,2018,16280,Gasoline,365.0HP 2.5L 4 Cylinder Engine Gasoline Fuel,Transmission w/Dual Shift Mode,Red,Black,None reported,Yes,85500,2.5,365.0,0,,
Porsche,Cayman Base,2011,77000,Gasoline,265.0HP 2.9L Flat 6 Cylinder Engine Gasoline Fuel,A/T,Red,Beige,None reported,Yes,32000,2.9,265.0,0,,
Porsche,Panamera Turbo,2010,63000,Gasoline,500.0HP 4.8L 8 Cylinder Engine Gasoline Fuel,7-Speed A/T,Black,Beige,At least 1 accident or damage reported,Yes,38500,4.8,500.0,0,,
Lexus,ES 350 Base,2016,39700,Gasoline,268.0HP 3.5L V6 Cylinder Engine Gasoline Fuel,6-Speed A/T,White,Beige,None reported,Yes,25500,3.5,268.0,0,6,
Kia,Optima Hybrid LX,2013,103111,Hybrid,199.0HP 2.4L 4 Cylinder Engine Gas/Electric Hybrid,A/T,Silver,Beige,At least 1 accident or damage reported,Yes,9200,2.4,199.0,0,,
Land,Rover Range Rover Velar R-Dynamic SE,2019,75897,Gasoline,2.0 Liter,Automatic,Black,Black,None reported,Unknown,35998,2.0,,0,,
Jaguar,XF S,2017,55000,Gasoline,380.0HP 3.0L V6 Cylinder Engine Gasoline Fuel,Transmission w/Dual Shift Mode,Gray,Red,None reported,Yes,34000,3.0,380.0,0,6,
Lexus,GX 470 Base,2005,114000,Gasoline,270.0HP 4.7L 8 Cylinder Engine Gasoline Fuel,A/T,Silver,Gray,At least 1 accident or damage reported,Yes,13450,4.7,270.0,0,,
Mercedes-Benz,GL-Class GL 550,2011,80124,Gasoline,382.0HP 5.5L 8 Cylinder Engine Gasoline Fuel,7-Speed A/T,Black,Black,None reported,Yes,17500,5.5,382.0,0,,
BMW,X6 M Base,2023,7000,Gasoline,600.0HP 4.4L 8 Cylinder Engine Gasoline Fuel,Transmission w/Dual Shift Mode,Gray,Gray,None reported,Yes,144900,4.4,600.0,0,,
RAM,1500 Longhorn,2023,4285,Gasoline,5.7L V8 16V MPFI OHV,Automatic,Delmonico Red Pearlcoat,Black / Saddle,None reported,Yes,65688,5.7,,0,8,16
Lamborghini,Huracan LP580-2S,2019,17175,Gasoline,5.2L V10 40V GDI DOHC,7-Speed Automatic with Auto-Shift,Rosso Mars Metallic,Nero Ade,None reported,Unknown,234900,5.2,,0,10,40
Toyota,Highlander Hybrid Limited Platinum,2017,34049,Hybrid,3.5L V6 24V PDI DOHC Hybrid,Automatic CVT,Shoreline Blue Pearl,Ash,None reported,Unknown,37999,3.5,,0,6,24
Audi,e-tron Prestige,2019,16000,,355.0HP Electric Motor Electric Fuel System,A/T,White,Beige,At least 1 accident or damage reported,Yes,39990,,355.0,0,,
GMC,Suburban 2500,1996,95000,Gasoline,290.0HP 7.4L 8 Cylinder Engine Gasoline Fuel,4-Speed A/T,White,Gray,None reported,Yes,25000,7.4,290.0,0,,
Land,Rover Range Rover Velar SVAutobiography Dynamic Edition,2020,59355,Gasoline,V8,Automatic,Santorini Black,Ebony / Pimento,None reported,Yes,72995,,,0,8,
Chevrolet,Bolt EUV Premier,2022,31000,,200.0HP Electric Motor Electric Fuel System,1-Speed A/T,Red,White,None reported,Yes,36000,,200.0,0,,
BMW,M240 i,2019,19300,Gasoline,335.0HP 3.0L Straight 6 Cylinder Engine Gasoline Fuel,8-Speed A/T,White,Red,None reported,Yes,36000,3.0,335.0,0,,
Cadillac,Escalade EXT Base,2009,155000,E85 Flex Fuel,403.0HP 6.2L 8 Cylinder Engine Flex Fuel Capability,6-Speed A/T,Red,Beige,At least 1 accident or damage reported,Yes,16900,6.2,403.0,0,,
Scion,tC Release Series 6.0,2010,120010,Gasoline,161.0HP 2.4L 4 Cylinder Engine Gasoline Fuel,4-Speed A/T,Gray,Black,At least 1 accident or damage reported,Yes,6500,2.4,161.0,0,,
Kia,Optima EX,2012,152520,Gasoline,200.0HP 2.4L 4 Cylinder Engine Gasoline Fuel,6-Speed A/T,White,Beige,None reported,Yes,10900,2.4,200.0,0,,
Honda,Civic EX,1993,58981,–,–,A/T,White,Beige,None reported,Yes,9599,,,0,,
Maserati,Quattroporte Base,2005,32000,Gasoline,394.0HP 4.2L 8 Cylinder Engine Gasoline Fuel,Transmission w/Dual Shift Mode,Red,Beige,At least 1 accident or damage reported,Yes,2954083,4.2,394.0,0,,
Porsche,Panamera Turbo,2015,47000,Gasoline,520.0HP 4.8L 8 Cylinder Engine Gasoline Fuel,Transmission w/Dual Shift Mode,Black,Brown,None reported,Yes,50000,4.8,520.0,0,,
Genesis,G70 2.0T,2023,2046,Gasoline,252.0HP 2.0L 4 Cylinder Engine Gasoline Fuel,8-Speed A/T,Green,Gray,None reported,Yes,43499,2.0,252.0,0,,
Chevrolet,Trailblazer LS,2021,24965,Gasoline,1.2L I3 12V GDI DOHC Turbo,Automatic CVT,Mosaic Black Metallic,Jet Black,At least 1 accident or damage reported,Yes,22995,1.2,,1,,12
Toyota,Camry LE,2005,108000,Gasoline,160.0HP 2.4L 4 Cylinder Engine Gasoline Fuel,5-Speed A/T,Beige,Gray,None reported,Yes,7850,2.4,160.0,0,,
Toyota,Sienna LE,2015,76000,Gasoline,266.0HP 3.5L V6 Cylinder Engine Gasoline Fuel,A/T,Red,Gray,None reported,Yes,18300,3.5,266.0,0,6,
Porsche,911 Carrera S,2014,30000,Gasoline,400.0HP 3.8L Flat 6 Cylinder Engine Gasoline Fuel,7-Speed A/T,Black,Brown,None reported,Yes,78500,3.8,400.0,0,,
Volvo,V60 T6 R-Design Platinum,2015,59271,Gasoline,325.0HP 3.0L Straight 6 Cylinder Engine Gasoline Fuel,6-Speed A/T,Blue,Black,None reported,Yes,29900,3.0,325.0,0,,
Lexus,LX 600 Premium,2023,1500,Gasoline,409.0HP 3.4L V6 Cylinder Engine Gasoline Fuel,10-Speed A/T,Gray,Black,,Unknown,119500,3.4,409.0,0,6,
BMW,330e iPerformance,2017,52500,Plug-In Hybrid,247.0HP 2.0L 4 Cylinder Engine Plug-In Electric/Gas,Transmission w/Dual Shift Mode,Blue,Black,At least 1 accident or damage reported,Yes,24950,2.0,247.0,0,,
Tesla,Model Y Long Range,2020,23100,,425.0HP Electric Motor Electric Fuel System,A/T,Blue,White,None reported,Yes,36495,,425.0,0,,
FIAT,124 Spider Abarth,2017,45000,Gasoline,164.0HP 1.4L 4 Cylinder Engine Gasoline Fuel,6-Speed M/T,Gray,Black,At least 1 accident or damage reported,Yes,22500,1.4,164.0,0,,
Dodge,Ram 1500 Quad Cab,2002,179000,Gasoline,245.0HP 5.9L 8 Cylinder Engine Gasoline Fuel,A/T,Black,Black,At least 1 accident or damage reported,Yes,6500,5.9,245.0,0,,
Toyota,Supra A91-MT Edition,2023,1500,Gasoline,382.0HP 3.0L Straight 6 Cylinder Engine Gasoline Fuel,6-Speed M/T,Gray,Orange,None reported,Yes,84900,3.0,382.0,0,,
BMW,X7 xDrive40i,2022,38671,Hybrid,3.0 Liter Turbo,Automatic,Gray,Blk,None reported,Unknown,66998,3.0,,1,,
Jeep,Wrangler Unlimited X,2007,135465,Gasoline,205.0HP 3.8L V6 Cylinder Engine Gasoline Fuel,A/T,Black,Gray,None reported,Yes,15750,3.8,205.0,0,6,
MINI,Countryman Cooper S ALL4,2014,79000,Gasoline,181.0HP 1.6L 4 Cylinder Engine Gasoline Fuel,Transmission w/Dual Shift Mode,White,Black,None reported,Yes,17000,1.6,181.0,0,,
Nissan,Maxima SV,2012,42259,Gasoline,290.0HP 3.5L V6 Cylinder Engine Gasoline Fuel,CVT Transmission,Black,Black,At least 1 accident or damage reported,Yes,17000,3.5,290.0,0,6,
Toyota,Camry Solara SLE V6,2006,159890,Gasoline,225.0HP 3.3L V6 Cylinder Engine Gasoline Fuel,A/T,Blue,Gray,At least 1 accident or damage reported,Yes,6500,3.3,225.0,0,6,
Maserati,Grecale Modena,2023,2200,Hybrid,325.0HP 2.0L 4 Cylinder Engine Gasoline/Mild Electric Hybrid,Transmission w/Dual Shift Mode,Black,Red,None reported,Yes,75000,2.0,325.0,0,,
Lexus,RX 450h Base,2022,15833,Hybrid,308.0HP 3.5L V6 Cylinder Engine Gas/Electric Hybrid,CVT Transmission,White,Beige,None reported,Yes,52000,3.5,308.0,0,6,
BMW,328 i xDrive,2013,96000,Gasoline,240.0HP 2.0L 4 Cylinder Engine Gasoline Fuel,Transmission w/Dual Shift Mode,Black,Black,At least 1 accident or damage reported,Yes,13500,2.0,240.0,0,,
BMW,135 i,2009,72900,Gasoline,300.0HP 3.0L Straight 6 Cylinder Engine Gasoline Fuel,6-Speed A/T,Gray,Gray,None reported,Yes,15500,3.0,300.0,0,,
BMW,X7 M50i,2021,7121,Gasoline,4.4 Liter Twin Turbo,Automatic,Gray,Black,None reported,Unknown,94998,4.4,,1,,
Hyundai,Tucson Hybrid SEL Convenience,2023,3402,Hybrid,226.0HP 1.6L 4 Cylinder Engine Gas/Electric Hybrid,A/T,White,Black,None reported,Yes,44000,1.6,226.0,0,,
Volvo,C30 T5 Premier Plus,2013,73000,Gasoline,227.0HP 2.5L 5 Cylinder Engine Gasoline Fuel,A/T,Silver,Black,None reported,Yes,13900,2.5,227.0,0,,
Karma,Revero Base,2018,21000,,403.0HP 2.0L Electric Motor Electric Fuel System,A/T,White,Black,None reported,Yes,51000,2.0,403.0,0,,
BMW,X7 xDrive40i,2021,30309,Hybrid,3.0 Liter Turbo,Automatic,Blue,Tan,None reported,Unknown,63598,3.0,,1,,
Ford,Mustang Mach-E California Route 1,2021,24000,,290.0HP Electric Motor Electric Fuel System,1-Speed A/T,White,Black,None reported,Yes,38000,,290.0,0,,
BMW,740 i,2016,73000,Gasoline,320.0HP 3.0L Straight 6 Cylinder Engine Gasoline Fuel,Transmission w/Dual Shift Mode,Black,Black,None reported,Yes,23999,3.0,320.0,0,,
Ford,Edge SEL,2019,26465,Gasoline,2.0L I4 16V GDI DOHC Turbo,8-Speed Automatic,White Platinum Tri-Coat Metallic,Ebony,None reported,Unknown,24998,2.0,,1,,16
Volkswagen,Arteon 2.0T SEL Premium R-Line,2020,26870,Gasoline,2.0L I4 16V GDI DOHC Turbo,8-Speed Automatic,Deep Black Pearl Effect,Mistral Gray / Raven,At least 1 accident or damage reported,Yes,34645,2.0,,1,,16
Honda,Pilot EX,2004,184000,Gasoline,240.0HP 3.5L V6 Cylinder Engine Gasoline Fuel,A/T,Blue,Gray,At least 1 accident or damage reported,Yes,10500,3.5,240.0,0,6,
BMW,X7 ALPINA XB7,2022,4514,Gasoline,4.4 Liter Twin Turbo,Automatic,Gray,Black,None reported,Unknown,132998,4.4,,1,,
RAM,2500 Tradesman,2022,1300,Gasoline,410.0HP 6.4L 8 Cylinder Engine Gasoline Fuel,8-Speed A/T,Red,Black,None reported,Yes,48000,6.4,410.0,0,,
Jeep,Grand Cherokee Limited,2018,49924,Gasoline,293.0HP 3.6L V6 Cylinder Engine Gasoline Fuel,8-Speed A/T,White,Black,None reported,Yes,26500,3.6,293.0,0,6,
GMC,Yukon Denali,2019,36526,Gasoline,420.0HP 6.2L 8 Cylinder Engine Gasoline Fuel,10-Speed A/T,Red,Black,None reported,Yes,57850,6.2,420.0,0,,
BMW,M6 Base,2015,37000,Gasoline,560.0HP 4.4L 8 Cylinder Engine Gasoline Fuel,Transmission w/Dual Shift Mode,Silver,Silver,None reported,Yes,45950,4.4,560.0,0,,
Acura,MDX 3.5L w/Advance & Entertainment Pkgs,2017,79884,Gasoline,3.5L V6 24V GDI SOHC,9-Speed Automatic,Gray,Graystone,At least 1 accident or damage reported,Unknown,24840,3.5,,0,6,24
Volkswagen,Beetle 1.8T,2016,30000,Gasoline,170.0HP 1.8L 4 Cylinder Engine Gasoline Fuel,Transmission w/Dual Shift Mode,Blue,Beige,At least 1 accident or damage reported,Yes,19000,1.8,170.0,0,,
BMW,X6 M Base,2021,11102,Gasoline,600.0HP 4.4L 8 Cylinder Engine Gasoline Fuel,8-Speed A/T,Black,Black,None reported,Yes,101000,4.4,600.0,0,,
Ford,Mustang GT Premium,2012,105500,Gasoline,412.0HP 5.0L 8 Cylinder Engine Gasoline Fuel,6-Speed M/T,Silver,Black,None reported,Yes,19000,5.0,412.0,0,,
BMW,X7 xDrive50i,2019,31157,Gasoline,4.4 Liter GDI DOHC Twin Turbo,Automatic,Black,Blk,None reported,Unknown,65998,4.4,,1,,
Kia,Sorento LX V6,2019,86204,Gasoline,3.3L V6 24V GDI DOHC,8-Speed Automatic,Sparkling Silver,Satin Black,At least 1 accident or damage reported,Unknown,20708,3.3,,0,6,24
BMW,435 i,2014,80211,Gasoline,300.0HP 3.0L Straight 6 Cylinder Engine Gasoline Fuel,A/T,Gray,Red,At least 1 accident or damage reported,Yes,17995,3.0,300.0,0,,
Aston,Martin V8 Vantage Base,2010,25991,Gasoline,420.0HP 4.7L 8 Cylinder Engine Gasoline Fuel,6-Speed A/T,Silver,Black,None reported,Yes,69995,4.7,420.0,0,,
Mercedes-Benz,CLK-Class CLK 350,2008,73000,Gasoline,268.0HP 3.5L V6 Cylinder Engine Gasoline Fuel,7-Speed A/T,Black,Black,None reported,Yes,8400,3.5,268.0,0,6,
BMW,740 i,2018,40989,Gasoline,320.0HP 3.0L Straight 6 Cylinder Engine Gasoline Fuel,8-Speed A/T,Black,Gold,None reported,Yes,35000,3.0,320.0,0,,
Dodge,Caliber Express,2010,102681,Gasoline,158.0HP 2.0L 4 Cylinder Engine Gasoline Fuel,M/T,Red,Black,None reported,Yes,6000,2.0,158.0,0,,
Acura,ZDX Base,2010,123000,Gasoline,300.0HP 3.7L V6 Cylinder Engine Gasoline Fuel,Transmission w/Dual Shift Mode,Black,Black,At least 1 accident or damage reported,Yes,13888,3.7,300.0,0,6,
Jeep,Wrangler X,2005,160900,Gasoline,190.0HP 4.0L Straight 6 Cylinder Engine Gasoline Fuel,4-Speed A/T,Black,–,At least 1 accident or damage reported,Yes,7200,4.0,190.0,0,,
BMW,M3 Base,2011,105000,Gasoline,414.0HP 4.0L 8 Cylinder Engine Gasoline Fuel,6-Speed M/T,Silver,Black,At least 1 accident or damage reported,Yes,21900,4.0,414.0,0,,
Kia,Sportage Plug-In Hybrid X-Line,2023,1340,Plug-In Hybrid,177.0HP 1.6L 4 Cylinder Engine Plug-In Electric/Gas,A/T,Black,Black,None reported,Yes,41000,1.6,177.0,0,,
Ford,Mustang Mach-E Premium,2021,17850,,266.0HP Electric Motor Electric Fuel System,A/T,Red,Black,None reported,Yes,41999,,266.0,0,,
BMW,M3 Base,2011,72277,Gasoline,414.0HP 4.0L 8 Cylinder Engine Gasoline Fuel,Transmission w/Dual Shift Mode,Gray,Red,None reported,Yes,34950,4.0,414.0,0,,
Jeep,Wrangler Rubicon,2023,7000,Hybrid,285.0HP 3.6L V6 Cylinder Engine Gasoline/Mild Electric Hybrid,8-Speed A/T,Gray,Black,None reported,Yes,46000,3.6,285.0,0,6,
Porsche,Panamera 4 Platinum Edition,2022,10627,Gasoline,"2.9L V-6 gasoline direct injection, DOHC, variable valve control","Automatic, 8-Spd PDK Dual-Clutch",Chalk,BLACK,None reported,Unknown,99000,2.9,,0,,
Ford,Explorer XLT,2020,67015,Gasoline,2.3L I4 16V GDI DOHC Turbo,10-Speed Automatic,Oxford White,Sandstone,None reported,Unknown,28590,2.3,,1,,16
BMW,M4 Base,2018,19600,Gasoline,425.0HP 3.0L Straight 6 Cylinder Engine Gasoline Fuel,7-Speed A/T,Black,Black,At least 1 accident or damage reported,Yes,62000,3.0,425.0,0,,
Ford,Mustang Mach-E Premium,2022,5800,,346.0HP Electric Motor Electric Fuel System,1-Speed A/T,White,White,None reported,Yes,42500,,346.0,0,,
FIAT,500e Battery Electric,2017,33812,,111.0HP Electric Motor Electric Fuel System,1-Speed A/T,Silver,Black,None reported,Yes,14999,,111.0,0,,
Cadillac,Escalade Luxury,2015,99897,Gasoline,420.0HP 6.2L 8 Cylinder Engine Gasoline Fuel,8-Speed A/T,Black,Black,None reported,Yes,26950,6.2,420.0,0,,
Mercedes-Benz,SL-Class SL 550,2014,127500,Gasoline,429.0HP 4.7L 8 Cylinder Engine Gasoline Fuel,Transmission w/Dual Shift Mode,White,White,None reported,Yes,29000,4.7,429.0,0,,
Ford,Expedition Limited,2021,23842,Gasoline,3.5L V6 24V PDI DOHC Twin Turbo,10-Speed Automatic,Gray,Medium Stone,None reported,Yes,59203,3.5,,1,6,24
Rivian,R1S Adventure Package,2023,2108,,835.0HP Electric Motor Electric Fuel System,1-Speed A/T,Silver,White,None reported,Yes,91000,,835.0,0,,
BMW,M6 Base,2014,65550,Gasoline,560.0HP 4.4L 8 Cylinder Engine Gasoline Fuel,Transmission w/Dual Shift Mode,Black,Black,None reported,Yes,39985,4.4,560.0,0,,
Lamborghini,Huracan LP580-2,2017,22000,Gasoline,573.0HP 5.2L 10 Cylinder Engine Gasoline Fuel,Transmission w/Dual Shift Mode,White,Black,None reported,Yes,210000,5.2,573.0,0,,
Ford,Bronco Wildtrak Advanced,2022,15600,Gasoline,315.0HP 2.7L V6 Cylinder Engine Gasoline Fuel,Transmission w/Dual Shift Mode,Gray,–,At least 1 accident or damage reported,Yes,68995,2.7,315.0,0,6,
Lexus,LC 500 Base,2021,22400,Gasoline,471.0HP 5.0L 8 Cylinder Engine Gasoline Fuel,A/T,White,Red,None reported,Yes,81900,5.0,471.0,0,,
Lexus,LS 460 Crafted Line,2015,89150,Gasoline,360.0HP 4.6L 8 Cylinder Engine Gasoline Fuel,A/T,White,Black,None reported,Yes,31900,4.6,360.0,0,,
BMW,M4 Base,2023,15000,Gasoline,"3L I-6 gasoline direct injection, DOHC, Double VANOS variable va","Automatic, 8-Spd M STEPTRONIC w/Drivelogic, Sport & Manual Modes",BLUE,ORANGE,None reported,Unknown,81000,3.0,,0,,
Audi,A3 2.0T Tech Premium,2018,49500,Gasoline,220.0HP 2.0L 4 Cylinder Engine Gasoline Fuel,6-Speed A/T,Blue,Gray,None reported,Yes,25000,2.0,220.0,0,,
Audi,S8 4.2 quattro,2003,126000,Gasoline,360.0HP 4.2L 8 Cylinder Engine Gasoline Fuel,Transmission w/Dual Shift Mode,Gray,Black,,Unknown,13850,4.2,360.0,0,,
Volkswagen,Golf GTI 2.0T Autobahn 4-Door,2015,85385,Gasoline,210.0HP 2.0L 4 Cylinder Engine Gasoline Fuel,6-Speed M/T,Gray,Black,None reported,Yes,15550,2.0,210.0,0,,
Cadillac,Escalade Sport,2023,3000,Diesel,277.0HP 3.0L Straight 6 Cylinder Engine Diesel Fuel,A/T,White,Brown,None reported,Yes,123999,3.0,277.0,0,,
Hyundai,Tucson SE,2018,66126,Gasoline,2.0L I4 16V GDI DOHC,6-Speed Automatic,Dazzling White,Gray,None reported,Unknown,19190,2.0,,0,,16
Toyota,GR86 Premium,2023,1075,Gasoline,228.0HP 2.4L 4 Cylinder Engine Gasoline Fuel,6-Speed M/T,White,Black,None reported,Yes,35000,2.4,228.0,0,,
Ford,Bronco Raptor,2023,2489,Gasoline,3.0L V6 24V GDI DOHC Twin Turbo,10-Speed Automatic,Oxford White,Black Onyx,None reported,Unknown,98900,3.0,,1,6,24
Hyundai,Santa Fe SEL,2021,25000,Gasoline,191.0HP 2.5L 4 Cylinder Engine Gasoline Fuel,8-Speed A/T,Black,Gray,None reported,Yes,28500,2.5,191.0,0,,
Nissan,Armada Platinum,2017,92000,Gasoline,390.0HP 5.6L 8 Cylinder Engine Gasoline Fuel,7-Speed A/T,Black,Black,None reported,Yes,20900,5.6,390.0,0,,
Lexus,GX 470 Base,2008,123500,Gasoline,263.0HP 4.7L 8 Cylinder Engine Gasoline Fuel,A/T,White,Gray,At least 1 accident or damage reported,Yes,14500,4.7,263.0,0,,
Cadillac,CTS Premium,2013,105000,Gasoline,318.0HP 3.6L V6 Cylinder Engine Gasoline Fuel,6-Speed A/T,Black,Black,At least 1 accident or damage reported,Yes,12000,3.6,318.0,0,6,
Audi,R8 Base,2008,49000,Gasoline,420.0HP 4.2L 8 Cylinder Engine Gasoline Fuel,6-Speed M/T,Black,Black,None reported,Yes,63000,4.2,420.0,0,,
Jaguar,F-PACE S,2020,28357,Gasoline,3.0 Liter,Automatic,Santorini Black Metallic,Pimento Red w/Ebony,None reported,Unknown,47598,3.0,,0,,
Chevrolet,Silverado 1500 1LT,2018,81000,E85 Flex Fuel,285.0HP 4.3L V6 Cylinder Engine Flex Fuel Capability,A/T,Red,Gray,None reported,Yes,32000,4.3,285.0,0,6,
Ford,Expedition Limited,2021,45000,Gasoline,375.0HP 3.5L V6 Cylinder Engine Gasoline Fuel,Transmission w/Dual Shift Mode,Gray,Black,None reported,Yes,52000,3.5,375.0,0,6,
Toyota,Sequoia Platinum,2011,173456,E85 Flex Fuel,381.0HP 5.7L 8 Cylinder Engine Flex Fuel Capability,6-Speed A/T,Black,Gray,At least 1 accident or damage reported,Yes,16000,5.7,381.0,0,,
BMW,M440 i,2021,13700,Hybrid,382.0HP 3.0L Straight 6 Cylinder Engine Gasoline/Mild Electric Hybrid,8-Speed A/T,Black,Beige,,Unknown,60000,3.0,382.0,0,,
Audi,A8 L 55,2019,93400,Hybrid,335.0HP 3.0L V6 Cylinder Engine Gasoline/Mild Electric Hybrid,A/T,Silver,Brown,None reported,Yes,42500,3.0,335.0,0,6,
Toyota,Avalon XLE,2015,90000,Gasoline,268.0HP 3.5L V6 Cylinder Engine Gasoline Fuel,6-Speed A/T,White,Beige,None reported,Yes,18200,3.5,268.0,0,6,
Porsche,Macan Base,2017,40600,Gasoline,252.0HP 2.0L 4 Cylinder Engine Gasoline Fuel,7-Speed A/T,Gray,Black,None reported,Yes,32000,2.0,252.0,0,,
Lexus,IS 350 F Sport,2023,20121,Gasoline,311.0HP 3.5L V6 Cylinder Engine Gasoline Fuel,8-Speed A/T,Gray,Red,None reported,Yes,47124,3.5,311.0,0,6,
Mercedes-Benz,Metris Base,2020,3921,Gasoline,2.0L I4 16V GDI DOHC Turbo,7-Speed Automatic,Black,White,None reported,Yes,175000,2.0,,1,,16
Lexus,RX 350 Base,2011,187450,Gasoline,275.0HP 3.5L V6 Cylinder Engine Gasoline Fuel,A/T,Silver,Beige,At least 1 accident or damage reported,Yes,10400,3.5,275.0,0,6,
Toyota,Supra A91 Edition,2021,6400,Gasoline,382.0HP 3.0L Straight 6 Cylinder Engine Gasoline Fuel,Transmission w/Dual Shift Mode,Gray,Black,None reported,Yes,68000,3.0,382.0,0,,
Mercedes-Benz,AMG C 43 Base 4MATIC,2017,54500,Gasoline,362.0HP 3.0L V6 Cylinder Engine Gasoline Fuel,9-Speed A/T,White,Black,None reported,Yes,37995,3.0,362.0,0,6,
BMW,X6 xDrive50i,2017,78500,Gasoline,445.0HP 4.4L 8 Cylinder Engine Gasoline Fuel,8-Speed A/T,Red,Brown,At least 1 accident or damage reported,Yes,42000,4.4,445.0,0,,
Chevrolet,Tahoe LT,2018,75000,Gasoline,355.0HP 5.3L 8 Cylinder Engine Gasoline Fuel,6-Speed A/T,Silver,Black,None reported,Yes,36000,5.3,355.0,0,,
Ford,F-150 SVT Raptor,2014,89988,Gasoline,411.0HP 6.2L 8 Cylinder Engine Gasoline Fuel,A/T,Red,Red,At least 1 accident or damage reported,Yes,42500,6.2,411.0,0,,
Subaru,Outback 3.0 R VDC Limited,2005,107000,Gasoline,250.0HP 3.0L Flat 6 Cylinder Engine Gasoline Fuel,A/T,Gold,Beige,None reported,Yes,7100,3.0,250.0,0,,
Alfa,Romeo Giulia Ti,2019,21400,Gasoline,280.0HP 2.0L 4 Cylinder Engine Gasoline Fuel,8-Speed A/T,White,Black,None reported,Yes,28500,2.0,280.0,0,,
Mazda,CX-7 Grand Touring,2007,83150,Gasoline,244.0HP 2.3L 4 Cylinder Engine Gasoline Fuel,6-Speed A/T,White,Beige,None reported,Yes,6950,2.3,244.0,0,,
Ford,F-150 Platinum,2018,92000,Diesel,250.0HP 3.0L V6 Cylinder Engine Diesel Fuel,10-Speed A/T,Black,Black,At least 1 accident or damage reported,Yes,36500,3.0,250.0,0,6,
Mercedes-Benz,GLE 350 Base 4MATIC,2021,15042,Gasoline,2.0L I4 16V GDI DOHC Turbo,9-Speed Automatic,Selenite Gray Metallic,Macchiato,None reported,Unknown,54599,2.0,,1,,16
Audi,A7 3.0T Premium Plus,2017,39000,Gasoline,333.0HP 3.0L V6 Cylinder Engine Gasoline Fuel,Transmission w/Dual Shift Mode,Black,Black,At least 1 accident or damage reported,Yes,35000,3.0,333.0,0,6,
RAM,2500 Laramie,2017,67483,Gasoline,410.0HP 6.4L 8 Cylinder Engine Gasoline Fuel,6-Speed A/T,Brown,Beige,At least 1 accident or damage reported,Yes,46500,6.4,410.0,0,,
Tesla,Model S 70D,2015,62089,,329.0HP Electric Motor Electric Fuel System,A/T,Black,Beige,None reported,Yes,29975,,329.0,0,,
Audi,S8 4.0T Plus,2017,54300,Gasoline,605.0HP 4.0L 8 Cylinder Engine Gasoline Fuel,8-Speed A/T,Black,Black,None reported,Yes,53500,4.0,605.0,0,,
Hyundai,Sonata Hybrid Limited,2022,30565,Hybrid,192.0HP 2.0L 4 Cylinder Engine Gas/Electric Hybrid,A/T,Gray,Black,None reported,Yes,29000,2.0,192.0,0,,
Audi,A8 L 4.0T,2016,142666,Gasoline,450.0HP 4.0L 8 Cylinder Engine Gasoline Fuel,8-Speed A/T,Black,Black,At least 1 accident or damage reported,Yes,22000,4.0,450.0,0,,
Ford,Ranger Sport SuperCab,2009,166200,Gasoline,207.0HP 4.0L V6 Cylinder Engine Gasoline Fuel,A/T,Blue,Gray,At least 1 accident or damage reported,Yes,6999,4.0,207.0,0,6,
INFINITI,Q50 Hybrid Premium,2015,88977,Hybrid,354.0HP 3.5L V6 Cylinder Engine Gas/Electric Hybrid,7-Speed A/T,Gray,Black,At least 1 accident or damage reported,Yes,19977,3.5,354.0,0,6,
BMW,M3 Base,2011,114890,Gasoline,414.0HP 4.0L 8 Cylinder Engine Gasoline Fuel,Transmission w/Dual Shift Mode,White,Beige,None reported,Yes,20990,4.0,414.0,0,,
Mercedes-Benz,E-Class E 350 4MATIC,2009,171000,Gasoline,268.0HP 3.5L V6 Cylinder Engine Gasoline Fuel,5-Speed A/T,Black,Black,At least 1 accident or damage reported,Yes,4750,3.5,268.0,0,6,
Ford,Explorer sport,2019,90067,Gasoline,3.5L V6 24V GDI DOHC Twin Turbo,6-Speed Automatic,Black,Ebony Black,None reported,Unknown,28590,3.5,,1,6,24
Chevrolet,Camaro 1LT,2014,97579,Gasoline,323.0HP 3.6L V6 Cylinder Engine Gasoline Fuel,Transmission w/Dual Shift Mode,Black,Black,At least 1 accident or damage reported,Yes,15000,3.6,323.0,0,6,
Mazda,MX-5 Miata RF Grand Touring,2017,52000,Gasoline,155.0HP 2.0L 4 Cylinder Engine Gasoline Fuel,6-Speed M/T,Black,Black,At least 1 accident or damage reported,Yes,20500,2.0,155.0,0,,
Jeep,Grand Cherokee L Limited,2021,25968,Gasoline,3.6L V6 24V MPFI DOHC,8-Speed Automatic,Metallic,Global Black,None reported,Unknown,38405,3.6,,0,6,24
MINI,Hardtop Cooper S,2016,41680,Gasoline,189.0HP 2.0L 4 Cylinder Engine Gasoline Fuel,6-Speed A/T,Silver,Black,None reported,Yes,17495,2.0,189.0,0,,
Saab,9-3 SE,2002,77200,Gasoline,205.0HP 2.0L 4 Cylinder Engine Gasoline Fuel,5-Speed M/T,Black,Beige,None reported,Yes,7500,2.0,205.0,0,,
BMW,X5 xDrive40i,2019,50000,Gasoline,335.0HP 3.0L Straight 6 Cylinder Engine Gasoline Fuel,8-Speed A/T,Blue,Gold,None reported,Yes,43000,3.0,335.0,0,,
Porsche,Macan,2021,21613,Gasoline,2.0 Liter,Automatic,White,–,None reported,Unknown,58998,2.0,,0,,
Audi,Q3 S line Premium Plus,2022,17377,Gasoline,2.0 Liter TFSI,Automatic,Glacier White,Pearl Beige,None reported,Unknown,39998,2.0,,0,,
GMC,Acadia SLE,2020,30426,Gasoline,2.5L I4 16V GDI DOHC,9-Speed Automatic,Ebony Twilight Metallic,Jet Black,,Unknown,29645,2.5,,0,,16
Audi,allroad 2.7T,2005,153000,Gasoline,250.0HP 2.7L V6 Cylinder Engine Gasoline Fuel,M/T,Blue,Blue,At least 1 accident or damage reported,Yes,6500,2.7,250.0,0,6,
Mercury,Marauder Base,2004,56600,Gasoline,302.0HP 4.6L 8 Cylinder Engine Gasoline Fuel,Transmission Overdrive Switch,Silver,Black,None reported,Yes,23000,4.6,302.0,0,,
Hyundai,Genesis 3.8,2015,116612,Gasoline,311.0HP 3.8L V6 Cylinder Engine Gasoline Fuel,8-Speed A/T,White,White,At least 1 accident or damage reported,Yes,12700,3.8,311.0,0,6,
Audi,SQ5 3.0T Premium Plus,2018,72000,Gasoline,354.0HP 3.0L V6 Cylinder Engine Gasoline Fuel,A/T,Blue,Black,At least 1 accident or damage reported,Yes,30000,3.0,354.0,0,6,
Audi,A8 L 55,2019,39000,Hybrid,335.0HP 3.0L V6 Cylinder Engine Gasoline/Mild Electric Hybrid,8-Speed A/T,Black,Brown,None reported,Yes,50000,3.0,335.0,0,6,
Lincoln,Navigator Base,2008,149000,Gasoline,300.0HP 5.4L 8 Cylinder Engine Gasoline Fuel,A/T,Gold,Beige,None reported,Yes,10099,5.4,300.0,0,,
BMW,M4 Base,2018,19300,Gasoline,425.0HP 3.0L Straight 6 Cylinder Engine Gasoline Fuel,6-Speed M/T,White,Silver,None reported,Yes,64000,3.0,425.0,0,,
Mazda,CX-9 Carbon Edition,2021,27836,Gasoline,2.5L I4 16V GDI DOHC Turbo,6-Speed Automatic,Polymetal Gray Metallic,Red,None reported,Yes,36969,2.5,,1,,16
Chevrolet,Corvette Stingray w/1LT,2023,3273,Gasoline,490.0HP 6.2L 8 Cylinder Engine Gasoline Fuel,Transmission w/Dual Shift Mode,Black,Red,None reported,Yes,78999,6.2,490.0,0,,
Ford,F-150 Lariat,2017,74349,Gasoline,375.0HP 3.5L V6 Cylinder Engine Gasoline Fuel,10-Speed A/T,White,–,None reported,Yes,36000,3.5,375.0,0,6,
Ford,F-250 Lariat,2019,85000,Diesel,450.0HP 6.7L 8 Cylinder Engine Diesel Fuel,6-Speed A/T,White,Black,At least 1 accident or damage reported,Yes,55000,6.7,450.0,0,,
Ferrari,Roma Base,2022,2250,Gasoline,611.0HP 3.9L 8 Cylinder Engine Gasoline Fuel,8-Speed A/T,Gray,Blue,None reported,Yes,259500,3.9,611.0,0,,
Mercedes-Benz,GLS 450 Base 4MATIC,2017,46100,Gasoline,362.0HP 3.0L V6 Cylinder Engine Gasoline Fuel,9-Speed A/T,Black,Beige,At least 1 accident or damage reported,Yes,33000,3.0,362.0,0,6,
Hyundai,Santa Fe SEL Plus 2.4,2019,49500,Gasoline,185.0HP 2.4L 4 Cylinder Engine Gasoline Fuel,8-Speed A/T,Silver,Gray,None reported,Yes,28000,2.4,185.0,0,,
Mercedes-Benz,E-Class E 350,2012,31130,Gasoline,302.0HP 3.5L V6 Cylinder Engine Gasoline Fuel,7-Speed A/T,Black,Black,None reported,Yes,23500,3.5,302.0,0,6,
Ford,F-250 XLT SuperCab Super Duty,2008,149460,Diesel,350.0HP 6.4L 8 Cylinder Engine Diesel Fuel,A/T,Blue,Gray,At least 1 accident or damage reported,Yes,12240,6.4,350.0,0,,
Mercury,Marauder Base,2003,90000,Gasoline,302.0HP 4.6L 8 Cylinder Engine Gasoline Fuel,4-Speed A/T,Blue,Beige,At least 1 accident or damage reported,Yes,15500,4.6,302.0,0,,
Ford,Transit-350 XLT,2021,48000,E85 Flex Fuel,275.0HP 3.5L V6 Cylinder Engine Flex Fuel Capability,A/T,White,Gray,None reported,Yes,57000,3.5,275.0,0,6,
Mercedes-Benz,C-Class C 300 4MATIC Sport,2013,98000,Gasoline,248.0HP 3.5L V6 Cylinder Engine Gasoline Fuel,A/T,White,Beige,At least 1 accident or damage reported,Yes,15500,3.5,248.0,0,6,
Volkswagen,Arteon SEL R-Line,2022,18655,Gasoline,2.0 Liter TSI,Automatic,Oryx White Prl,Titan Black,None reported,Unknown,38698,2.0,,0,,
Chevrolet,Suburban 2500 LS,2006,60000,Gasoline,325.0HP 8.1L 8 Cylinder Engine Gasoline Fuel,A/T,Brown,Brown,At least 1 accident or damage reported,Yes,24950,8.1,325.0,0,,
Chevrolet,Suburban 1500 LT,2014,169500,E85 Flex Fuel,320.0HP 5.3L 8 Cylinder Engine Flex Fuel Capability,A/T,Purple,Brown,None reported,Yes,15000,5.3,320.0,0,,
Mitsubishi,Eclipse GS,2008,189500,Gasoline,162.0HP 2.4L 4 Cylinder Engine Gasoline Fuel,5-Speed M/T,Red,Black,None reported,Yes,6000,2.4,162.0,0,,
Toyota,Land Cruiser Base,2016,91000,Gasoline,381.0HP 5.7L 8 Cylinder Engine Gasoline Fuel,A/T,Black,Brown,None reported,Yes,68500,5.7,381.0,0,,
Genesis,G80 2.5T,2022,7396,Gasoline,2.5L I4 16V PDI DOHC Turbo,8-Speed Automatic,Black Forest Green,Black,None reported,Unknown,41299,2.5,,1,,16
Toyota,Tundra SR5 Access Cab,2004,229450,Gasoline,240.0HP 4.7L 8 Cylinder Engine Gasoline Fuel,A/T,Gray,Gray,None reported,Yes,8250,4.7,240.0,0,,
Maserati,Quattroporte Modena Q4,2023,8603,Gasoline,3.0L V6 24V GDI DOHC Twin Turbo,8-Speed Automatic,Blu,Tan,None reported,Unknown,125900,3.0,,1,6,24
Audi,RS 5 4.2,2014,49098,Gasoline,450.0HP 4.2L 8 Cylinder Engine Gasoline Fuel,Transmission w/Dual Shift Mode,White,Black,At least 1 accident or damage reported,Yes,44900,4.2,450.0,0,,
Nissan,Rogue S,2022,21212,Gasoline,1.5L I3 12V GDI DOHC Turbo,Automatic CVT,Gun Metallic,Charcoal,None reported,Unknown,28906,1.5,,1,,12
Porsche,Panamera 4S,2010,62743,Gasoline,400.0HP 4.8L 8 Cylinder Engine Gasoline Fuel,Transmission w/Dual Shift Mode,Silver,Gray,None reported,Yes,28600,4.8,400.0,0,,
BMW,M440 i xDrive,2021,24300,Hybrid,382.0HP 3.0L Straight 6 Cylinder Engine Gasoline/Mild Electric Hybrid,8-Speed A/T,Gray,Beige,None reported,Yes,49999,3.0,382.0,0,,
Cadillac,Escalade Premium,2010,104000,E85 Flex Fuel,403.0HP 6.2L 8 Cylinder Engine Flex Fuel Capability,A/T,Gray,–,None reported,Yes,19500,6.2,403.0,0,,
Volvo,S60 T6 Momentum,2020,46250,Gasoline,2.0L I4 16V GDI DOHC,8-Speed Automatic,White,Charcoal,At least 1 accident or damage reported,Yes,27800,2.0,,0,,16
Mazda,CX-9 Touring Plus,2023,1930,Gasoline,2.5L I4 16V GDI DOHC Turbo,6-Speed Automatic,Jet Black Mica,Black,At least 1 accident or damage reported,Yes,40655,2.5,,1,,16
Chrysler,Pacifica Hybrid Touring L,2022,61494,Hybrid,3.6L V6 24V MPFI DOHC Hybrid,Automatic CVT,Bright White Clearcoat,Black,None reported,Unknown,35850,3.6,,0,6,24
Jeep,Wrangler Unlimited Sport,2020,24040,Gasoline,2.0L I4 16V GDI DOHC Turbo,8-Speed Automatic,Black Clearcoat,Black,None reported,Yes,35273,2.0,,1,,16
Toyota,Highlander Base,2001,231581,Gasoline,220.0HP 3.0L V6 Cylinder Engine Gasoline Fuel,A/T,Beige,Beige,None reported,Yes,4300,3.0,220.0,0,6,
Ford,F-150 Lariat,2019,81000,Gasoline,375.0HP 3.5L V6 Cylinder Engine Gasoline Fuel,10-Speed A/T,Gray,Black,None reported,Yes,38500,3.5,375.0,0,6,
Ford,Bronco,1974,6217,–,–,–,Dark Gray Metallic,–,None reported,Yes,115000,,,0,,
Land,Rover Discovery Sport S R-Dynamic,2022,23568,Gasoline,2.0 Liter,Automatic,Firenze Red,Ebony,None reported,Unknown,44998,2.0,,0,,
Mazda,Mazda6 Touring,2020,78700,Gasoline,187.0HP 2.5L 4 Cylinder Engine Gasoline Fuel,A/T,White,Black,None reported,Yes,18000,2.5,187.0,0,,
Kia,Optima EX,2015,109580,Gasoline,192.0HP 2.4L 4 Cylinder Engine Gasoline Fuel,6-Speed A/T,Red,Black,At least 1 accident or damage reported,Yes,11900,2.4,192.0,0,,
Lexus,RX 350 Base,2009,178000,Gasoline,270.0HP 3.5L V6 Cylinder Engine Gasoline Fuel,A/T,Gray,Gray,At least 1 accident or damage reported,Yes,4500,3.5,270.0,0,6,
Mitsubishi,Outlander Sport 2.4 SE,2016,131193,Gasoline,2.4L I4 16V MPFI DOHC,Automatic CVT,Black,Black,None reported,Yes,11970,2.4,,0,,16
Mercedes-Benz,GLS 450 Base 4MATIC,2017,106000,Gasoline,362.0HP 3.0L V6 Cylinder Engine Gasoline Fuel,9-Speed A/T,White,Black,None reported,Yes,25900,3.0,362.0,0,6,
Audi,A3 2.0T Premium,2019,28211,Gasoline,184.0HP 2.0L 4 Cylinder Engine Gasoline Fuel,Transmission w/Dual Shift Mode,Gray,Black,At least 1 accident or damage reported,Yes,27500,2.0,184.0,0,,
Audi,A4 2.0T Premium,2015,91403,E85 Flex Fuel,2.0L I4 16V GDI DOHC Turbo Flexible Fuel,8-Speed Automatic,Silver,Gray,None reported,Unknown,14998,2.0,,1,,16
Mercedes-Benz,CLA-Class CLA 250,2016,88600,Gasoline,208.0HP 2.0L 4 Cylinder Engine Gasoline Fuel,A/T,Black,Black,At least 1 accident or damage reported,Yes,16800,2.0,208.0,0,,
INFINITI,FX50 Base,2011,84900,Gasoline,390.0HP 5.0L 8 Cylinder Engine Gasoline Fuel,7-Speed A/T,Silver,Black,,Unknown,22450,5.0,390.0,0,,
Kia,K5 EX,2021,11154,Gasoline,1.6L I4 16V GDI DOHC Turbo,8-Speed Automatic,Glacial White Pearl,Black,None reported,Unknown,28998,1.6,,1,,16
BMW,X5 eDrive xDrive40e,2018,45090,Plug-In Hybrid,313.0HP 2.0L 4 Cylinder Engine Plug-In Electric/Gas,8-Speed A/T,Gray,Black,At least 1 accident or damage reported,Yes,30750,2.0,313.0,0,,
Mercedes-Benz,SLK-Class SLK230 Kompressor,2003,33272,Gasoline,192.0HP 2.3L 4 Cylinder Engine Gasoline Fuel,A/T,Red,Gray,At least 1 accident or damage reported,Yes,11900,2.3,192.0,0,,
Jeep,Wrangler SE,2003,71000,Gasoline,150.0HP 2.4L 4 Cylinder Engine Gasoline Fuel,5-Speed M/T,Red,Gray,None reported,Yes,12499,2.4,150.0,0,,
Kia,Telluride SX,2020,55400,Gasoline,291.0HP 3.8L V6 Cylinder Engine Gasoline Fuel,8-Speed A/T,Green,White,,Unknown,36500,3.8,291.0,0,6,
Land,Rover LR4 Lux,2012,141525,Gasoline,375.0HP 5.0L 8 Cylinder Engine Gasoline Fuel,A/T,Black,Black,None reported,Yes,14490,5.0,375.0,0,,
Jaguar,XKR Base,2007,50000,Gasoline,420.0HP 4.2L 8 Cylinder Engine Gasoline Fuel,Transmission w/Dual Shift Mode,Black,Beige,At least 1 accident or damage reported,Yes,21900,4.2,420.0,0,,
BMW,M4 Base,2020,29140,Gasoline,425.0HP 3.0L Straight 6 Cylinder Engine Gasoline Fuel,M/T,Orange,Orange,None reported,Yes,71995,3.0,425.0,0,,
BMW,M340 i xDrive,2022,9000,Hybrid,382.0HP 3.0L Straight 6 Cylinder Engine Gasoline/Mild Electric Hybrid,8-Speed A/T,White,Red,None reported,Yes,56900,3.0,382.0,0,,
Mercedes-Benz,AMG GLE 53 AMG GLE 53,2021,5595,Hybrid,3.0 Liter Turbo,Automatic,designo Diamond White Metallic,Black,None reported,Unknown,83598,3.0,,1,,
RAM,1500 Laramie,2022,34121,Gasoline,5.7L V8 16V MPFI OHV,Automatic,Granite Crystal Clearcoat Metallic,Black,None reported,Unknown,48190,5.7,,0,8,16
BMW,ALPINA B7 Base,2013,36750,Gasoline,445.0HP 4.4L 8 Cylinder Engine Gasoline Fuel,A/T,Black,Black,None reported,Yes,35999,4.4,445.0,0,,
Mercedes-Benz,C-Class C280 4MATIC,2007,49626,Gasoline,228.0HP 3.0L V6 Cylinder Engine Gasoline Fuel,A/T,White,–,None reported,Yes,12000,3.0,228.0,0,6,
Jeep,Compass High Altitude,2017,45000,Gasoline,172.0HP 2.4L 4 Cylinder Engine Gasoline Fuel,A/T,White,Beige,At least 1 accident or damage reported,Yes,16500,2.4,172.0,0,,
Toyota,Highlander Hybrid XLE,2019,69350,Hybrid,306.0HP 3.5L V6 Cylinder Engine Gas/Electric Hybrid,A/T,Black,Gray,None reported,Yes,36000,3.5,306.0,0,6,
BMW,X5 M Base,2022,8307,Gasoline,4.4L V8 32V GDI DOHC Twin Turbo,8-Speed Automatic,Blue Metallic,Sakhir Orange,None reported,Unknown,98900,4.4,,1,8,32
BMW,M3 Base,2023,4106,Gasoline,3.0L I6 24V GDI DOHC Twin Turbo,6-Speed Manual,Isle of Man Green Metallic,Kyalami Orange,None reported,Yes,84645,3.0,,1,,24
BMW,M3 Base,1999,184700,Gasoline,240.0HP 3.2L Straight 6 Cylinder Engine Gasoline Fuel,5-Speed M/T,Blue,Gray,None reported,Yes,36950,3.2,240.0,0,,
Maserati,Quattroporte S Q4 GranLusso,2018,57500,Gasoline,424.0HP 3.0L V6 Cylinder Engine Gasoline Fuel,8-Speed A/T,White,Brown,None reported,Yes,41900,3.0,424.0,0,6,
Acura,RDX Advance Package,2021,29000,Gasoline,272.0HP 2.0L 4 Cylinder Engine Gasoline Fuel,10-Speed A/T,Black,Black,None reported,Yes,39650,2.0,272.0,0,,
Mercedes-Benz,GLA-Class GLA 250 4MATIC,2015,61675,Gasoline,208.0HP 2.0L 4 Cylinder Engine Gasoline Fuel,Transmission w/Dual Shift Mode,Gray,Black,At least 1 accident or damage reported,Yes,19000,2.0,208.0,0,,
Mercedes-Benz,Sprinter 3500XD High Roof,2021,33300,Diesel,188.0HP 3.0L V6 Cylinder Engine Diesel Fuel,7-Speed A/T,White,Black,None reported,Yes,45000,3.0,188.0,0,6,
Cadillac,XTS Luxury,2014,62950,Gasoline,304.0HP 3.6L V6 Cylinder Engine Gasoline Fuel,6-Speed A/T,Silver,Gray,At least 1 accident or damage reported,Yes,17498,3.6,304.0,0,6,
Chevrolet,Camaro 2LT,2015,56675,Gasoline,323.0HP 3.6L V6 Cylinder Engine Gasoline Fuel,Transmission w/Dual Shift Mode,Silver,Black,None reported,Yes,19750,3.6,323.0,0,6,
Porsche,Cayenne S,2013,92000,Gasoline,400.0HP 4.8L 8 Cylinder Engine Gasoline Fuel,8-Speed A/T,Green,Gray,None reported,Yes,23000,4.8,400.0,0,,
Dodge,Magnum R/T,2005,96000,Gasoline,340.0HP 5.7L 8 Cylinder Engine Gasoline Fuel,5-Speed A/T,Gray,Gold,At least 1 accident or damage reported,Yes,12000,5.7,340.0,0,,
INFINITI,Q70 3.7X,2014,33500,Gasoline,330.0HP 3.7L V6 Cylinder Engine Gasoline Fuel,7-Speed A/T,Black,Black,None reported,Yes,23000,3.7,330.0,0,6,
Land,Rover Range Rover SV Autobiography Dynamic SWB,2020,16754,Gasoline,557.0HP 5.0L 8 Cylinder Engine Gasoline Fuel,8-Speed A/T,White,White,None reported,Yes,112000,5.0,557.0,0,,
Toyota,Camry Hybrid Base,2007,53249,Hybrid,147.0HP 2.4L 4 Cylinder Engine Gas/Electric Hybrid,A/T,Silver,Gray,At least 1 accident or damage reported,Yes,9250,2.4,147.0,0,,
GMC,Acadia SLT-1,2016,119000,Gasoline,281.0HP 3.6L V6 Cylinder Engine Gasoline Fuel,A/T,Gold,Brown,None reported,Yes,12500,3.6,281.0,0,6,
Lincoln,Corsair Reserve,2021,29336,Gasoline,2.0L I4 16V GDI DOHC Turbo,8-Speed Automatic,Black,Sandstone,None reported,Unknown,36999,2.0,,1,,16
RAM,2500 SLT,2017,86000,Diesel,350.0HP 6.7L Straight 6 Cylinder Engine Diesel Fuel,6-Speed A/T,Gray,Gray,At least 1 accident or damage reported,Yes,41000,6.7,350.0,0,,
RAM,3500 Laramie,2014,177000,Diesel,385.0HP 6.7L Straight 6 Cylinder Engine Diesel Fuel,6-Speed A/T,Black,–,At least 1 accident or damage reported,Yes,40500,6.7,385.0,0,,
Mercedes-Benz,GL-Class GL 450 4MATIC,2013,93500,Gasoline,362.0HP 4.6L 8 Cylinder Engine Gasoline Fuel,A/T,Black,Black,At least 1 accident or damage reported,Yes,15900,4.6,362.0,0,,
BMW,M5 Base,2018,47700,Gasoline,600.0HP 4.4L 8 Cylinder Engine Gasoline Fuel,8-Speed A/T,Red,White,At least 1 accident or damage reported,Yes,54999,4.4,600.0,0,,
Ford,Mustang SVT Cobra,2003,97496,Gasoline,390.0HP 4.6L 8 Cylinder Engine Gasoline Fuel,6-Speed M/T,Gray,Gray,,Unknown,24500,4.6,390.0,0,,
Acura,ILX Premium Package,2022,16120,Gasoline,2.4L I4 16V GDI DOHC,8-Speed Automatic with Auto-Shift,Gray,Ebony,None reported,Unknown,26599,2.4,,0,,16
Buick,Rainier CXL,2005,147589,Gasoline,275.0HP 4.2L Straight 6 Cylinder Engine Gasoline Fuel,A/T,White,Beige,At least 1 accident or damage reported,Yes,2800,4.2,275.0,0,,
Cadillac,Escalade Luxury,2013,95570,E85 Flex Fuel,403.0HP 6.2L 8 Cylinder Engine Flex Fuel Capability,A/T,Black,Black,At least 1 accident or damage reported,Yes,22000,6.2,403.0,0,,
Mercedes-Benz,S-Class S 560,2018,45791,Gasoline,463.0HP 4.0L 8 Cylinder Engine Gasoline Fuel,9-Speed A/T,Gray,Gray,None reported,Yes,52000,4.0,463.0,0,,
INFINITI,QX80 Base,2016,60000,Gasoline,400.0HP 5.6L 8 Cylinder Engine Gasoline Fuel,7-Speed A/T,Silver,Beige,At least 1 accident or damage reported,Yes,25950,5.6,400.0,0,,
Buick,Encore Preferred,2019,50000,Gasoline,138.0HP 1.4L 4 Cylinder Engine Gasoline Fuel,6-Speed A/T,White,Black,None reported,Yes,18795,1.4,138.0,0,,
Mercedes-Benz,GLS 450 Base 4MATIC,2019,33481,Gasoline,3.0L V6 24V GDI DOHC Twin Turbo,9-Speed Automatic,Black,Almond Beige,None reported,Unknown,43999,3.0,,1,6,24
Jeep,Liberty Limited,2010,107000,Gasoline,210.0HP 3.7L V6 Cylinder Engine Gasoline Fuel,A/T,Gray,Gray,None reported,Yes,5900,3.7,210.0,0,6,
Mercedes-Benz,S-Class S 63 AMG,2011,60000,Gasoline,536.0HP 5.5L 8 Cylinder Engine Gasoline Fuel,Transmission w/Dual Shift Mode,White,Black,At least 1 accident or damage reported,Yes,37000,5.5,536.0,0,,
Audi,A8 L 3.0T,2016,55000,Gasoline,333.0HP 3.0L V6 Cylinder Engine Gasoline Fuel,A/T,White,Brown,None reported,Yes,28000,3.0,333.0,0,6,
Mazda,CX-30 2.5 S Select Package,2022,4004,Gasoline,186.0HP 2.5L 4 Cylinder Engine Gasoline Fuel,6-Speed A/T,Black,Black,None reported,Yes,25500,2.5,186.0,0,,
Bentley,Continental GT Speed,2009,57800,Gasoline,600.0HP 6.0L 12 Cylinder Engine Gasoline Fuel,6-Speed A/T,Blue,Beige,,Unknown,59400,6.0,600.0,0,,
Bentley,Continental GT V8,2022,10972,Gasoline,4.0L V8 32V GDI DOHC Twin Turbo,8-Speed Automatic with Auto-Shift,Red,Black,None reported,Yes,217950,4.0,,1,8,32
Bentley,Flying Spur V8,2022,27858,Gasoline,4.0L V8 32V GDI DOHC Twin Turbo,8-Speed Automatic with Auto-Shift,–,–,None reported,Yes,197750,4.0,,1,8,32
Porsche,911 Carrera 4S,2018,31678,Gasoline,3.0 Liter,–,Silver,–,None reported,Unknown,106798,3.0,,0,,
Volkswagen,Golf R 4-Door,2016,47144,Gasoline,292.0HP 2.0L 4 Cylinder Engine Gasoline Fuel,6-Speed M/T,Blue,Black,None reported,Yes,29950,2.0,292.0,0,,
Hyundai,Genesis Coupe 3.8 Grand Touring,2011,165454,Gasoline,306.0HP 3.8L V6 Cylinder Engine Gasoline Fuel,6-Speed A/T,Gray,Black,At least 1 accident or damage reported,Yes,4000,3.8,306.0,0,6,
Ford,F-150 XLT,2018,98000,Gasoline,375.0HP 3.5L V6 Cylinder Engine Gasoline Fuel,10-Speed A/T,White,–,At least 1 accident or damage reported,Yes,25500,3.5,375.0,0,6,
Hyundai,Tucson Limited,2020,39913,Gasoline,2.4L I4 16V GDI DOHC,6-Speed Automatic,Black Noir Pearl,Beige,None reported,Unknown,22749,2.4,,0,,16
Ford,Mustang V6,2013,147191,Gasoline,305.0HP 3.7L V6 Cylinder Engine Gasoline Fuel,6-Speed A/T,Blue,Black,At least 1 accident or damage reported,Yes,12990,3.7,305.0,0,6,
BMW,435 i,2014,53600,Gasoline,300.0HP 3.0L Straight 6 Cylinder Engine Gasoline Fuel,8-Speed A/T,Silver,Black,None reported,Yes,25980,3.0,300.0,0,,
Dodge,Challenger R/T,2010,100100,–,–,Transmission w/Dual Shift Mode,Purple,Black,None reported,Yes,17000,,,0,,
Mercedes-Benz,AMG G 63 Base,2020,1750,Gasoline,577.0HP 4.0L 8 Cylinder Engine Gasoline Fuel,9-Speed A/T,Blue,Black,None reported,Yes,199995,4.0,577.0,0,,
Dodge,Challenger SRT Hellcat,2020,2750,Gasoline,797.0HP 6.2L 8 Cylinder Engine Gasoline Fuel,8-Speed A/T,Orange,Black,None reported,Yes,104500,6.2,797.0,0,,
Porsche,Boxster Base,2013,40800,Gasoline,265.0HP 2.7L Flat 6 Cylinder Engine Gasoline Fuel,7-Speed A/T,Brown,Beige,None reported,Yes,35500,2.7,265.0,0,,
Porsche,Macan Base,2018,36798,Gasoline,2.0L I4 16V GDI DOHC Turbo,7-Speed Automatic with Auto-Shift,Volcano Grey Metallic,Black,At least 1 accident or damage reported,Yes,49500,2.0,,1,,16
Ford,F-250 XL,2021,77699,Diesel,6.7L V8 32V DDI OHV Turbo Diesel,Automatic,White,Medium Earth Gray,,Unknown,49883,6.7,,1,8,32
Ford,Mustang GT,2010,87500,Gasoline,315.0HP 4.6L 8 Cylinder Engine Gasoline Fuel,A/T,Red,Black,At least 1 accident or damage reported,Yes,14900,4.6,315.0,0,,
Chevrolet,Suburban LT,2020,93000,Gasoline,355.0HP 5.3L 8 Cylinder Engine Gasoline Fuel,A/T,Black,Black,None reported,Yes,38500,5.3,355.0,0,,
Mercedes-Benz,C-Class C 300 4MATIC,2018,41515,Gasoline,2.0L I4 16V GDI DOHC Turbo,9-Speed Automatic,Black,Black,None reported,Yes,28251,2.0,,1,,16
RAM,1500 Classic Warlock,2019,19000,E85 Flex Fuel,3.6L V6 24V MPFI DOHC Flexible Fuel,8-Speed Automatic,Diamond Black,Diesel Gray / Black,At least 1 accident or damage reported,Unknown,33242,3.6,,0,6,24
Toyota,Sequoia SR5,2023,1539,Hybrid,3.4L V6 24V PDI DOHC Twin Turbo Hybrid,Automatic,Green,Boulder,At least 1 accident or damage reported,Yes,76373,3.4,,1,6,24
BMW,M5 Base,2018,31090,Gasoline,600.0HP 4.4L 8 Cylinder Engine Gasoline Fuel,8-Speed A/T,Green,Black,At least 1 accident or damage reported,Yes,68000,4.4,600.0,0,,
Mazda,Mazda3 FWD w/Premium Package,2022,21701,Gasoline,2.5L I4 16V,6-Speed Automatic,Soul Red Crystal Metallic,Black,None reported,Unknown,25099,2.5,,0,,16
Nissan,Rogue SL,2016,97726,Gasoline,"2.5L I-4 DOHC, variable valve control, regular unleaded, engine",Variable,Gun Metallic,Charcoal,At least 1 accident or damage reported,Unknown,15998,2.5,,0,,
Audi,A7 3.0T Prestige,2015,73000,Diesel,240.0HP 3.0L V6 Cylinder Engine Diesel Fuel,8-Speed A/T,White,Gray,None reported,Yes,34000,3.0,240.0,0,6,
Genesis,G80 3.8,2020,23600,Gasoline,311.0HP 3.8L V6 Cylinder Engine Gasoline Fuel,A/T,Blue,Gray,None reported,Yes,31900,3.8,311.0,0,6,
Rolls-Royce,Ghost Base,2016,8755,Gasoline,563.0HP 6.6L 12 Cylinder Engine Gasoline Fuel,A/T,Black,Black,None reported,Yes,166900,6.6,563.0,0,,
BMW,M6 Gran Coupe Base,2019,20500,Gasoline,560.0HP 4.4L 8 Cylinder Engine Gasoline Fuel,Transmission w/Dual Shift Mode,Blue,Black,None reported,Yes,67900,4.4,560.0,0,,
Ford,Mustang V6,2013,57912,Gasoline,305.0HP 3.7L V6 Cylinder Engine Gasoline Fuel,6-Speed M/T,Black,Black,At least 1 accident or damage reported,Yes,18750,3.7,305.0,0,6,
BMW,650 i,2009,35000,Gasoline,360.0HP 4.8L 8 Cylinder Engine Gasoline Fuel,A/T,Black,Black,None reported,Yes,18500,4.8,360.0,0,,
Nissan,Leaf SV PLUS,2023,7089,,214.0HP Electric Motor Electric Fuel System,1-Speed A/T,Black,Black,At least 1 accident or damage reported,Yes,29895,,214.0,0,,
Lincoln,MKC Reserve,2019,35469,Gasoline,2.3L I4 16V GDI DOHC Turbo,6-Speed Automatic,Black,–,,Unknown,30890,2.3,,1,,16
Kia,Telluride EX,2022,14676,Gasoline,3.8L V6 24V GDI DOHC,8-Speed Automatic,Dark Moss,Gray,None reported,Unknown,46787,3.8,,0,6,24
Lincoln,Navigator Reserve,2022,13750,Gasoline,440.0HP 3.5L V6 Cylinder Engine Gasoline Fuel,10-Speed A/T,White,Beige,None reported,Yes,79999,3.5,440.0,0,6,
Mercedes-Benz,S-Class S 550 4MATIC,2015,13300,Gasoline,449.0HP 4.7L 8 Cylinder Engine Gasoline Fuel,A/T,Black,Black,None reported,Yes,62500,4.7,449.0,0,,
Chevrolet,Suburban LT,2017,117000,Gasoline,6.0L 8 Cylinder Engine Gasoline Fuel,6-Speed A/T,Blue,Beige,None reported,Yes,27000,6.0,,0,,
Audi,A7 55 Premium,2020,27100,Hybrid,335.0HP 3.0L V6 Cylinder Engine Gasoline/Mild Electric Hybrid,A/T,White,Black,None reported,Yes,50000,3.0,335.0,0,6,
Ford,Mustang EcoBoost Premium,2017,89352,Gasoline,310.0HP 2.3L 4 Cylinder Engine Gasoline Fuel,6-Speed A/T,White,Black,At least 1 accident or damage reported,Yes,20989,2.3,310.0,0,,
Chevrolet,Cruze LS,2018,100000,Gasoline,153.0HP 1.4L 4 Cylinder Engine Gasoline Fuel,A/T,White,Black,At least 1 accident or damage reported,Yes,8500,1.4,153.0,0,,
Land,Rover Range Rover HSE SWB,2020,16000,Hybrid,395.0HP 3.0L Straight 6 Cylinder Engine Gasoline/Mild Electric Hybrid,A/T,Silver,Black,None reported,Yes,75500,3.0,395.0,0,,
Land,Rover Defender S,2023,15200,Gasoline,296.0HP 2.0L 4 Cylinder Engine Gasoline Fuel,A/T,White,Black,None reported,Yes,62999,2.0,296.0,0,,
BMW,650 i,2012,39960,Gasoline,400.0HP 4.4L 8 Cylinder Engine Gasoline Fuel,6-Speed M/T,White,Brown,None reported,Yes,38995,4.4,400.0,0,,
Ford,Mustang Base,2008,119000,Gasoline,210.0HP 4.0L V6 Cylinder Engine Gasoline Fuel,A/T,White,Black,At least 1 accident or damage reported,Yes,13500,4.0,210.0,0,6,
Kia,K5 GT-Line,2022,10971,Gasoline,1.6L I4 16V GDI DOHC Turbo,8-Speed Automatic,Passion Red,Black,None reported,Unknown,29998,1.6,,1,,16
Mazda,Mazda3 i Touring,2014,118500,Gasoline,155.0HP 2.0L 4 Cylinder Engine Gasoline Fuel,M/T,Silver,Black,At least 1 accident or damage reported,Yes,11500,2.0,155.0,0,,
Kia,Stinger GT1,2021,8288,Gasoline,365.0HP 3.3L V6 Cylinder Engine Gasoline Fuel,8-Speed A/T,Black,Black,None reported,Yes,45899,3.3,365.0,0,6,
Chevrolet,Camaro ZL1,2023,2950,Gasoline,650.0HP 6.2L 8 Cylinder Engine Gasoline Fuel,10-Speed A/T,Red,Gray,None reported,Yes,74500,6.2,650.0,0,,
Mercedes-Benz,AMG G 63 Base,2017,73000,Gasoline,563.0HP 5.5L 8 Cylinder Engine Gasoline Fuel,7-Speed A/T,White,Black,At least 1 accident or damage reported,Yes,78000,5.5,563.0,0,,
Ford,Thunderbird Premium,2005,82000,Gasoline,280.0HP 3.9L 8 Cylinder Engine Gasoline Fuel,Transmission w/Dual Shift Mode,Gold,White,None reported,Yes,14900,3.9,280.0,0,,
Audi,e-tron Prestige,2019,7874,,Electric,1-Speed Automatic,Typhoon Gray Metallic,Pearl Beige,None reported,Unknown,38999,,,0,,
GMC,Sierra 1500 SLT,2017,49105,Gasoline,420.0HP 6.2L 8 Cylinder Engine Gasoline Fuel,8-Speed A/T,White,Black,None reported,Yes,39750,6.2,420.0,0,,
Kia,Telluride LX,2023,5500,Gasoline,291.0HP 3.8L V6 Cylinder Engine Gasoline Fuel,8-Speed A/T,Silver,Black,None reported,Yes,40000,3.8,291.0,0,6,
Chevrolet,Corvette Base,2005,36700,Gasoline,400.0HP 6.0L 8 Cylinder Engine Gasoline Fuel,6-Speed M/T,Blue,Black,None reported,Yes,26000,6.0,400.0,0,,
BMW,650 i,2014,40000,Gasoline,445.0HP 4.4L 8 Cylinder Engine Gasoline Fuel,Transmission w/Dual Shift Mode,White,Beige,None reported,Yes,34000,4.4,445.0,0,,
Nissan,Rogue SL,2017,78110,Gasoline,170.0HP 2.5L 4 Cylinder Engine Gasoline Fuel,A/T,Silver,Black,,Unknown,17500,2.5,170.0,0,,
GMC,Acadia Denali,2015,74864,Gasoline,288.0HP 3.6L V6 Cylinder Engine Gasoline Fuel,A/T,Gray,Beige,None reported,Yes,19780,3.6,288.0,0,6,
Cadillac,Escalade Premium Luxury Platinum,2021,15350,Gasoline,420.0HP 6.2L 8 Cylinder Engine Gasoline Fuel,10-Speed A/T,Black,Black,None reported,Yes,93500,6.2,420.0,0,,
Nissan,GT-R Premium,2010,46100,Gasoline,485.0HP 3.8L V6 Cylinder Engine Gasoline Fuel,6-Speed A/T,Blue,Black,None reported,Yes,72999,3.8,485.0,0,6,
Toyota,Highlander XLE,2018,61454,Gasoline,295.0HP 3.5L V6 Cylinder Engine Gasoline Fuel,A/T,Silver,Gray,None reported,Yes,31000,3.5,295.0,0,6,
BMW,X7 xDrive40i,2020,45241,Gasoline,335.0HP 3.0L Straight 6 Cylinder Engine Gasoline Fuel,A/T,Blue,Brown,None reported,Yes,54500,3.0,335.0,0,,
INFINITI,QX60 Base,2018,48000,Gasoline,295.0HP 3.5L V6 Cylinder Engine Gasoline Fuel,CVT Transmission,Black,Black,None reported,Yes,27000,3.5,295.0,0,6,
Lexus,IS 250C Base,2010,68500,Gasoline,204.0HP 2.5L V6 Cylinder Engine Gasoline Fuel,6-Speed M/T,Black,Beige,None reported,Yes,18500,2.5,204.0,0,6,
GMC,Sierra 1500 Denali,2019,43433,Gasoline,5.3L V8 16V GDI OHV,Automatic,Onyx Black,Walnut,None reported,Unknown,51899,5.3,,0,8,16
Chevrolet,SSR Base,2005,122961,Gasoline,6.0L V8 16V MPFI OHV,4-Speed Automatic,Redline Red,Ebony,None reported,Yes,20995,6.0,,0,8,16
Dodge,Challenger R/T,2014,92861,Gasoline,375.0HP 5.7L 8 Cylinder Engine Gasoline Fuel,5-Speed A/T,Gray,Red,None reported,Yes,19750,5.7,375.0,0,,
Hyundai,Equus Signature,2016,72000,Gasoline,429.0HP 5.0L 8 Cylinder Engine Gasoline Fuel,8-Speed A/T,White,Beige,None reported,Yes,21400,5.0,429.0,0,,
Lamborghini,Aventador SVJ Base,2019,6929,Gasoline,759.0HP 6.5L 12 Cylinder Engine Gasoline Fuel,A/T,Blue,Black,None reported,Yes,649999,6.5,759.0,0,,
Ford,Mustang GT,2003,83000,Gasoline,260.0HP 4.6L 8 Cylinder Engine Gasoline Fuel,A/T,Gray,Black,None reported,Yes,10500,4.6,260.0,0,,
Audi,e-tron Premium,2021,18031,,Electric,1-Speed Automatic,Navarra Blue Metallic,Black,None reported,Unknown,39599,,,0,,
Toyota,Sequoia Limited,2023,8200,Hybrid,437.0HP 3.4L V6 Cylinder Engine Gas/Electric Hybrid,10-Speed A/T,Brown,Black,None reported,Yes,78900,3.4,437.0,0,6,
Land,Rover Range Rover Sport HST MHEV,2020,19000,Hybrid,395.0HP 3.0L Straight 6 Cylinder Engine Gasoline/Mild Electric Hybrid,Transmission w/Dual Shift Mode,Silver,Black,,Unknown,74900,3.0,395.0,0,,
Jeep,Grand Cherokee L Limited,2022,12875,Gasoline,3.6L V6 24V MPFI DOHC,8-Speed Automatic,Diamond Black,Global Black,None reported,Unknown,42599,3.6,,0,6,24
Maserati,GranTurismo Sport,2015,32000,Gasoline,454.0HP 4.7L 8 Cylinder Engine Gasoline Fuel,A/T,Beige,Brown,None reported,Yes,36000,4.7,454.0,0,,
BMW,M5 Base,2013,61145,Gasoline,560.0HP 4.4L 8 Cylinder Engine Gasoline Fuel,7-Speed A/T,White,Beige,At least 1 accident or damage reported,Yes,37500,4.4,560.0,0,,
Mercedes-Benz,C-Class 4MATIC Sedan,2022,9612,Gasoline,"2L I-4 gasoline direct injection, DOHC, variable valve control,","Automatic, 9-Spd 9G-Tronic",–,–,None reported,Unknown,43900,2.0,,0,,
Land,Rover Range Rover Sport First Edition,2023,3534,Hybrid,4.4 Liter,Automatic,Red,Black,None reported,Unknown,143998,4.4,,0,,
Ford,F-150 Lariat,2011,152000,Gasoline,365.0HP 3.5L V6 Cylinder Engine Gasoline Fuel,6-Speed A/T,Brown,Beige,None reported,Yes,14000,3.5,365.0,0,6,
Audi,A4 2.0T Premium,2012,129567,Gasoline,211.0HP 2.0L 4 Cylinder Engine Gasoline Fuel,A/T,White,Black,None reported,Yes,7000,2.0,211.0,0,,
BMW,540 i xDrive,2019,36000,Gasoline,335.0HP 3.0L Straight 6 Cylinder Engine Gasoline Fuel,8-Speed A/T,Gray,Black,At least 1 accident or damage reported,Yes,41995,3.0,335.0,0,,
BMW,X6 xDrive35i,2009,92008,Gasoline,300.0HP 3.0L Straight 6 Cylinder Engine Gasoline Fuel,6-Speed A/T,White,Black,None reported,Yes,12500,3.0,300.0,0,,
Ford,Mustang Base,1998,63900,Gasoline,150.0HP 3.8L V6 Cylinder Engine Gasoline Fuel,A/T,White,Gray,None reported,Yes,10300,3.8,150.0,0,6,
Toyota,Sequoia Limited,2012,150900,Gasoline,381.0HP 5.7L 8 Cylinder Engine Gasoline Fuel,A/T,Black,Gray,None reported,Yes,17500,5.7,381.0,0,,
Dodge,Challenger R/T Scat Pack,2019,43000,–,–,6-Speed M/T,Green,Black,None reported,Yes,50000,,,0,,
Land,Rover Range Rover 3.0L Supercharged,2018,38020,Gasoline,5.0 Liter,Automatic,White,Espresso,None reported,Unknown,63998,5.0,,0,,
Audi,Q8 55 Premium Plus,2021,14750,Hybrid,335.0HP 3.0L V6 Cylinder Engine Gasoline/Mild Electric Hybrid,Transmission w/Dual Shift Mode,Silver,Black,None reported,Yes,61059,3.0,335.0,0,6,
Subaru,WRX Base,2015,52500,Gasoline,268.0HP 2.0L 4 Cylinder Engine Gasoline Fuel,6-Speed M/T,Gray,Black,None reported,Yes,23000,2.0,268.0,0,,
Chevrolet,Suburban LT,2017,207571,Gasoline,355.0HP 5.3L 8 Cylinder Engine Gasoline Fuel,6-Speed A/T,Black,Black,At least 1 accident or damage reported,Yes,21000,5.3,355.0,0,,
INFINITI,QX60 Pure,2020,39000,Gasoline,295.0HP 3.5L V6 Cylinder Engine Gasoline Fuel,A/T,Gray,Gray,None reported,Yes,29900,3.5,295.0,0,6,
Porsche,Cayman Base,2011,66000,Gasoline,265.0HP 2.9L Flat 6 Cylinder Engine Gasoline Fuel,A/T,Black,Brown,,Unknown,28000,2.9,265.0,0,,
INFINITI,QX60 Base,2017,93500,Gasoline,295.0HP 3.5L V6 Cylinder Engine Gasoline Fuel,A/T,Black,Black,None reported,Yes,16000,3.5,295.0,0,6,
BMW,M4 Base,2018,7200,Gasoline,425.0HP 3.0L Straight 6 Cylinder Engine Gasoline Fuel,7-Speed A/T,Black,Black,None reported,Yes,64000,3.0,425.0,0,,
Maserati,MC20 MC20,2022,1220,Gasoline,"Nettuno 3L V-6 port/direct injection, DOHC, variable valve contr","Automatic, 8-Spd Dual-Clutch",–,–,None reported,Unknown,238900,3.0,,0,,
Land,Rover Defender SE,2023,8421,Hybrid,395.0HP 3.0L Straight 6 Cylinder Engine Gasoline/Mild Electric Hybrid,A/T,Black,White,None reported,Yes,90000,3.0,395.0,0,,
BMW,M8 Base,2020,25520,Gasoline,4.4L V8 32V GDI DOHC Twin Turbo,8-Speed Automatic,Brands Hatch Gray Metallic,Black,None reported,Unknown,84900,4.4,,1,8,32
Tesla,Model Y Performance,2020,30554,,Electric,1-Speed Automatic,Blue,Black,None reported,Unknown,41999,,,0,,
Volvo,C40 Recharge Pure Electric Twin Ultimate,2023,17000,,402.0HP Electric Motor Electric Fuel System,A/T,Gray,Blue,None reported,Yes,54900,,402.0,0,,
Mercedes-Benz,SL-Class SL 550,2011,41314,Gasoline,382.0HP 5.5L 8 Cylinder Engine Gasoline Fuel,Transmission w/Dual Shift Mode,Red,White,At least 1 accident or damage reported,Yes,30999,5.5,382.0,0,,
Land,Rover Range Rover P525 HSE SWB,2020,49899,Gasoline,518.0HP 5.0L 8 Cylinder Engine Gasoline Fuel,Transmission w/Dual Shift Mode,White,Black,At least 1 accident or damage reported,Yes,64500,5.0,518.0,0,,
Ford,Escape XLT,2012,186268,E85 Flex Fuel,240.0HP 3.0L V6 Cylinder Engine Flex Fuel Capability,6-Speed A/T,Blue,Black,None reported,Yes,4500,3.0,240.0,0,6,
Lexus,ES 350 Base,2016,51335,Gasoline,268.0HP 3.5L V6 Cylinder Engine Gasoline Fuel,6-Speed A/T,Silver,Black,At least 1 accident or damage reported,Yes,25995,3.5,268.0,0,6,
Porsche,718 Boxster GTS,2019,10400,Gasoline,365.0HP 2.5L 4 Cylinder Engine Gasoline Fuel,A/T,Gray,Black,None reported,Yes,99750,2.5,365.0,0,,
Mercedes-Benz,G-Class G 550,2020,20622,Gasoline,4.0 Liter Twin Turbo,Automatic,designo Diamond White Metallic,Black,None reported,Unknown,142998,4.0,,1,,
RAM,1500 Big Horn,2022,19376,Gasoline,5.7L V8 16V MPFI OHV,Automatic,Bright White Clearcoat,Black,None reported,Yes,45861,5.7,,0,8,16
Audi,R8 5.2 V10 performance,2020,12245,Gasoline,5.2L V10 40V PDI DOHC,7-Speed Automatic with Auto-Shift,Daytona Gray Pearl Effect w/ Black Roof,Black / Express Red,None reported,Unknown,187900,5.2,,0,10,40
Mitsubishi,Lancer Evolution IX,2006,77000,Gasoline,286.0HP 2.0L 4 Cylinder Engine Gasoline Fuel,5-Speed M/T,Silver,Black,None reported,Yes,57000,2.0,286.0,0,,
Acura,TL Technology,2013,40000,Gasoline,280.0HP 3.5L V6 Cylinder Engine Gasoline Fuel,6-Speed A/T,Blue,Gray,None reported,Yes,24000,3.5,280.0,0,6,
Cadillac,CTS Luxury,2012,113000,Gasoline,270.0HP 3.0L V6 Cylinder Engine Gasoline Fuel,6-Speed A/T,White,Beige,None reported,Yes,10000,3.0,270.0,0,6,
Chevrolet,Camaro 1SS,2022,7600,Gasoline,455.0HP 6.2L 8 Cylinder Engine Gasoline Fuel,6-Speed M/T,Gray,Black,At least 1 accident or damage reported,Yes,46000,6.2,455.0,0,,
Toyota,Camry Hybrid LE,2022,20400,Hybrid,208.0HP 2.5L 4 Cylinder Engine Gas/Electric Hybrid,CVT Transmission,White,Gray,None reported,Yes,29900,2.5,208.0,0,,
Ford,Transit-350 XLT,2019,115000,Gasoline,310.0HP 3.5L V6 Cylinder Engine Gasoline Fuel,A/T,White,Gray,None reported,Yes,39000,3.5,310.0,0,6,
Lexus,RX 450h Base,2012,239000,Hybrid,295.0HP 3.5L V6 Cylinder Engine Gas/Electric Hybrid,A/T,Black,Black,None reported,Yes,7000,3.5,295.0,0,6,
Jaguar,F-TYPE V6 S,2014,62194,Gasoline,3.0 Liter SC ULEV,Automatic,Black,Black,None reported,Unknown,32998,3.0,,0,,
Jeep,Wrangler Sahara,2020,22138,Gasoline,3.6 Liter,Automatic,Black,Black,None reported,Unknown,38598,3.6,,0,,
Porsche,718 Boxster S,2017,48900,Gasoline,350.0HP 2.5L 4 Cylinder Engine Gasoline Fuel,Transmission w/Dual Shift Mode,Blue,Black,None reported,Yes,62500,2.5,350.0,0,,
Audi,R8 5.2,2014,21800,Gasoline,525.0HP 5.2L 10 Cylinder Engine Gasoline Fuel,Transmission w/Dual Shift Mode,White,Black,None reported,Yes,117000,5.2,525.0,0,,
Lincoln,MKZ Base,2016,68200,Gasoline,300.0HP 3.7L V6 Cylinder Engine Gasoline Fuel,6-Speed A/T,Silver,Black,At least 1 accident or damage reported,Yes,16750,3.7,300.0,0,6,
Chevrolet,S-10 LS Crew Cab,2001,139000,Gasoline,190.0HP 4.3L V6 Cylinder Engine Gasoline Fuel,A/T,Red,Gray,None reported,Yes,7000,4.3,190.0,0,6,
Mercedes-Benz,G-Class G 550 4MATIC,2021,76100,Gasoline,416.0HP 4.0L 8 Cylinder Engine Gasoline Fuel,A/T,Black,Black,None reported,Yes,130000,4.0,416.0,0,,
Lexus,RX 350 RX 350 F SPORT Handling,2022,14330,Gasoline,3.5 Liter DOHC,Automatic,Black,Red,None reported,Unknown,54998,3.5,,0,,
BMW,750 i xDrive,2019,41906,Gasoline,445.0HP 4.4L 8 Cylinder Engine Gasoline Fuel,8-Speed A/T,Blue,White,At least 1 accident or damage reported,Yes,45999,4.4,445.0,0,,
Chevrolet,Camaro 2SS,2016,164000,Gasoline,455.0HP 6.2L 8 Cylinder Engine Gasoline Fuel,8-Speed A/T,Black,Red,None reported,Yes,21500,6.2,455.0,0,,
Ford,Fusion Hybrid SE,2013,161933,Hybrid,2.0L I4 16V MPFI DOHC Hybrid,Automatic CVT,Blue,Charcoal Black,None reported,Yes,7945,2.0,,0,,16
Hyundai,Santa Cruz 2.5T Limited,2022,22829,Gasoline,2.5L I4 16V PDI DOHC Turbo,Automatic,Hampton Gray,Black,None reported,Unknown,34580,2.5,,1,,16
Lexus,RX 350 F Sport,2023,5483,Gasoline,2.4L I4 16V PDI DOHC Turbo,8-Speed Automatic,Ultra White,Black,None reported,Unknown,59950,2.4,,1,,16
Land,Rover Range Rover Evoque S,2020,46891,Gasoline,246.0HP 2.0L 4 Cylinder Engine Gasoline Fuel,9-Speed A/T,Gray,Black,At least 1 accident or damage reported,Yes,31000,2.0,246.0,0,,
Chevrolet,Suburban LT,2019,72000,Gasoline,355.0HP 5.3L 8 Cylinder Engine Gasoline Fuel,A/T,Blue,Beige,At least 1 accident or damage reported,Yes,39000,5.3,355.0,0,,
Porsche,718 Spyder Base,2020,3400,Gasoline,414.0HP 4.0L Flat 6 Cylinder Engine Gasoline Fuel,6-Speed M/T,White,Black,None reported,Yes,129900,4.0,414.0,0,,
Chevrolet,Camaro 1LT,2021,18000,Gasoline,335.0HP 3.6L V6 Cylinder Engine Gasoline Fuel,10-Speed A/T,White,Black,At least 1 accident or damage reported,Yes,30000,3.6,335.0,0,6,
Jeep,Gladiator Freedom,2021,30630,Gasoline,3.6 Liter,Automatic,Hydro Blue Pearlcoat,Black,None reported,Unknown,39998,3.6,,0,,
Toyota,Tacoma Double Cab,2007,24985,Gasoline,236.0HP 4.0L V6 Cylinder Engine Gasoline Fuel,5-Speed A/T,Silver,Silver,,Unknown,33580,4.0,236.0,0,6,
GMC,Yukon Denali Ultimate,2023,9978,Gasoline,420.0HP 6.2L 8 Cylinder Engine Gasoline Fuel,10-Speed A/T,White,Gold,None reported,Yes,93999,6.2,420.0,0,,
Ford,Shelby GT350R Base,2018,18500,Gasoline,526.0HP 5.2L 8 Cylinder Engine Gasoline Fuel,M/T,Blue,Black,At least 1 accident or damage reported,Yes,77999,5.2,526.0,0,,
Cadillac,Escalade Premium Luxury Platinum,2021,72843,Gasoline,6.2L V8 16V GDI OHV,10-Speed Automatic,Sandstone Metallic,Dark Auburn,None reported,Yes,79990,6.2,,0,8,16
Buick,LaCrosse Base,2017,67500,Gasoline,310.0HP 3.6L V6 Cylinder Engine Gasoline Fuel,8-Speed A/T,Black,Beige,None reported,Yes,20000,3.6,310.0,0,6,
Tesla,Model X Long Range Plus,2020,43534,,534.0HP Electric Motor Electric Fuel System,1-Speed A/T,Black,Black,None reported,Yes,65990,,534.0,0,,
Mercedes-Benz,E-Class E 300 4MATIC,2017,36900,Gasoline,241.0HP 2.0L 4 Cylinder Engine Gasoline Fuel,9-Speed A/T,Gray,Beige,None reported,Yes,28500,2.0,241.0,0,,
Chevrolet,Tahoe LT,2017,61720,E85 Flex Fuel,5.3 Liter,Automatic,Silver,Jet Black,At least 1 accident or damage reported,Unknown,39998,5.3,,0,,
Kia,Telluride EX,2022,35938,Gasoline,3.8L V6 24V GDI DOHC,8-Speed Automatic,Glacial White Pearl,Black,None reported,Unknown,43329,3.8,,0,6,24
Toyota,Tundra Hybrid Limited,2023,10748,Hybrid,3.4L V6 24V PDI DOHC Twin Turbo Hybrid,Automatic,Midnight Black Metallic,Black,None reported,Unknown,63100,3.4,,1,6,24
Audi,S8 4.0T quattro,2023,4457,Gasoline,4.0L V8 32V GDI DOHC Twin Turbo,Automatic,Mythos Black Metallic,Black,None reported,Unknown,107900,4.0,,1,8,32
Nissan,Armada Platinum,2018,108206,Gasoline,5.6 Liter,Automatic,White,Charcoal,At least 1 accident or damage reported,Unknown,26498,5.6,,0,,
Land,Rover Discovery HSE,2020,32705,Diesel,3.0 Liter,Automatic,Portofino Blue Metallic,Tan/Ebony/Ebony,None reported,Unknown,46598,3.0,,0,,
Kia,Telluride S,2020,74026,Gasoline,3.8L V6 24V GDI DOHC,8-Speed Automatic,Sangria Red,Black,None reported,Unknown,32913,3.8,,0,6,24
Lexus,GS 350 F Sport,2020,24651,Gasoline,3.5L V6 24V PDI DOHC,6-Speed Automatic,Ultra White,Black,None reported,Unknown,45950,3.5,,0,6,24
BMW,X6 xDrive40i,2022,13000,Hybrid,335.0HP 3.0L Straight 6 Cylinder Engine Gasoline/Mild Electric Hybrid,Transmission w/Dual Shift Mode,Gray,Orange,None reported,Yes,69000,3.0,335.0,0,,
Land,Rover Range Rover P400 SE SWB,2023,11700,Hybrid,395.0HP 3.0L Straight 6 Cylinder Engine Gasoline/Mild Electric Hybrid,Transmission w/Dual Shift Mode,Gray,White,None reported,Yes,133500,3.0,395.0,0,,
Chevrolet,Silverado 3500 High Country,2015,77500,Diesel,397.0HP 6.6L 8 Cylinder Engine Diesel Fuel,6-Speed A/T,Black,Brown,None reported,Yes,54000,6.6,397.0,0,,
Maserati,Quattroporte Sport GT,2007,82000,Gasoline,394.0HP 4.2L 8 Cylinder Engine Gasoline Fuel,Transmission w/Dual Shift Mode,Black,Black,At least 1 accident or damage reported,Yes,7999,4.2,394.0,0,,
Dodge,Viper GTC,2017,1389,Gasoline,645.0HP 8.4L 10 Cylinder Engine Gasoline Fuel,M/T,Black,Black,None reported,Yes,489995,8.4,645.0,0,,
Ford,Expedition Limited,2021,29830,Gasoline,3.5L V6 24V PDI DOHC Twin Turbo,10-Speed Automatic,Magnetic Metallic,Ebony,None reported,Unknown,55329,3.5,,1,6,24
Mazda,Mazda6 i Grand Touring,2016,83100,–,–,A/T,White,White,None reported,Yes,17800,,,0,,
Kia,Optima LX,2019,62660,Gasoline,185.0HP 2.4L 4 Cylinder Engine Gasoline Fuel,A/T,White,Black,None reported,Yes,16500,2.4,185.0,0,,
Land,Rover Range Rover Sport SVR,2018,56006,Gasoline,575.0HP 5.0L 8 Cylinder Engine Gasoline Fuel,Transmission w/Dual Shift Mode,Silver,White,None reported,Yes,59000,5.0,575.0,0,,
Lexus,RX 450h F SPORT Handling,2021,31365,Hybrid,3.5 Liter DOHC,Variable,Beige,Red,None reported,Unknown,52998,3.5,,0,,
Lincoln,Town Car Base,2004,27600,Gasoline,239.0HP 4.6L 8 Cylinder Engine Gasoline Fuel,4-Speed A/T,Black,White,None reported,Yes,14900,4.6,239.0,0,,
Honda,Civic Si,2012,47245,Gasoline,201.0HP 2.4L 4 Cylinder Engine Gasoline Fuel,6-Speed M/T,White,Black,None reported,Yes,19600,2.4,201.0,0,,
Lexus,RX 450h Base,2017,73948,Hybrid,308.0HP 3.5L V6 Cylinder Engine Gas/Electric Hybrid,A/T,White,Beige,None reported,Yes,31990,3.5,308.0,0,6,
RAM,1500 Classic Warlock,2019,36757,E85 Flex Fuel,3.6L V6 24V MPFI DOHC Flexible Fuel,8-Speed Automatic,Diamond Black,Diesel Gray / Black,None reported,Yes,31953,3.6,,0,6,24
Tesla,Model Y Long Range,2023,4786,,425.0HP Electric Motor Electric Fuel System,A/T,White,White,None reported,Yes,48000,,425.0,0,,
Audi,RS 3 2.5T,2023,1900,Gasoline,401.0HP 2.5L 5 Cylinder Engine Gasoline Fuel,Transmission w/Dual Shift Mode,Gray,Black,None reported,Yes,78900,2.5,401.0,0,,
Hyundai,Genesis Coupe 3.8 R-Spec,2014,52060,Gasoline,348.0HP 3.8L V6 Cylinder Engine Gasoline Fuel,6-Speed M/T,Black,Black,At least 1 accident or damage reported,Yes,15000,3.8,348.0,0,6,
Porsche,Boxster RS 60 Spyder,2008,58000,Gasoline,303.0HP 3.4L Flat 6 Cylinder Engine Gasoline Fuel,6-Speed M/T,Silver,Black,None reported,Yes,41500,3.4,303.0,0,,
Ford,F-250 XLT,2010,52246,Diesel,6.4L V8 32V DDI OHV Twin Turbo Diesel,6-Speed Manual,Tan,Medium Stone,None reported,Yes,26095,6.4,,1,8,32
Kia,Sorento EX,2016,64290,Gasoline,2.0L I4 16V GDI DOHC Turbo,6-Speed Automatic,Snow White Pearl,Satin Black,None reported,Unknown,16999,2.0,,1,,16
Nissan,370Z Touring,2009,37500,Gasoline,332.0HP 3.7L V6 Cylinder Engine Gasoline Fuel,6-Speed M/T,Silver,Orange,None reported,Yes,21500,3.7,332.0,0,6,
Genesis,G70 2.0T,2023,2121,Gasoline,252.0HP 2.0L 4 Cylinder Engine Gasoline Fuel,8-Speed A/T,White,Red,None reported,Yes,40750,2.0,252.0,0,,
Land,Rover Range Rover Sport Supercharged,2013,57000,Gasoline,510.0HP 5.0L 8 Cylinder Engine Gasoline Fuel,Transmission w/Dual Shift Mode,White,Beige,None reported,Yes,26000,5.0,510.0,0,,
Mercedes-Benz,S-Class S 560 4MATIC,2020,22000,Gasoline,463.0HP 4.0L 8 Cylinder Engine Gasoline Fuel,A/T,White,Beige,None reported,Yes,69500,4.0,463.0,0,,
Ford,Bronco Wildtrak Advanced,2023,2000,Gasoline,315.0HP 2.7L V6 Cylinder Engine Gasoline Fuel,A/T,Black,Black,None reported,Yes,66500,2.7,315.0,0,6,
RAM,1500 SLT,2018,61802,E85 Flex Fuel,305.0HP 3.6L V6 Cylinder Engine Flex Fuel Capability,8-Speed A/T,Black,Gray,None reported,Yes,32000,3.6,305.0,0,6,
Dodge,Challenger R/T,2010,73000,–,–,A/T,Black,Black,None reported,Yes,17500,,,0,,
Chevrolet,Sonic LT,2013,110000,–,–,A/T,Gray,Black,None reported,Yes,7500,,,0,,
Jeep,Grand Cherokee Laredo,2013,106700,E85 Flex Fuel,290.0HP 3.6L V6 Cylinder Engine Flex Fuel Capability,6-Speed A/T,Black,Black,None reported,Yes,13500,3.6,290.0,0,6,
Audi,RS 5 4.2,2013,75965,Gasoline,450.0HP 4.2L 8 Cylinder Engine Gasoline Fuel,7-Speed A/T,White,Black,At least 1 accident or damage reported,Yes,35999,4.2,450.0,0,,
Jeep,Grand Cherokee L Overland,2022,31804,Gasoline,3.6L V6 24V MPFI DOHC,Automatic,Silver Zynith,Global Black,At least 1 accident or damage reported,Yes,48995,3.6,,0,6,24
Mazda,MX-5 Miata Base,1992,125800,–,–,5-Speed M/T,Red,Black,None reported,Yes,11500,,,0,,
Chrysler,Crossfire Limited,2005,116320,Gasoline,215.0HP 3.2L V6 Cylinder Engine Gasoline Fuel,5-Speed A/T,Gray,Red,At least 1 accident or damage reported,Yes,6000,3.2,215.0,0,6,
Audi,S5 4.2 Premium Plus,2011,156875,Gasoline,354.0HP 4.2L 8 Cylinder Engine Gasoline Fuel,6-Speed M/T,Black,Red,At least 1 accident or damage reported,Yes,9900,4.2,354.0,0,,
Tesla,Model X Base,2023,197,,670.0HP Electric Motor Electric Fuel System,A/T,Blue,Black,None reported,Yes,85000,,670.0,0,,
Cadillac,CT4 Luxury,2020,35200,Gasoline,237.0HP 2.0L 4 Cylinder Engine Gasoline Fuel,8-Speed A/T,Blue,Black,None reported,Yes,28500,2.0,237.0,0,,
Maserati,Ghibli S Q4,2014,76000,Gasoline,404.0HP 3.0L V6 Cylinder Engine Gasoline Fuel,A/T,Black,Black,None reported,Yes,19000,3.0,404.0,0,6,
Jaguar,F-PACE 25t Premium,2019,29000,Gasoline,247.0HP 2.0L 4 Cylinder Engine Gasoline Fuel,A/T,White,Black,None reported,Yes,34500,2.0,247.0,0,,
BMW,750 i xDrive,2019,33499,Gasoline,445.0HP 4.4L 8 Cylinder Engine Gasoline Fuel,A/T,Gray,Black,At least 1 accident or damage reported,Yes,44495,4.4,445.0,0,,
Acura,TLX V6 Advance,2019,25779,Gasoline,3.5L V6 24V GDI SOHC,9-Speed Automatic,Platinum White Pearl,Ebony,At least 1 accident or damage reported,Unknown,30999,3.5,,0,6,24
GMC,Terrain SLT-1,2015,76296,Gasoline,182.0HP 2.4L 4 Cylinder Engine Gasoline Fuel,6-Speed A/T,Gray,Black,At least 1 accident or damage reported,Yes,9500,2.4,182.0,0,,
BMW,i3 Base w/Range Extender,2014,29553,,170.0HP 0.65L Electric Motor Electric Fuel System,1-Speed A/T,Black,Gray,None reported,Yes,12800,0.65,170.0,0,,
Nissan,Versa 1.8 S,2011,109902,Gasoline,122.0HP 1.8L 4 Cylinder Engine Gasoline Fuel,A/T,Blue,Gray,None reported,Yes,4500,1.8,122.0,0,,
Mercedes-Benz,C-Class C 300 4MATIC,2019,23083,Gasoline,255.0HP 2.0L 4 Cylinder Engine Gasoline Fuel,9-Speed A/T,White,Beige,None reported,Yes,33500,2.0,255.0,0,,
Toyota,Matrix XRS,2003,143600,Gasoline,180.0HP 1.8L 4 Cylinder Engine Gasoline Fuel,6-Speed M/T,Black,Black,None reported,Yes,4199,1.8,180.0,0,,
RAM,1500 Limited,2021,22000,Gasoline,395.0HP 5.7L 8 Cylinder Engine Gasoline Fuel,8-Speed A/T,Black,Black,None reported,Yes,54800,5.7,395.0,0,,
Mercedes-Benz,AMG E 53 Base 4MATIC,2022,13000,Hybrid,429.0HP 3.0L Straight 6 Cylinder Engine Gasoline/Mild Electric Hybrid,9-Speed A/T,Silver,Black,None reported,Yes,81500,3.0,429.0,0,,
Audi,A5 2.0T Premium,2018,53000,Gasoline,252.0HP 2.0L 4 Cylinder Engine Gasoline Fuel,A/T,White,Brown,At least 1 accident or damage reported,Yes,28000,2.0,252.0,0,,
Lincoln,Navigator Reserve,2019,44741,Gasoline,450.0HP 3.5L V6 Cylinder Engine Gasoline Fuel,10-Speed A/T,Beige,Beige,None reported,Yes,52999,3.5,450.0,0,6,
Audi,A6 3.2 quattro,2008,202000,Gasoline,255.0HP 3.2L V6 Cylinder Engine Gasoline Fuel,A/T,Blue,Gray,At least 1 accident or damage reported,Yes,5700,3.2,255.0,0,6,
Chevrolet,Silverado 1500 LT Crew Cab,2006,215000,Gasoline,345.0HP 6.0L 8 Cylinder Engine Gasoline Fuel,A/T,Black,Black,At least 1 accident or damage reported,Yes,6995,6.0,345.0,0,,
Mercedes-Benz,S-Class S 560,2019,77138,Gasoline,4.0 Liter,Automatic,designo Diamond White,Black,None reported,Unknown,49998,4.0,,0,,
Volvo,XC90 T6 Momentum,2018,90641,Gasoline,2.0L I4 16V GDI DOHC,8-Speed Automatic,White,Amber,None reported,Unknown,25999,2.0,,0,,16
Toyota,Camry SE,2011,177702,Gasoline,179.0HP 2.5L 4 Cylinder Engine Gasoline Fuel,A/T,Gray,Gray,At least 1 accident or damage reported,Yes,7700,2.5,179.0,0,,
Mercedes-Benz,Metris Base,2018,58350,Gasoline,208.0HP 2.0L 4 Cylinder Engine Gasoline Fuel,7-Speed A/T,Black,Black,None reported,Yes,29497,2.0,208.0,0,,
Chevrolet,Camaro 2LT,2010,86170,Gasoline,304.0HP 3.6L V6 Cylinder Engine Gasoline Fuel,6-Speed A/T,Black,Black,At least 1 accident or damage reported,Yes,17000,3.6,304.0,0,6,
Mazda,MX-5 Miata Grand Touring,2012,36568,Gasoline,167.0HP 2.0L 4 Cylinder Engine Gasoline Fuel,6-Speed M/T,Blue,Beige,At least 1 accident or damage reported,Yes,20199,2.0,167.0,0,,
Ford,Escape SE,2015,54357,Gasoline,173.0HP 1.6L 4 Cylinder Engine Gasoline Fuel,6-Speed A/T,White,Gray,None reported,Yes,16250,1.6,173.0,0,,
Mercedes-Benz,S-Class S 63 AMG,2015,20394,Gasoline,5.5 Liter,Automatic,Black,Black,At least 1 accident or damage reported,Unknown,59598,5.5,,0,,
Kia,Niro EX,2023,7578,Hybrid,1.6L I4 16V GDI DOHC Hybrid,Automatic,Snow White Pearl,Charcoal,None reported,Unknown,31113,1.6,,0,,16
Porsche,Boxster Base,2010,64800,Gasoline,255.0HP 2.9L Flat 6 Cylinder Engine Gasoline Fuel,6-Speed M/T,Gray,Gray,At least 1 accident or damage reported,Yes,20900,2.9,255.0,0,,
Toyota,4Runner Trail,2016,117780,Gasoline,270.0HP 4.0L V6 Cylinder Engine Gasoline Fuel,5-Speed A/T,Gray,Black,None reported,Yes,27750,4.0,270.0,0,6,
Hyundai,Kona EV SEL,2019,33100,,201.0HP Electric Motor Electric Fuel System,1-Speed A/T,Black,Black,None reported,Yes,18200,,201.0,0,,
Land,Rover Range Rover Evoque SE,2016,86202,Gasoline,240.0HP 2.0L 4 Cylinder Engine Gasoline Fuel,9-Speed A/T,Black,Black,None reported,Yes,18750,2.0,240.0,0,,
Ford,E350 Super Duty XLT,2012,163000,E85 Flex Fuel,255.0HP 5.4L 8 Cylinder Engine Flex Fuel Capability,A/T,White,Gray,None reported,Yes,19550,5.4,255.0,0,,
Mercedes-Benz,SL-Class SL500 Roadster,2004,35400,Gasoline,302.0HP 5.0L 8 Cylinder Engine Gasoline Fuel,7-Speed A/T,Black,Gray,None reported,Yes,24900,5.0,302.0,0,,
Jeep,Compass Trailhawk,2018,31000,Gasoline,180.0HP 2.4L 4 Cylinder Engine Gasoline Fuel,9-Speed A/T,Gray,Black,None reported,Yes,22000,2.4,180.0,0,,
Mercedes-Benz,S-Class S 560 4MATIC,2018,103069,Gasoline,4.0 Liter,Automatic,Anthracite Blue Metallic,Silk Beige/Espresso Brown,None reported,Unknown,40998,4.0,,0,,
Mercedes-Benz,G-Class G 550 4MATIC,2021,22480,Gasoline,416.0HP 4.0L 8 Cylinder Engine Gasoline Fuel,A/T,White,Brown,None reported,Yes,135800,4.0,416.0,0,,
Tesla,Model X P90D,2016,91000,,691.0HP Electric Motor Electric Fuel System,A/T,Silver,White,None reported,Yes,39500,,691.0,0,,
Lexus,IS-F Base,2010,41500,Gasoline,416.0HP 5.0L 8 Cylinder Engine Gasoline Fuel,8-Speed A/T,Blue,Black,At least 1 accident or damage reported,Yes,44800,5.0,416.0,0,,
BMW,335 i,2010,91545,Gasoline,300.0HP 3.0L Straight 6 Cylinder Engine Gasoline Fuel,6-Speed A/T,Black,Black,None reported,Yes,13000,3.0,300.0,0,,
Audi,RS 7 4.0T,2022,4100,Hybrid,591.0HP 4.0L 8 Cylinder Engine Gasoline/Mild Electric Hybrid,8-Speed A/T,Blue,Black,None reported,Yes,162500,4.0,591.0,0,,
Buick,Lucerne CXL,2006,110000,Gasoline,275.0HP 4.6L 8 Cylinder Engine Gasoline Fuel,A/T,Gold,Beige,None reported,Yes,5000,4.6,275.0,0,,
Lincoln,MKX Reserve,2016,88000,Gasoline,335.0HP 2.7L V6 Cylinder Engine Gasoline Fuel,Transmission w/Dual Shift Mode,Black,Black,None reported,Yes,18500,2.7,335.0,0,6,
Nissan,Armada Platinum,2018,42833,Gasoline,390.0HP 5.6L 8 Cylinder Engine Gasoline Fuel,Transmission w/Dual Shift Mode,Blue,Gray,None reported,Yes,37000,5.6,390.0,0,,
Porsche,911 Carrera,2020,23278,Gasoline,3.0 Liter,Automatic,Blue,–,None reported,Unknown,114998,3.0,,0,,
Mercedes-Benz,E-Class 400E,1993,106983,–,–,4-Speed A/T,White,Gray,None reported,Yes,15300,,,0,,
BMW,435 Gran Coupe i,2015,60100,Gasoline,300.0HP 3.0L Straight 6 Cylinder Engine Gasoline Fuel,8-Speed A/T,Blue,Beige,None reported,Yes,24995,3.0,300.0,0,,
Jeep,Wagoneer Series III,2022,17381,Gasoline,5.7L V8 16V MPFI OHV,8-Speed Automatic,Velvet Red Pearlcoat,Global Black,None reported,Yes,69685,5.7,,0,8,16
Cadillac,ATS 2.5L,2013,63172,Gasoline,202.0HP 2.5L 4 Cylinder Engine Gasoline Fuel,A/T,Black,Black,At least 1 accident or damage reported,Yes,12995,2.5,202.0,0,,
Ford,Transit Connect XLT,2010,72000,Gasoline,136.0HP 2.0L 4 Cylinder Engine Gasoline Fuel,A/T,White,Gray,At least 1 accident or damage reported,Yes,10900,2.0,136.0,0,,
Kia,EV6 GT-Line,2022,4820,,320.0HP Electric Motor Electric Fuel System,1-Speed A/T,Red,Black,None reported,Yes,47500,,320.0,0,,
Audi,S5 3.0T Premium Plus,2014,67900,Gasoline,333.0HP 3.0L V6 Cylinder Engine Gasoline Fuel,6-Speed M/T,Silver,Black,,Unknown,25990,3.0,333.0,0,6,
Toyota,Tundra SR,2018,51000,Gasoline,381.0HP 5.7L 8 Cylinder Engine Gasoline Fuel,A/T,Black,Gray,None reported,Yes,38000,5.7,381.0,0,,
Jeep,Wrangler Unlimited Freedom Edition,2013,54500,Gasoline,285.0HP 3.6L V6 Cylinder Engine Gasoline Fuel,A/T,Green,Black,None reported,Yes,35000,3.6,285.0,0,6,
Maserati,Quattroporte Base,2006,61840,Gasoline,394.0HP 4.2L 8 Cylinder Engine Gasoline Fuel,Transmission w/Dual Shift Mode,Gray,Beige,None reported,Yes,16500,4.2,394.0,0,,
Mercedes-Benz,CLS-Class CLS500,2006,28950,Gasoline,302.0HP 5.0L 8 Cylinder Engine Gasoline Fuel,7-Speed A/T,Blue,Beige,,Unknown,16750,5.0,302.0,0,,
GMC,Sierra 3500 SLE,2002,300000,Diesel,300.0HP 6.6L 8 Cylinder Engine Diesel Fuel,5-Speed A/T,Black,Gray,At least 1 accident or damage reported,Yes,5000,6.6,300.0,0,,
Nissan,Frontier SL,2011,103400,Gasoline,261.0HP 4.0L V6 Cylinder Engine Gasoline Fuel,5-Speed A/T,Gray,Gray,At least 1 accident or damage reported,Yes,17000,4.0,261.0,0,6,
BMW,M5 Base,2023,816,Gasoline,4.4L V8 32V GDI DOHC Twin Turbo,8-Speed Automatic,Alpine White,Black,None reported,Unknown,109900,4.4,,1,8,32
Porsche,911 R,2016,719,Gasoline,4.0L H6 24V GDI DOHC,6-Speed Manual,White,Black / Brown,None reported,Yes,489000,4.0,,0,,24
Land,Rover Defender X-Dynamic SE,2023,3678,Hybrid,3.0 Liter,Automatic,Fuji White,Black,None reported,Unknown,81998,3.0,,0,,
Ford,F-150 XL,2016,107000,E85 Flex Fuel,385.0HP 5.0L 8 Cylinder Engine Flex Fuel Capability,6-Speed A/T,White,Gray,At least 1 accident or damage reported,Yes,22000,5.0,385.0,0,,
BMW,M8 Competition,2022,5018,Gasoline,4.4 Liter Twin Turbo,Automatic,–,Sakhir Orange/Black,None reported,Unknown,114998,4.4,,1,,
Porsche,911 Carrera S,2010,13850,Gasoline,385.0HP 3.8L Flat 6 Cylinder Engine Gasoline Fuel,6-Speed M/T,Black,Black,None reported,Yes,71400,3.8,385.0,0,,
Volvo,XC70 3.2,2008,46700,Gasoline,235.0HP 3.2L Straight 6 Cylinder Engine Gasoline Fuel,6-Speed A/T,White,Beige,,Unknown,11400,3.2,235.0,0,,
Chrysler,300 Touring,2021,21478,Gasoline,3.6 Liter,Automatic,Silver Mist,Black,None reported,Unknown,27798,3.6,,0,,
Honda,Insight EX,2020,64200,Hybrid,151.0HP 1.5L 4 Cylinder Engine Gas/Electric Hybrid,CVT Transmission,White,Black,At least 1 accident or damage reported,Yes,20499,1.5,151.0,0,,
Porsche,Cayman S,2006,31075,Gasoline,3.4L H6 24V MPFI DOHC,5-Speed Automatic,Black,Black / Stone Grey,None reported,Yes,36250,3.4,,0,,24
Tesla,Model Y Performance,2022,25250,,455.0HP Electric Motor Electric Fuel System,1-Speed A/T,White,White,None reported,Yes,47800,,455.0,0,,
BMW,M5 Competition,2020,35400,Gasoline,617.0HP 4.4L 8 Cylinder Engine Gasoline Fuel,8-Speed A/T,Orange,Black,None reported,Yes,71950,4.4,617.0,0,,
Audi,S4 4.2 quattro,2004,74030,Gasoline,340.0HP 4.2L 8 Cylinder Engine Gasoline Fuel,6-Speed M/T,Silver,Gray,None reported,Yes,16000,4.2,340.0,0,,
Ford,F-250 Platinum,2021,48549,Diesel,6.7L V8 32V DDI OHV Turbo Diesel,Automatic,Antimatter Blue Metallic,Black,None reported,Unknown,69998,6.7,,1,8,32
Kia,Seltos S,2023,5182,Gasoline,146.0HP 2.0L 4 Cylinder Engine Gasoline Fuel,A/T,White,Black,None reported,Yes,32500,2.0,146.0,0,,
RAM,ProMaster 2500 High Roof,2019,31681,Gasoline,280.0HP 3.6L V6 Cylinder Engine Gasoline Fuel,A/T,White,Black,At least 1 accident or damage reported,Yes,33500,3.6,280.0,0,6,
BMW,M760 M760i xDrive,2020,23430,Gasoline,6.6 Liter Twin Turbo,Automatic,White,Black,None reported,Unknown,80998,6.6,,1,,
Mercedes-Benz,E-Class E 400,2015,30300,Gasoline,329.0HP 3.0L V6 Cylinder Engine Gasoline Fuel,A/T,White,Black,At least 1 accident or damage reported,Yes,29000,3.0,329.0,0,6,
Cadillac,XTS Luxury,2016,112000,Gasoline,304.0HP 3.6L V6 Cylinder Engine Gasoline Fuel,A/T,Blue,Beige,At least 1 accident or damage reported,Yes,14599,3.6,304.0,0,6,
INFINITI,Q50 Premium,2014,127356,Gasoline,328.0HP 3.7L V6 Cylinder Engine Gasoline Fuel,7-Speed A/T,Black,Black,At least 1 accident or damage reported,Yes,19990,3.7,328.0,0,6,
Volkswagen,Touareg V6 Executive,2017,50600,Gasoline,280.0HP 3.6L V6 Cylinder Engine Gasoline Fuel,8-Speed A/T,Red,Brown,At least 1 accident or damage reported,Yes,28890,3.6,280.0,0,6,
Chevrolet,Suburban 1500 LTZ,2011,194000,E85 Flex Fuel,320.0HP 5.3L 8 Cylinder Engine Flex Fuel Capability,6-Speed A/T,Black,Black,None reported,Yes,9950,5.3,320.0,0,,
Toyota,Tundra SR5,2021,33455,Gasoline,381.0HP 5.7L 8 Cylinder Engine Gasoline Fuel,6-Speed A/T,Green,Black,None reported,Yes,44750,5.7,381.0,0,,
BMW,X1 sDrive28i,2022,43000,Gasoline,228.0HP 2.0L 4 Cylinder Engine Gasoline Fuel,8-Speed A/T,Gray,Black,None reported,Yes,35750,2.0,228.0,0,,
Mercedes-Benz,GL-Class GL 550 4MATIC,2016,46102,Gasoline,429.0HP 4.7L 8 Cylinder Engine Gasoline Fuel,7-Speed A/T,Black,Beige,None reported,Yes,35300,4.7,429.0,0,,
Cadillac,XTS Luxury,2019,59000,Gasoline,304.0HP 3.6L V6 Cylinder Engine Gasoline Fuel,6-Speed A/T,Black,Black,None reported,Yes,21000,3.6,304.0,0,6,
Jaguar,XJ8 Base,2004,134000,Gasoline,294.0HP 4.2L 8 Cylinder Engine Gasoline Fuel,6-Speed A/T,Black,Beige,At least 1 accident or damage reported,Yes,9500,4.2,294.0,0,,
Chevrolet,Camaro ZL1,2020,3715,Gasoline,650.0HP 6.2L 8 Cylinder Engine Gasoline Fuel,A/T,Black,Black,None reported,Yes,150000,6.2,650.0,0,,
Mercedes-Benz,Sprinter 2500,2012,100245,Diesel,188.0HP 3.0L V6 Cylinder Engine Diesel Fuel,A/T,White,–,At least 1 accident or damage reported,Yes,24000,3.0,188.0,0,6,
Mercedes-Benz,C-Class C 300 4MATIC,2022,8583,Gasoline,2.0L I4 16V GDI DOHC Turbo,9-Speed Automatic,Cirrus Silver Metallic,AMG Black,None reported,Unknown,42999,2.0,,1,,16
Dodge,Dakota SLT,2003,141800,Gasoline,230.0HP 4.7L 8 Cylinder Engine Gasoline Fuel,A/T,Red,Gray,At least 1 accident or damage reported,Yes,5700,4.7,230.0,0,,
Audi,A5 2.0T Premium Plus,2012,77000,Gasoline,211.0HP 2.0L 4 Cylinder Engine Gasoline Fuel,8-Speed A/T,White,Black,None reported,Yes,13800,2.0,211.0,0,,
Audi,A5 2.0T Premium,2018,67035,Gasoline,252.0HP 2.0L 4 Cylinder Engine Gasoline Fuel,Transmission w/Dual Shift Mode,Pink,Brown,At least 1 accident or damage reported,Yes,31500,2.0,252.0,0,,
Audi,S5 3.0 Premium Plus,2012,61450,Gasoline,333.0HP 3.0L V6 Cylinder Engine Gasoline Fuel,7-Speed A/T,White,Gray,None reported,Yes,19500,3.0,333.0,0,6,
Porsche,Panamera GTS,2015,39500,Gasoline,440.0HP 4.8L 8 Cylinder Engine Gasoline Fuel,Transmission w/Dual Shift Mode,Black,Black,None reported,Yes,52590,4.8,440.0,0,,
Mercedes-Benz,AMG GT C,2020,6600,Gasoline,550.0HP 4.0L 8 Cylinder Engine Gasoline Fuel,Transmission w/Dual Shift Mode,Black,Beige,None reported,Yes,128900,4.0,550.0,0,,
Chevrolet,Camaro 2SS,2023,2300,Gasoline,455.0HP 6.2L 8 Cylinder Engine Gasoline Fuel,6-Speed M/T,Red,Black,None reported,Yes,51500,6.2,455.0,0,,
Audi,Q7 Premium Plus,2023,10601,Hybrid,3.0 Liter TFSI,Automatic,Mythos Black,Black,None reported,Unknown,61998,3.0,,0,,
Maserati,GranTurismo MC,2018,18000,Gasoline,454.0HP 4.7L 8 Cylinder Engine Gasoline Fuel,Transmission w/Dual Shift Mode,Red,Black,None reported,Yes,67000,4.7,454.0,0,,
GMC,Sierra 2500 AT4,2022,31681,Gasoline,6.6L V8 16V GDI OHV,Automatic,Cayenne Red Tintcoat,Jet Black,At least 1 accident or damage reported,Unknown,67963,6.6,,0,8,16
Cadillac,XT6 Sport AWD,2020,24114,Gasoline,3.6L V6 24V GDI DOHC,9-Speed Automatic,Garnet Red Metallic,Jet Black,At least 1 accident or damage reported,Unknown,49427,3.6,,0,6,24
Jeep,Grand Cherokee L Laredo,2022,22109,Gasoline,3.6L V6 24V MPFI DOHC,Automatic,Bright White Clearcoat,Global Black,,Unknown,43389,3.6,,0,6,24
Chevrolet,Avalanche 1500 LT,2012,148000,E85 Flex Fuel,320.0HP 5.3L 8 Cylinder Engine Flex Fuel Capability,A/T,Black,Black,None reported,Yes,18000,5.3,320.0,0,,
BMW,M5 Base,2018,41000,Gasoline,600.0HP 4.4L 8 Cylinder Engine Gasoline Fuel,Transmission w/Dual Shift Mode,White,White,None reported,Yes,60200,4.4,600.0,0,,
Nissan,Titan SE,2009,127600,E85 Flex Fuel,317.0HP 5.6L 8 Cylinder Engine Flex Fuel Capability,A/T,Brown,Gray,None reported,Yes,19500,5.6,317.0,0,,
Dodge,Ram 1500 SRT-10 Quad Cab,2005,138450,Gasoline,500.0HP 8.3L 10 Cylinder Engine Gasoline Fuel,4-Speed A/T,Red,Black,At least 1 accident or damage reported,Yes,19000,8.3,500.0,0,,
GMC,Sierra 1500 SLT,2013,230000,E85 Flex Fuel,315.0HP 5.3L 8 Cylinder Engine Flex Fuel Capability,A/T,White,Black,None reported,Yes,15500,5.3,315.0,0,,
Lexus,RX 350 F Sport,2017,53649,Gasoline,295.0HP 3.5L V6 Cylinder Engine Gasoline Fuel,A/T,Black,Red,None reported,Yes,33000,3.5,295.0,0,6,
Mercedes-Benz,GL-Class GL 450 4MATIC,2012,174000,Gasoline,335.0HP 4.6L 8 Cylinder Engine Gasoline Fuel,7-Speed A/T,Black,Black,At least 1 accident or damage reported,Yes,11999,4.6,335.0,0,,
INFINITI,QX80 Luxe,2022,49860,Gasoline,5.6L V8 32V GDI DOHC,Automatic,Black Obsidian,Graphite,At least 1 accident or damage reported,Yes,47645,5.6,,0,8,32
Mercedes-Benz,AMG C 63 S,2021,13650,Gasoline,503.0HP 4.0L 8 Cylinder Engine Gasoline Fuel,9-Speed A/T,Blue,Black,None reported,Yes,75000,4.0,503.0,0,,
BMW,528 i xDrive,2016,134000,Gasoline,240.0HP 2.0L 4 Cylinder Engine Gasoline Fuel,A/T,Brown,Brown,At least 1 accident or damage reported,Yes,13500,2.0,240.0,0,,
Porsche,911 Carrera,2014,78000,Gasoline,350.0HP 3.4L Flat 6 Cylinder Engine Gasoline Fuel,Transmission w/Dual Shift Mode,Brown,Brown,None reported,Yes,68000,3.4,350.0,0,,
Porsche,Boxster S,2005,65750,Gasoline,280.0HP 3.2L Flat 6 Cylinder Engine Gasoline Fuel,A/T,Blue,Gray,None reported,Yes,21750,3.2,280.0,0,,
BMW,X6 M Base,2021,18000,Gasoline,600.0HP 4.4L 8 Cylinder Engine Gasoline Fuel,8-Speed A/T,Black,Black,None reported,Yes,94000,4.4,600.0,0,,
Ford,Mustang Premium,2007,121630,Gasoline,210.0HP 4.0L V6 Cylinder Engine Gasoline Fuel,A/T,White,Black,None reported,Yes,9450,4.0,210.0,0,6,
Rivian,R1S Launch Edition,2023,4500,,835.0HP Electric Motor Electric Fuel System,1-Speed A/T,Silver,Gray,None reported,Yes,89999,,835.0,0,,
Volvo,XC90 Recharge Plug-In Hybrid T8 Inscription 7 Passenger,2022,9408,Hybrid,2.0L I4 16V GDI DOHC Hybrid,8-Speed Automatic,Black,Gray,None reported,Unknown,61999,2.0,,0,,16
BMW,528 i xDrive,2016,120000,Gasoline,240.0HP 2.0L 4 Cylinder Engine Gasoline Fuel,A/T,White,White,None reported,Yes,16000,2.0,240.0,0,,
Cadillac,Escalade ESV Platinum,2016,168600,Gasoline,420.0HP 6.2L 8 Cylinder Engine Gasoline Fuel,8-Speed A/T,White,Beige,None reported,Yes,29500,6.2,420.0,0,,
Chevrolet,Corvette Base,2004,43705,Gasoline,350.0HP 5.7L 8 Cylinder Engine Gasoline Fuel,6-Speed M/T,Gray,Black,None reported,Yes,25900,5.7,350.0,0,,
Audi,A5 2.0T Premium,2013,111000,Gasoline,211.0HP 2.0L 4 Cylinder Engine Gasoline Fuel,Transmission w/Dual Shift Mode,Blue,Beige,None reported,Yes,11500,2.0,211.0,0,,
Audi,TT 2.0T Premium,2012,64549,Gasoline,211.0HP 2.0L 4 Cylinder Engine Gasoline Fuel,Transmission w/Dual Shift Mode,Silver,Black,None reported,Yes,17000,2.0,211.0,0,,
Buick,LaCrosse CX,2007,53000,Gasoline,200.0HP 3.8L V6 Cylinder Engine Gasoline Fuel,4-Speed A/T,Red,Gray,None reported,Yes,6500,3.8,200.0,0,6,
Chevrolet,Camaro 2SS,2017,13465,Gasoline,455.0HP 6.2L 8 Cylinder Engine Gasoline Fuel,8-Speed A/T,White,Black,None reported,Yes,44900,6.2,455.0,0,,
Tesla,Model Y Long Range,2023,5844,,425.0HP Electric Motor Electric Fuel System,A/T,White,Black,None reported,Yes,52000,,425.0,0,,
BMW,M3 Base,2015,74000,Gasoline,425.0HP 3.0L Straight 6 Cylinder Engine Gasoline Fuel,M/T,Gray,Black,None reported,Yes,40000,3.0,425.0,0,,
Kia,Optima LX,2011,100331,Gasoline,200.0HP 2.4L 4 Cylinder Engine Gasoline Fuel,A/T,Red,–,At least 1 accident or damage reported,Yes,6900,2.4,200.0,0,,
Toyota,Supra 3.0 Premium,2022,24850,Gasoline,382.0HP 3.0L Straight 6 Cylinder Engine Gasoline Fuel,A/T,Black,Black,None reported,Yes,53568,3.0,382.0,0,,
Lincoln,Nautilus Reserve,2021,17467,Gasoline,2.0L I4 16V GDI DOHC Turbo,8-Speed Automatic,Pristine White,Slate,None reported,Unknown,43860,2.0,,1,,16
Nissan,Pathfinder SL,2015,115000,Gasoline,260.0HP 3.5L V6 Cylinder Engine Gasoline Fuel,A/T,Gray,Black,None reported,Yes,11995,3.5,260.0,0,6,
BMW,X5 xDrive50i,2015,72000,Gasoline,445.0HP 4.4L 8 Cylinder Engine Gasoline Fuel,Transmission w/Dual Shift Mode,Black,Brown,At least 1 accident or damage reported,Yes,26500,4.4,445.0,0,,
Mazda,MazdaSpeed3 Grand Touring,2008,162000,Gasoline,263.0HP 2.3L 4 Cylinder Engine Gasoline Fuel,6-Speed M/T,Black,Black,At least 1 accident or damage reported,Yes,6500,2.3,263.0,0,,
GMC,Yukon XL SLT,2017,47589,Gasoline,355.0HP 5.3L 8 Cylinder Engine Gasoline Fuel,A/T,Black,Black,None reported,Yes,45500,5.3,355.0,0,,
Toyota,bZ4X Limited,2023,6548,,Electric,Automatic,Wind Chill Pearl,Black,None reported,Unknown,41999,,,0,,
RAM,ProMaster 2500 High Roof,2018,10339,Gasoline,280.0HP 3.6L V6 Cylinder Engine Gasoline Fuel,6-Speed A/T,White,Gray,None reported,Yes,36990,3.6,280.0,0,6,
RAM,1500 Classic SLT,2021,32092,Gasoline,3.6L V6 24V MPFI DOHC,8-Speed Automatic,Patriot Blue Pearlcoat,Black,None reported,Yes,35113,3.6,,0,6,24
Lexus,GS 350 Base,2014,85275,Gasoline,3.5 Liter,Automatic,Nebula Gray Pearl,Black,At least 1 accident or damage reported,Unknown,23998,3.5,,0,,
Hyundai,Tucson Limited,2016,138000,Gasoline,175.0HP 1.6L 4 Cylinder Engine Gasoline Fuel,7-Speed A/T,Brown,Beige,None reported,Yes,10990,1.6,175.0,0,,
Chevrolet,SSR Base,2003,87500,Gasoline,300.0HP 5.3L 8 Cylinder Engine Gasoline Fuel,A/T,Red,Black,None reported,Yes,16999,5.3,300.0,0,,
Maserati,GranTurismo Base,2013,34920,Gasoline,440.0HP 4.7L 8 Cylinder Engine Gasoline Fuel,6-Speed A/T,Gray,Brown,None reported,Yes,38900,4.7,440.0,0,,
Tesla,Model X Performance,2020,27224,,Electric,1-Speed Automatic,Black,Black,None reported,Unknown,65999,,,0,,
BMW,M2 Base,2018,25000,Gasoline,365.0HP 3.0L Straight 6 Cylinder Engine Gasoline Fuel,7-Speed A/T,Black,Black,None reported,Yes,52000,3.0,365.0,0,,
Tesla,Model Y Long Range,2021,14642,,425.0HP Electric Motor Electric Fuel System,A/T,Red,Black,None reported,Yes,48500,,425.0,0,,
Subaru,Outback 2.5i Limited,2015,162000,Gasoline,175.0HP 2.5L 4 Cylinder Engine Gasoline Fuel,CVT Transmission,Gray,Black,None reported,Yes,13999,2.5,175.0,0,,
Buick,Roadmaster Estate,1996,119500,Gasoline,260.0HP 5.7L 8 Cylinder Engine Gasoline Fuel,4-Speed A/T,White,Beige,At least 1 accident or damage reported,Yes,16999,5.7,260.0,0,,
Land,Rover Range Rover 5.0L Supercharged,2017,101800,Gasoline,510.0HP 5.0L 8 Cylinder Engine Gasoline Fuel,A/T,Silver,Black,None reported,Yes,36500,5.0,510.0,0,,
Ford,Expedition Max XLT,2021,84351,Gasoline,3.5L V6 24V PDI DOHC Twin Turbo,10-Speed Automatic,Blue,Ebony,None reported,Yes,42691,3.5,,1,6,24
Nissan,Leaf SL,2012,26930,,107.0HP Electric Motor Electric Fuel System,1-Speed A/T,White,Beige,None reported,Yes,6700,,107.0,0,,
Toyota,Tacoma TRD Pro,2019,40698,Gasoline,3.5L V6 24V PDI DOHC,6-Speed,Super White,Black,None reported,Unknown,42886,3.5,,0,6,24
Mercedes-Benz,AMG GT 63 S 4-Door,2020,40000,Gasoline,630.0HP 4.0L 8 Cylinder Engine Gasoline Fuel,9-Speed A/T,Black,Red,None reported,Yes,112500,4.0,630.0,0,,
BMW,230 i,2019,30000,Gasoline,248.0HP 2.0L 4 Cylinder Engine Gasoline Fuel,8-Speed A/T,Blue,Beige,At least 1 accident or damage reported,Yes,29000,2.0,248.0,0,,
Lexus,ES 350 Base,2007,78980,Gasoline,272.0HP 3.5L V6 Cylinder Engine Gasoline Fuel,6-Speed A/T,Silver,Beige,At least 1 accident or damage reported,Yes,10600,3.5,272.0,0,6,
Porsche,911 Carrera S Cabriolet,2007,28844,Gasoline,3.8L H6 24V MPFI DOHC,6-Speed Manual,White,Beige,,Unknown,69995,3.8,,0,,24
Porsche,Taycan Turbo,2020,21028,,Dual AC Electric Motors,Single-Speed Fixed Gear,BLACK,BEIGE,None reported,Unknown,96900,,,0,,
Maserati,Levante Modena,2023,5409,Gasoline,3.0L V6 24V GDI DOHC Twin Turbo,8-Speed Automatic,Blu,Black,None reported,Yes,88950,3.0,,1,6,24
Dodge,Challenger SRT Hellcat,2020,12700,Gasoline,717.0HP 6.2L 8 Cylinder Engine Gasoline Fuel,8-Speed A/T,Black,Black,At least 1 accident or damage reported,Yes,69900,6.2,717.0,0,,
Mazda,Mazda6 Touring,2021,19000,Gasoline,187.0HP 2.5L 4 Cylinder Engine Gasoline Fuel,A/T,Blue,Black,,Unknown,25900,2.5,187.0,0,,
Audi,S4 3.0T Premium,2019,12000,Gasoline,349.0HP 3.0L V6 Cylinder Engine Gasoline Fuel,A/T,Black,Black,None reported,Yes,48000,3.0,349.0,0,6,
Ford,Mustang GT Premium,2016,25717,Gasoline,435.0HP 5.0L 8 Cylinder Engine Gasoline Fuel,6-Speed M/T,Black,Black,None reported,Yes,33900,5.0,435.0,0,,
Tesla,Model Y Long Range,2022,12055,,425.0HP Electric Motor Electric Fuel System,A/T,Blue,Black,None reported,Yes,44400,,425.0,0,,
Audi,TTS 2.0T Premium Plus,2011,69700,Gasoline,265.0HP 2.0L 4 Cylinder Engine Gasoline Fuel,6-Speed A/T,Orange,–,At least 1 accident or damage reported,Yes,23000,2.0,265.0,0,,
BMW,M2 Competition,2020,25013,Gasoline,405.0HP 3.0L Straight 6 Cylinder Engine Gasoline Fuel,7-Speed A/T,Black,Black,None reported,Yes,55000,3.0,405.0,0,,
Audi,Q4 e-tron Sportback Premium,2023,1156,,295.0HP Electric Motor Electric Fuel System,A/T,Blue,Black,None reported,Yes,54900,,295.0,0,,
BMW,740 i,2016,57939,Gasoline,320.0HP 3.0L Straight 6 Cylinder Engine Gasoline Fuel,8-Speed A/T,Gray,Black,None reported,Yes,27500,3.0,320.0,0,,
Mercedes-Benz,AMG GLE 43 Coupe 4MATIC,2018,52694,Gasoline,385.0HP 3.0L V6 Cylinder Engine Gasoline Fuel,Transmission w/Dual Shift Mode,Gray,Black,None reported,Yes,49999,3.0,385.0,0,6,
Mercedes-Benz,S-Class S 550 4MATIC,2015,54000,Gasoline,449.0HP 4.7L 8 Cylinder Engine Gasoline Fuel,7-Speed A/T,White,Beige,None reported,Yes,37000,4.7,449.0,0,,
Honda,S2000 Base,2002,110500,Gasoline,240.0HP 2.0L 4 Cylinder Engine Gasoline Fuel,6-Speed M/T,Yellow,Red,None reported,Yes,27000,2.0,240.0,0,,
Chevrolet,Corvette Base,2000,97500,Gasoline,345.0HP 5.7L 8 Cylinder Engine Gasoline Fuel,6-Speed M/T,Yellow,Black,None reported,Yes,10000,5.7,345.0,0,,
Chevrolet,Colorado Z71,2020,20909,Gasoline,3.6L V6 24V GDI DOHC,Automatic,Red,Jet Black,None reported,Yes,35387,3.6,,0,6,24
Mercedes-Benz,S-Class S 63 AMG,2013,77648,Gasoline,536.0HP 5.5L 8 Cylinder Engine Gasoline Fuel,7-Speed A/T,Silver,Black,None reported,Yes,40000,5.5,536.0,0,,
Bentley,Continental GTC Base,2013,79422,Gasoline,616.0HP 6.0L 12 Cylinder Engine Gasoline Fuel,8-Speed A/T,Black,Black,None reported,Yes,64000,6.0,616.0,0,,
GMC,Sierra 2500 SLE H/D Extended Cab,2002,53850,Gasoline,340.0HP 8.1L 8 Cylinder Engine Gasoline Fuel,A/T,Silver,Gray,At least 1 accident or damage reported,Yes,16900,8.1,340.0,0,,
Audi,SQ5 3.0T Premium,2020,21832,Gasoline,349.0HP 3.0L V6 Cylinder Engine Gasoline Fuel,8-Speed A/T,Blue,Black,None reported,Yes,42000,3.0,349.0,0,6,
Toyota,Corolla iM Base,2017,41932,Gasoline,137.0HP 1.8L 4 Cylinder Engine Gasoline Fuel,6-Speed M/T,Black,Black,None reported,Yes,18700,1.8,137.0,0,,
GMC,Yukon XL SLT,2017,110000,Gasoline,355.0HP 5.3L 8 Cylinder Engine Gasoline Fuel,A/T,Blue,Black,At least 1 accident or damage reported,Yes,34999,5.3,355.0,0,,
Toyota,Tundra 1794,2020,67400,Gasoline,381.0HP 5.7L 8 Cylinder Engine Gasoline Fuel,A/T,Black,Brown,None reported,Yes,47500,5.7,381.0,0,,
Subaru,WRX Premium,2017,62662,Gasoline,268.0HP 2.0L 4 Cylinder Engine Gasoline Fuel,M/T,Red,Black,At least 1 accident or damage reported,Yes,24000,2.0,268.0,0,,
Subaru,WRX Base,2015,102000,Gasoline,268.0HP 2.0L 4 Cylinder Engine Gasoline Fuel,M/T,White,Black,At least 1 accident or damage reported,Yes,18000,2.0,268.0,0,,
INFINITI,Q50 Premium,2014,79785,Gasoline,328.0HP 3.7L V6 Cylinder Engine Gasoline Fuel,7-Speed A/T,Red,White,At least 1 accident or damage reported,Yes,16488,3.7,328.0,0,6,
Chevrolet,Suburban Premier,2017,166549,Gasoline,355.0HP 5.3L 8 Cylinder Engine Gasoline Fuel,6-Speed A/T,White,Beige,At least 1 accident or damage reported,Yes,24950,5.3,355.0,0,,
Toyota,Sequoia Limited,2006,190656,Gasoline,273.0HP 4.7L 8 Cylinder Engine Gasoline Fuel,A/T,Black,Gray,At least 1 accident or damage reported,Yes,8900,4.7,273.0,0,,
Dodge,Challenger R/T Scat Pack,2016,7928,–,–,6-Speed M/T,Red,Red,None reported,Yes,37500,,,0,,
Porsche,Cayenne GTS,2009,135606,Gasoline,405.0HP 4.8L 8 Cylinder Engine Gasoline Fuel,Transmission w/Dual Shift Mode,Black,Black,None reported,Yes,15000,4.8,405.0,0,,
Kia,Telluride S,2023,14700,Gasoline,291.0HP 3.8L V6 Cylinder Engine Gasoline Fuel,8-Speed A/T,Blue,Black,None reported,Yes,39900,3.8,291.0,0,6,
Mercedes-Benz,AMG E 63 S 4MATIC,2019,12985,Gasoline,603.0HP 4.0L 8 Cylinder Engine Gasoline Fuel,9-Speed A/T,Gray,Black,At least 1 accident or damage reported,Yes,96000,4.0,603.0,0,,
BMW,Z4 sDrive35is,2014,4200,Gasoline,335.0HP 3.0L Straight 6 Cylinder Engine Gasoline Fuel,Transmission w/Dual Shift Mode,White,Red,None reported,Yes,64995,3.0,335.0,0,,
Subaru,Impreza 2.0i Sport,2017,44000,Gasoline,152.0HP 2.0L 4 Cylinder Engine Gasoline Fuel,5-Speed M/T,Red,Black,None reported,Yes,23500,2.0,152.0,0,,
Dodge,Dart SE,2015,66000,Gasoline,160.0HP 2.0L 4 Cylinder Engine Gasoline Fuel,6-Speed M/T,Black,Black,None reported,Yes,12000,2.0,160.0,0,,
Land,Rover Range Rover P525 Westminster,2021,17945,Gasoline,5.0L V8 32V GDI DOHC Supercharged,8-Speed Automatic,Santorini Black Metallic,Ebony,None reported,Unknown,89900,5.0,,0,8,32
Nissan,370Z Base,2013,106700,Gasoline,332.0HP 3.7L V6 Cylinder Engine Gasoline Fuel,6-Speed M/T,Red,Black,None reported,Yes,17500,3.7,332.0,0,6,
Cadillac,Escalade ESV Luxury,2020,120000,Gasoline,420.0HP 6.2L 8 Cylinder Engine Gasoline Fuel,10-Speed A/T,Black,Black,None reported,Yes,55000,6.2,420.0,0,,
Mercedes-Benz,E-Class E 350,2012,59600,Gasoline,302.0HP 3.5L V6 Cylinder Engine Gasoline Fuel,Transmission w/Dual Shift Mode,White,Beige,None reported,Yes,19900,3.5,302.0,0,6,
Kia,Optima Hybrid EX,2012,117220,Hybrid,206.0HP 2.4L 4 Cylinder Engine Gas/Electric Hybrid,A/T,Black,Black,None reported,Yes,8900,2.4,206.0,0,,
Chevrolet,Silverado 3500 LTZ,2022,85200,Diesel,445.0HP 6.6L 8 Cylinder Engine Diesel Fuel,10-Speed A/T,Silver,Gray,None reported,Yes,67500,6.6,445.0,0,,
Volkswagen,Golf GTI 2.0T SE 4-Door,2018,63450,Gasoline,220.0HP 2.0L 4 Cylinder Engine Gasoline Fuel,6-Speed M/T,White,Black,None reported,Yes,24325,2.0,220.0,0,,
Dodge,Ram 1500 SRT-10,2004,73000,Gasoline,500.0HP 8.3L 10 Cylinder Engine Gasoline Fuel,6-Speed M/T,Black,Gray,None reported,Yes,22500,8.3,500.0,0,,
Scion,tC Anniversary Edition,2014,115000,Gasoline,179.0HP 2.5L 4 Cylinder Engine Gasoline Fuel,6-Speed M/T,Silver,Silver,None reported,Yes,11495,2.5,179.0,0,,
Land,Rover Range Rover 5.0L Supercharged Autobiography,2016,56000,Gasoline,510.0HP 5.0L 8 Cylinder Engine Gasoline Fuel,8-Speed A/T,Black,Brown,None reported,Yes,49900,5.0,510.0,0,,
Lexus,LS 500 Base,2018,67296,Gasoline,"3.5L V-6 port/direct injection, DOHC, VVT-iE/VVT-i variable valv","Automatic, 10-Spd",–,–,None reported,Unknown,40900,3.5,,0,,
Chevrolet,Suburban 1500 LT,2015,179200,Gasoline,355.0HP 5.3L 8 Cylinder Engine Gasoline Fuel,6-Speed A/T,Black,–,At least 1 accident or damage reported,Yes,16000,5.3,355.0,0,,
Maserati,GranTurismo Base,2015,28000,Gasoline,444.0HP 4.7L 8 Cylinder Engine Gasoline Fuel,6-Speed A/T,White,Red,None reported,Yes,44999,4.7,444.0,0,,
Porsche,911 Carrera Turbo,2003,155000,Gasoline,415.0HP 3.6L Flat 6 Cylinder Engine Gasoline Fuel,6-Speed M/T,Black,Black,None reported,Yes,55000,3.6,415.0,0,,
Hyundai,Sonata Hybrid Base,2012,154000,Hybrid,206.0HP 2.4L 4 Cylinder Engine Gas/Electric Hybrid,A/T,Green,Gray,At least 1 accident or damage reported,Yes,8500,2.4,206.0,0,,
Cadillac,CTS Luxury,2012,62500,Gasoline,270.0HP 3.0L V6 Cylinder Engine Gasoline Fuel,6-Speed A/T,Red,Beige,At least 1 accident or damage reported,Yes,18955,3.0,270.0,0,6,
BMW,323 Ci,2000,177700,Gasoline,170.0HP 2.5L Straight 6 Cylinder Engine Gasoline Fuel,5-Speed A/T,Silver,Black,None reported,Yes,2500,2.5,170.0,0,,
Tesla,Model 3 Standard Range Plus,2019,83700,,Electric Motor Electric Fuel System,A/T,Black,Black,At least 1 accident or damage reported,Yes,26000,,,0,,
Chevrolet,1500 Cheyenne Extended Cab,1995,120000,–,–,4-Speed A/T,White,Brown,At least 1 accident or damage reported,Yes,6500,,,0,,
Nissan,370Z Touring,2012,65000,Gasoline,332.0HP 3.7L V6 Cylinder Engine Gasoline Fuel,6-Speed M/T,Gray,Black,None reported,Yes,21500,3.7,332.0,0,6,
Mercedes-Benz,GLS 450 Base 4MATIC,2018,62808,Gasoline,3.0 Liter DOHC Twin Turbo,Automatic,Black,–,At least 1 accident or damage reported,Unknown,38598,3.0,,1,,
Ford,Mustang GT Premium,2021,3000,Gasoline,460.0HP 5.0L 8 Cylinder Engine Gasoline Fuel,6-Speed M/T,Red,Black,None reported,Yes,49500,5.0,460.0,0,,
Audi,Q5 2.0T Premium,2012,119000,Gasoline,211.0HP 2.0L 4 Cylinder Engine Gasoline Fuel,A/T,Gray,–,None reported,Yes,12000,2.0,211.0,0,,
RAM,2500 Big Horn,2013,198868,Diesel,350.0HP 6.7L Straight 6 Cylinder Engine Diesel Fuel,6-Speed A/T,Brown,Beige,None reported,Yes,25000,6.7,350.0,0,,
Dodge,Ram 1500 ST,2011,188000,Gasoline,210.0HP 3.7L V6 Cylinder Engine Gasoline Fuel,A/T,Silver,Black,At least 1 accident or damage reported,Yes,8500,3.7,210.0,0,6,
Mercedes-Benz,C-Class C 300 4MATIC Sport,2013,157405,Gasoline,248.0HP 3.5L V6 Cylinder Engine Gasoline Fuel,A/T,Black,Black,None reported,Yes,10750,3.5,248.0,0,6,
Dodge,Challenger SRT Hellcat,2016,8228,Gasoline,707.0HP 6.2L 8 Cylinder Engine Gasoline Fuel,8-Speed A/T,Blue,Black,None reported,Yes,62500,6.2,707.0,0,,
Land,Rover Range Rover 3.0L Supercharged HSE,2018,73101,Gasoline,380.0HP 3.0L V6 Cylinder Engine Gasoline Fuel,A/T,Blue,Beige,None reported,Yes,42950,3.0,380.0,0,6,
BMW,M4 Base,2018,10950,Gasoline,425.0HP 3.0L Straight 6 Cylinder Engine Gasoline Fuel,6-Speed M/T,White,White,None reported,Yes,60995,3.0,425.0,0,,
Mercedes-Benz,S-Class S 560 4MATIC,2018,63160,Gasoline,463.0HP 4.0L 8 Cylinder Engine Gasoline Fuel,A/T,Black,–,At least 1 accident or damage reported,Yes,47000,4.0,463.0,0,,
Land,Rover Range Rover 5.0L V8 Supercharged,2019,31866,Gasoline,"5L V-8 gasoline direct injection, DOHC, variable valve control,","Automatic, 8-Spd",–,–,None reported,Unknown,68900,5.0,,0,,
Chevrolet,Express 3500 Base,2009,75000,Gasoline,319.0HP 6.0L 8 Cylinder Engine Gasoline Fuel,A/T,White,Gray,None reported,Yes,18900,6.0,319.0,0,,
Toyota,4Runner TRD Pro,2016,98000,Gasoline,270.0HP 4.0L V6 Cylinder Engine Gasoline Fuel,A/T,Black,Black,At least 1 accident or damage reported,Yes,36000,4.0,270.0,0,6,
Mazda,MX-5 Miata Grand Touring,2012,33576,Gasoline,167.0HP 2.0L 4 Cylinder Engine Gasoline Fuel,6-Speed M/T,Red,Beige,None reported,Yes,18900,2.0,167.0,0,,
Volkswagen,Touareg VR6 Lux,2012,123200,Gasoline,280.0HP 3.6L V6 Cylinder Engine Gasoline Fuel,A/T,Gray,Beige,At least 1 accident or damage reported,Yes,12449,3.6,280.0,0,6,
Jaguar,XJ Base,2013,112000,Gasoline,340.0HP 3.0L V6 Cylinder Engine Gasoline Fuel,A/T,Blue,White,None reported,Yes,8800,3.0,340.0,0,6,
Chevrolet,Camaro 2SS,2010,68000,Gasoline,426.0HP 6.2L 8 Cylinder Engine Gasoline Fuel,6-Speed A/T,Gray,Gray,At least 1 accident or damage reported,Yes,19500,6.2,426.0,0,,
INFINITI,G37 x,2012,120000,Gasoline,328.0HP 3.7L V6 Cylinder Engine Gasoline Fuel,Transmission w/Dual Shift Mode,Red,Black,At least 1 accident or damage reported,Yes,14500,3.7,328.0,0,6,
BMW,X6 xDrive50i,2019,45000,Gasoline,445.0HP 4.4L 8 Cylinder Engine Gasoline Fuel,8-Speed A/T,Silver,Black,At least 1 accident or damage reported,Yes,46999,4.4,445.0,0,,
Chevrolet,Camaro LT1,2022,6700,Gasoline,455.0HP 6.2L 8 Cylinder Engine Gasoline Fuel,10-Speed A/T,Gray,Black,None reported,Yes,39500,6.2,455.0,0,,
Porsche,Taycan Base,2021,6785,,Electric,2-Speed Automatic,Gentian Blue Metallic,Black,None reported,Unknown,108900,,,0,,
Mercedes-Benz,S-Class S 63 AMG,2015,40900,Gasoline,577.0HP 5.5L 8 Cylinder Engine Gasoline Fuel,7-Speed A/T,White,–,None reported,Yes,59750,5.5,577.0,0,,
Cadillac,Escalade ESV Premium Luxury,2018,74150,Gasoline,420.0HP 6.2L 8 Cylinder Engine Gasoline Fuel,10-Speed A/T,Gold,Brown,None reported,Yes,45000,6.2,420.0,0,,
Toyota,Camry Hybrid XLE,2014,94448,Hybrid,200.0HP 2.5L 4 Cylinder Engine Gas/Electric Hybrid,A/T,Silver,Gray,None reported,Yes,15999,2.5,200.0,0,,
Audi,A6 3.0T Prestige,2015,108000,Gasoline,310.0HP 3.0L V6 Cylinder Engine Gasoline Fuel,Transmission w/Dual Shift Mode,Black,Brown,None reported,Yes,19998,3.0,310.0,0,6,
BMW,X5 M Base,2012,118000,Gasoline,555.0HP 4.4L 8 Cylinder Engine Gasoline Fuel,Transmission w/Dual Shift Mode,White,Orange,At least 1 accident or damage reported,Yes,17000,4.4,555.0,0,,
Jaguar,F-PACE SVR,2020,38800,Gasoline,550.0HP 5.0L 8 Cylinder Engine Gasoline Fuel,Transmission w/Dual Shift Mode,Black,Black,None reported,Yes,57500,5.0,550.0,0,,
BMW,740 i,2017,55000,Gasoline,320.0HP 3.0L Straight 6 Cylinder Engine Gasoline Fuel,Transmission w/Dual Shift Mode,White,Black,None reported,Yes,40000,3.0,320.0,0,,
BMW,M340 i xDrive,2021,34967,Hybrid,382.0HP 3.0L Straight 6 Cylinder Engine Gasoline/Mild Electric Hybrid,8-Speed A/T,Blue,Beige,At least 1 accident or damage reported,Yes,49999,3.0,382.0,0,,
Jeep,Wrangler Unlimited Sport,2016,85325,Gasoline,285.0HP 3.6L V6 Cylinder Engine Gasoline Fuel,5-Speed A/T,Black,Black,None reported,Yes,30000,3.6,285.0,0,6,
RAM,2500 Tradesman,2018,63750,Gasoline,410.0HP 6.4L 8 Cylinder Engine Gasoline Fuel,6-Speed A/T,Gray,Gray,None reported,Yes,36000,6.4,410.0,0,,
Ford,Mustang V6,2016,87248,Gasoline,300.0HP 3.7L V6 Cylinder Engine Gasoline Fuel,6-Speed A/T,Black,Black,None reported,Yes,19999,3.7,300.0,0,6,
BMW,328 i,1997,206000,Gasoline,190.0HP 2.8L Straight 6 Cylinder Engine Gasoline Fuel,5-Speed M/T,Red,Black,At least 1 accident or damage reported,Yes,15900,2.8,190.0,0,,
Mercedes-Benz,GL-Class GL 450,2011,112854,Gasoline,335.0HP 4.7L 8 Cylinder Engine Gasoline Fuel,7-Speed A/T,White,Black,None reported,Yes,11999,4.7,335.0,0,,
Rivian,R1S Adventure Package,2023,1150,,835.0HP Electric Motor Electric Fuel System,A/T,Green,Black,None reported,Yes,96850,,835.0,0,,
Tesla,Model Y Long Range,2023,10000,,425.0HP Electric Motor Electric Fuel System,A/T,Blue,Black,None reported,Yes,48000,,425.0,0,,
Mercedes-Benz,E-Class E 350,2022,14100,Gasoline,255.0HP 2.0L 4 Cylinder Engine Gasoline Fuel,9-Speed A/T,Gray,Black,None reported,Yes,53000,2.0,255.0,0,,
BMW,X7 xDrive40i,2023,14360,Hybrid,375.0HP 3.0L Straight 6 Cylinder Engine Gasoline/Mild Electric Hybrid,8-Speed A/T,Black,Black,None reported,Yes,85495,3.0,375.0,0,,
Chevrolet,Trailblazer RS,2023,10000,Gasoline,155.0HP 1.3L 3 Cylinder Engine Gasoline Fuel,9-Speed A/T,Blue,Black,None reported,Yes,32000,1.3,155.0,0,,
Chevrolet,Suburban 1500 LTZ,2015,217500,Gasoline,355.0HP 5.3L 8 Cylinder Engine Gasoline Fuel,A/T,Black,Black,None reported,Yes,20000,5.3,355.0,0,,
Chevrolet,Suburban Premier,2021,73846,Gasoline,5.3L V8 16V GDI OHV,10-Speed Automatic,Midnight Blue Metallic,Jet Black,None reported,Yes,60995,5.3,,0,8,16
Jeep,Gladiator Overland,2020,40000,Gasoline,285.0HP 3.6L V6 Cylinder Engine Gasoline Fuel,Transmission w/Dual Shift Mode,Gray,Black,None reported,Yes,45000,3.6,285.0,0,6,
GMC,Yukon XL AT4,2023,9980,Gasoline,355.0HP 5.3L 8 Cylinder Engine Gasoline Fuel,10-Speed A/T,Black,Black,None reported,Yes,82000,5.3,355.0,0,,
Mazda,Mazda6 Grand Touring Reserve,2019,41997,Gasoline,227.0HP 2.5L 4 Cylinder Engine Gasoline Fuel,6-Speed A/T,Black,Black,None reported,Yes,24995,2.5,227.0,0,,
Alfa,Romeo Giulia Ti,2021,2000,Gasoline,280.0HP 2.0L 4 Cylinder Engine Gasoline Fuel,8-Speed A/T,Blue,Brown,None reported,Yes,39000,2.0,280.0,0,,
Mercedes-Benz,CLA-Class CLA 250,2016,42750,Gasoline,208.0HP 2.0L 4 Cylinder Engine Gasoline Fuel,Transmission w/Dual Shift Mode,Black,Black,At least 1 accident or damage reported,Yes,22999,2.0,208.0,0,,
BMW,330 330i xDrive,2019,19473,Gasoline,Intercooled Turbo Premium Unleaded I-4 2.0 L/122,Automatic,Alpine White,Canberra Beige,None reported,Unknown,31698,2.0,,1,,
Volkswagen,Beetle 2.0T S,2019,35340,Gasoline,174.0HP 2.0L 4 Cylinder Engine Gasoline Fuel,A/T,Black,Gray,None reported,Yes,23000,2.0,174.0,0,,
Mercedes-Benz,CLK-Class CLK 350,2008,93000,Gasoline,268.0HP 3.5L V6 Cylinder Engine Gasoline Fuel,7-Speed A/T,White,Beige,At least 1 accident or damage reported,Yes,12000,3.5,268.0,0,6,
Audi,RS 7 4.0T Prestige,2014,66150,Gasoline,560.0HP 4.0L 8 Cylinder Engine Gasoline Fuel,8-Speed A/T,White,Black,At least 1 accident or damage reported,Yes,47995,4.0,560.0,0,,
Volvo,XC60 Recharge Plug-In Hybrid T8 Inscription,2022,19352,Plug-In Hybrid,455.0HP 2.0L 4 Cylinder Engine Plug-In Electric/Gas,8-Speed A/T,Blue,Beige,None reported,Yes,54599,2.0,455.0,0,,
Land,Rover Range Rover Supercharged LWB,2020,81000,Gasoline,518.0HP 5.0L 8 Cylinder Engine Gasoline Fuel,A/T,Black,Black,None reported,Yes,64800,5.0,518.0,0,,
Toyota,Sequoia Limited,2011,183000,Gasoline,381.0HP 5.7L 8 Cylinder Engine Gasoline Fuel,6-Speed A/T,Gold,Beige,None reported,Yes,16000,5.7,381.0,0,,
Jeep,Wrangler X,2004,44000,Gasoline,190.0HP 4.0L Straight 6 Cylinder Engine Gasoline Fuel,M/T,Green,Green,At least 1 accident or damage reported,Yes,24999,4.0,190.0,0,,
Audi,S5 3.0T Premium,2021,18100,Gasoline,349.0HP 3.0L V6 Cylinder Engine Gasoline Fuel,8-Speed A/T,Gray,Gray,None reported,Yes,51800,3.0,349.0,0,6,
Land,Rover Range Rover Sport Supercharged,2011,40000,Gasoline,510.0HP 5.0L 8 Cylinder Engine Gasoline Fuel,Transmission w/Dual Shift Mode,Blue,Brown,At least 1 accident or damage reported,Yes,20000,5.0,510.0,0,,
Mercedes-Benz,Sprinter 2500,2011,120000,Diesel,188.0HP 3.0L V6 Cylinder Engine Diesel Fuel,5-Speed A/T,Black,Gray,None reported,Yes,31999,3.0,188.0,0,6,
Toyota,Sequoia Platinum,2023,325,Hybrid,437.0HP 3.4L V6 Cylinder Engine Gas/Electric Hybrid,10-Speed A/T,Blue,Gray,None reported,Yes,84997,3.4,437.0,0,6,
Maserati,Quattroporte S GranLusso,2017,55000,Gasoline,405.0HP 3.0L V6 Cylinder Engine Gasoline Fuel,A/T,Blue,Black,None reported,Yes,39100,3.0,405.0,0,6,
Toyota,Land Cruiser Base,1996,233000,–,–,A/T,Blue,Gray,None reported,Yes,7500,,,0,,
Lamborghini,Aventador SVJ Base,2021,6987,Gasoline,6.5L V12 48V MPFI DOHC,7-Speed,–,Nero Ade,None reported,Yes,749950,6.5,,0,12,48
Ford,Mustang Bullitt,2019,48500,Gasoline,480.0HP 5.0L 8 Cylinder Engine Gasoline Fuel,6-Speed M/T,Black,Black,At least 1 accident or damage reported,Yes,44999,5.0,480.0,0,,
RAM,2500 Tradesman,2018,52000,Diesel,350.0HP 6.7L Straight 6 Cylinder Engine Diesel Fuel,6-Speed A/T,Gray,Black,None reported,Yes,50000,6.7,350.0,0,,
Toyota,FJ Cruiser Base,2007,179000,Gasoline,239.0HP 4.0L V6 Cylinder Engine Gasoline Fuel,A/T,Silver,Black,At least 1 accident or damage reported,Yes,17900,4.0,239.0,0,6,
Dodge,Charger Scat Pack,2019,42626,Gasoline,485.0HP 6.4L 8 Cylinder Engine Gasoline Fuel,8-Speed A/T,Silver,Red,None reported,Yes,42000,6.4,485.0,0,,
Lexus,GX 460 Base,2018,65900,Gasoline,301.0HP 4.6L 8 Cylinder Engine Gasoline Fuel,Transmission w/Dual Shift Mode,Gray,Black,At least 1 accident or damage reported,Yes,34700,4.6,301.0,0,,
Genesis,GV80 2.5T,2022,7523,Gasoline,2.5L I4 16V PDI DOHC Turbo,8-Speed Automatic,Black,Black,None reported,Unknown,54543,2.5,,1,,16
Jaguar,F-PACE 30t R-Sport,2019,34365,Gasoline,2.0 Liter,Automatic,Yulong,Ebony,None reported,Unknown,59598,2.0,,0,,
Kia,Sportage S,2021,16949,Gasoline,2.4L I4 16V GDI DOHC,6-Speed Automatic,Hyper Red,Black,None reported,Yes,24995,2.4,,0,,16
Mercedes-Benz,S-Class S 580 4MATIC,2022,7968,Hybrid,496.0HP 4.0L 8 Cylinder Engine Gasoline/Mild Electric Hybrid,9-Speed A/T,White,White,None reported,Yes,104999,4.0,496.0,0,,
Porsche,Panamera Base,2018,61000,Gasoline,330.0HP 3.0L V6 Cylinder Engine Gasoline Fuel,Transmission w/Dual Shift Mode,Gray,Gray,None reported,Yes,57500,3.0,330.0,0,6,
INFINITI,QX80 Base,2018,100564,Gasoline,5.6L V8 32V GDI DOHC,7-Speed Automatic,Black,Graphite,None reported,Unknown,23105,5.6,,0,8,32
Ford,Maverick Lariat,2022,13700,Hybrid,191.0HP 2.5L 4 Cylinder Engine Gas/Electric Hybrid,CVT Transmission,Blue,Brown,None reported,Yes,39500,2.5,191.0,0,,
Kia,Telluride SX,2021,38612,Gasoline,3.8L V6 24V GDI DOHC,8-Speed Automatic,Ebony Black,Black,None reported,Unknown,42242,3.8,,0,6,24
Chevrolet,Colorado Z85,2005,155000,Gasoline,220.0HP 3.5L 5 Cylinder Engine Gasoline Fuel,A/T,Blue,Gray,At least 1 accident or damage reported,Yes,7995,3.5,220.0,0,,
Mercedes-Benz,E-Class E 550,2017,56000,Gasoline,402.0HP 4.7L 8 Cylinder Engine Gasoline Fuel,Transmission w/Dual Shift Mode,Gray,White,None reported,Yes,35750,4.7,402.0,0,,
Land,Rover Range Rover Sport SVR,2022,15107,Gasoline,5.0L V8 32V GDI DOHC Supercharged,8-Speed Automatic,Santorini Black Metallic,Ebony,None reported,Unknown,114900,5.0,,0,8,32
Toyota,Corolla Hybrid LE,2022,44459,Hybrid,121.0HP 1.8L 4 Cylinder Engine Gas/Electric Hybrid,A/T,Silver,Gray,None reported,Yes,22945,1.8,121.0,0,,
Mercedes-Benz,E-Class E 300 4MATIC,2017,31000,Gasoline,241.0HP 2.0L 4 Cylinder Engine Gasoline Fuel,A/T,Blue,White,At least 1 accident or damage reported,Yes,38000,2.0,241.0,0,,
Mercedes-Benz,SLK-Class SLK 350,2012,44000,Gasoline,302.0HP 3.5L V6 Cylinder Engine Gasoline Fuel,Transmission w/Dual Shift Mode,Gray,White,At least 1 accident or damage reported,Yes,22222,3.5,302.0,0,6,
Mercedes-Benz,E-Class E 400 4MATIC,2018,22558,Gasoline,3.0L V6 24V GDI DOHC Twin Turbo,9-Speed Automatic,Black,Black,None reported,Yes,47645,3.0,,1,6,24
Jeep,Wrangler X,2003,116157,Gasoline,210.0HP 4.0L Straight 6 Cylinder Engine Gasoline Fuel,4-Speed A/T,Beige,Beige,None reported,Yes,14250,4.0,210.0,0,,
Lincoln,Navigator Premiere,2018,23500,Gasoline,450.0HP 3.5L V6 Cylinder Engine Gasoline Fuel,10-Speed A/T,Black,Black,At least 1 accident or damage reported,Yes,50000,3.5,450.0,0,6,
Chevrolet,Corvette Base,2008,28150,Gasoline,430.0HP 6.2L 8 Cylinder Engine Gasoline Fuel,Transmission w/Dual Shift Mode,Red,Beige,None reported,Yes,31000,6.2,430.0,0,,
GMC,Yukon XL Denali,2016,137500,Gasoline,420.0HP 6.2L 8 Cylinder Engine Gasoline Fuel,A/T,Black,Black,At least 1 accident or damage reported,Yes,29500,6.2,420.0,0,,
Mercedes-Benz,Metris Base,2021,2284,Gasoline,2.0L I4 16V GDI DOHC Turbo,9-Speed Automatic,Black,Tan,None reported,Yes,157500,2.0,,1,,16
Land,Rover Range Rover P530 SE LWB 7 Seat,2023,350,Gasoline,523.0HP 4.4L 8 Cylinder Engine Gasoline Fuel,Transmission w/Dual Shift Mode,Black,Beige,None reported,Yes,195000,4.4,523.0,0,,
Ford,Explorer XLT,2017,169000,E85 Flex Fuel,290.0HP 3.5L V6 Cylinder Engine Flex Fuel Capability,A/T,White,Beige,None reported,Yes,13000,3.5,290.0,0,6,
Ferrari,488 GTB Base,2018,17761,Gasoline,3.9L V8 32V GDI DOHC Twin Turbo,7-Speed Automatic with Auto-Shift,Rosso Corsa,Nero,None reported,Unknown,243900,3.9,,1,8,32
Chevrolet,Camaro 2SS,2010,8949,Gasoline,426.0HP 6.2L 8 Cylinder Engine Gasoline Fuel,M/T,Yellow,Black,None reported,Yes,30000,6.2,426.0,0,,
BMW,750 i xDrive,2020,25108,Gasoline,523.0HP 4.4L 8 Cylinder Engine Gasoline Fuel,8-Speed A/T,Black,Black,,Unknown,66000,4.4,523.0,0,,
Land,Rover Range Rover 3.0L Supercharged HSE,2016,103000,Gasoline,380.0HP 3.0L V6 Cylinder Engine Gasoline Fuel,Transmission w/Dual Shift Mode,Black,Black,None reported,Yes,33999,3.0,380.0,0,6,
Porsche,911 Carrera 4 Cabriolet,2003,87600,Gasoline,315.0HP 3.6L Flat 6 Cylinder Engine Gasoline Fuel,Transmission w/Dual Shift Mode,Black,Black,At least 1 accident or damage reported,Yes,32000,3.6,315.0,0,,
Maserati,MC20 Base,2022,1087,Gasoline,3.0L V6 24V PDI DOHC Twin Turbo,8-Speed Automatic with Auto-Shift,Matte White,Black,None reported,Yes,279000,3.0,,1,6,24
Mercedes-Benz,CLA-Class CLA 250,2015,76753,Gasoline,208.0HP 2.0L 4 Cylinder Engine Gasoline Fuel,A/T,Red,Black,At least 1 accident or damage reported,Yes,15999,2.0,208.0,0,,
Mercedes-Benz,Metris Base,2019,10500,Gasoline,208.0HP 2.0L 4 Cylinder Engine Gasoline Fuel,A/T,Black,Brown,None reported,Yes,79500,2.0,208.0,0,,
Mercedes-Benz,E-Class E 350 4MATIC,2011,199000,Gasoline,268.0HP 3.5L V6 Cylinder Engine Gasoline Fuel,7-Speed A/T,Silver,Black,None reported,Yes,9250,3.5,268.0,0,6,
Lexus,LS 460 L,2007,127980,Gasoline,380.0HP 4.6L 8 Cylinder Engine Gasoline Fuel,8-Speed A/T,Blue,Beige,None reported,Yes,9999,4.6,380.0,0,,
BMW,X6 xDrive40i,2023,16307,Hybrid,335.0HP 3.0L Straight 6 Cylinder Engine Gasoline/Mild Electric Hybrid,A/T,Red,White,None reported,Yes,71400,3.0,335.0,0,,
Audi,S5 3.0T Prestige,2021,13566,Gasoline,3.0L,1-Speed Automatic,Daytona Gray Pearl Effect,Magma Red,None reported,Unknown,57900,3.0,,0,,
Audi,Q7 Premium Plus,2022,22588,Hybrid,3.0 Liter TFSI,Automatic,Navarra Blue,Saiga Beige,None reported,Unknown,52598,3.0,,0,,
Jaguar,XE 25t,2019,41452,Gasoline,247.0HP 2.0L 4 Cylinder Engine Gasoline Fuel,Transmission w/Dual Shift Mode,White,Black,At least 1 accident or damage reported,Yes,22500,2.0,247.0,0,,
Genesis,G80 3.3T Sport,2019,57500,Gasoline,365.0HP 3.3L V6 Cylinder Engine Gasoline Fuel,A/T,Red,Black,None reported,Yes,32990,3.3,365.0,0,6,
BMW,M2 Competition,2020,500,Gasoline,405.0HP 3.0L Straight 6 Cylinder Engine Gasoline Fuel,7-Speed A/T,Black,Black,None reported,Yes,70000,3.0,405.0,0,,
Subaru,Impreza WRX Premium,2014,55000,Gasoline,265.0HP 2.5L 4 Cylinder Engine Gasoline Fuel,5-Speed M/T,White,Black,None reported,Yes,30000,2.5,265.0,0,,
GMC,Sierra 2500 Base,2021,8210,Gasoline,401.0HP 6.6L 8 Cylinder Engine Gasoline Fuel,A/T,White,Black,None reported,Yes,55000,6.6,401.0,0,,
Lincoln,Nautilus Reserve,2021,18160,Gasoline,2.7L V6 24V GDI DOHC Twin Turbo,8-Speed Automatic,Silver Radiance,Slate,None reported,Unknown,46850,2.7,,1,6,24
Jaguar,XF XFR-S,2013,4279,Gasoline,550.0HP 5.0L 8 Cylinder Engine Gasoline Fuel,8-Speed A/T,White,Black,,Unknown,70000,5.0,550.0,0,,
Mercedes-Benz,Sprinter Normal Roof,2013,39748,Diesel,188.0HP 3.0L V6 Cylinder Engine Diesel Fuel,A/T,Silver,Black,At least 1 accident or damage reported,Yes,54995,3.0,188.0,0,6,
Toyota,Land Cruiser Base,1998,160000,Gasoline,230.0HP 4.7L 8 Cylinder Engine Gasoline Fuel,4-Speed A/T,White,Beige,At least 1 accident or damage reported,Yes,12490,4.7,230.0,0,,
Toyota,Tacoma PreRunner,2013,65000,Gasoline,159.0HP 2.7L 4 Cylinder Engine Gasoline Fuel,A/T,Silver,Gray,None reported,Yes,20500,2.7,159.0,0,,
BMW,Z4 sDrive28i,2016,59000,Gasoline,240.0HP 2.0L 4 Cylinder Engine Gasoline Fuel,8-Speed A/T,Black,Beige,None reported,Yes,25000,2.0,240.0,0,,
BMW,530e Base,2022,22700,Plug-In Hybrid,288.0HP 2.0L 4 Cylinder Engine Plug-In Electric/Gas,A/T,White,Black,None reported,Yes,47000,2.0,288.0,0,,
Mercedes-Benz,GLA 250 Base 4MATIC,2018,56578,E85 Flex Fuel,208.0HP 2.0L 4 Cylinder Engine Flex Fuel Capability,7-Speed A/T,White,Black,None reported,Yes,20900,2.0,208.0,0,,
Hyundai,Genesis 4.6,2010,153332,Gasoline,378.0HP 4.6L 8 Cylinder Engine Gasoline Fuel,Transmission w/Dual Shift Mode,Silver,Black,At least 1 accident or damage reported,Yes,10000,4.6,378.0,0,,
Cadillac,ATS 3.6L Luxury,2013,89700,Gasoline,321.0HP 3.6L V6 Cylinder Engine Gasoline Fuel,6-Speed A/T,Black,Red,None reported,Yes,17999,3.6,321.0,0,6,
Lincoln,Town Car Signature,2002,118600,Gasoline,220.0HP 4.6L 8 Cylinder Engine Gasoline Fuel,A/T,Black,Gray,At least 1 accident or damage reported,Yes,5230,4.6,220.0,0,,
GMC,Sierra 1500 SLT,2021,23400,Gasoline,420.0HP 6.2L 8 Cylinder Engine Gasoline Fuel,A/T,Black,Black,None reported,Yes,52000,6.2,420.0,0,,
Mercedes-Benz,Sprinter High Roof,2015,110000,Diesel,188.0HP 3.0L V6 Cylinder Engine Diesel Fuel,A/T,White,Gray,None reported,Yes,29000,3.0,188.0,0,6,
Jaguar,XJ Vanden Plas,2008,87888,Gasoline,300.0HP 4.2L 8 Cylinder Engine Gasoline Fuel,6-Speed A/T,Black,Black,None reported,Yes,11990,4.2,300.0,0,,
Lexus,RC 350 Base,2015,73800,Gasoline,3.5L V6 24V PDI DOHC,6-Speed Automatic,Black,Black,None reported,Unknown,26999,3.5,,0,6,24
Audi,S3 2.0T Premium Plus,2015,78124,Gasoline,292.0HP 2.0L 4 Cylinder Engine Gasoline Fuel,6-Speed A/T,Blue,Black,None reported,Yes,21500,2.0,292.0,0,,
Subaru,WRX Limited,2015,91000,Gasoline,268.0HP 2.0L 4 Cylinder Engine Gasoline Fuel,6-Speed M/T,Red,Black,At least 1 accident or damage reported,Yes,19000,2.0,268.0,0,,
Dodge,Ram 2500 SLT Quad Cab,2003,114000,Gasoline,345.0HP 5.7L 8 Cylinder Engine Gasoline Fuel,5-Speed A/T,White,Beige,At least 1 accident or damage reported,Yes,10700,5.7,345.0,0,,
Subaru,WRX Limited,2015,76000,Gasoline,268.0HP 2.0L 4 Cylinder Engine Gasoline Fuel,6-Speed M/T,Blue,Black,None reported,Yes,21000,2.0,268.0,0,,
Audi,RS 4 4.2 quattro L,2008,146500,Gasoline,420.0HP 4.2L 8 Cylinder Engine Gasoline Fuel,6-Speed M/T,Red,Black,At least 1 accident or damage reported,Yes,30000,4.2,420.0,0,,
Porsche,911 Carrera,2007,26021,Gasoline,325.0HP 3.6L Flat 6 Cylinder Engine Gasoline Fuel,6-Speed M/T,Silver,Gray,None reported,Yes,53999,3.6,325.0,0,,
Audi,A4 2.0T Premium Plus,2015,73000,E85 Flex Fuel,220.0HP 2.0L 4 Cylinder Engine Flex Fuel Capability,A/T,Black,Black,At least 1 accident or damage reported,Yes,17200,2.0,220.0,0,,
Audi,A4 3.2 Premium Plus quattro,2009,153000,Gasoline,265.0HP 3.2L V6 Cylinder Engine Gasoline Fuel,6-Speed A/T,Gray,Beige,None reported,Yes,8700,3.2,265.0,0,6,
Ford,Excursion Limited,2003,67550,Diesel,325.0HP 6.0L 8 Cylinder Engine Diesel Fuel,5-Speed A/T,Gold,Beige,None reported,Yes,30000,6.0,325.0,0,,
Ford,Excursion Limited,2004,170000,Gasoline,310.0HP 6.8L 10 Cylinder Engine Gasoline Fuel,A/T,Gold,Gold,None reported,Yes,8500,6.8,310.0,0,,
Land,Rover Range Rover Sport 5.0L Supercharged Dynamic,2017,53000,Gasoline,510.0HP 5.0L 8 Cylinder Engine Gasoline Fuel,Transmission w/Dual Shift Mode,Black,Beige,None reported,Yes,47500,5.0,510.0,0,,
Audi,Q8 3.0T Prestige,2019,54900,Hybrid,335.0HP 3.0L V6 Cylinder Engine Gasoline/Mild Electric Hybrid,A/T,Gold,Black,At least 1 accident or damage reported,Yes,48500,3.0,335.0,0,6,
BMW,X5 xDrive35i,2016,89000,Gasoline,300.0HP 3.0L Straight 6 Cylinder Engine Gasoline Fuel,8-Speed A/T,Black,Black,None reported,Yes,24000,3.0,300.0,0,,
Ford,Bronco Base,2022,6200,Gasoline,275.0HP 2.3L 4 Cylinder Engine Gasoline Fuel,7-Speed M/T,Black,Black,None reported,Yes,49000,2.3,275.0,0,,
Ford,F-150 XLT,2021,51808,Gasoline,5.0L V8 32V PDI DOHC,10-Speed Automatic,Silver,Black,None reported,Yes,42388,5.0,,0,8,32
Hyundai,Genesis Coupe 3.8 Track,2013,89000,Gasoline,344.0HP 3.8L V6 Cylinder Engine Gasoline Fuel,6-Speed M/T,White,Black,At least 1 accident or damage reported,Yes,12500,3.8,344.0,0,6,
Toyota,Camry LE,1999,86111,Gasoline,133.0HP 2.2L 4 Cylinder Engine Gasoline Fuel,A/T,Gold,Beige,At least 1 accident or damage reported,Yes,3500,2.2,133.0,0,,
Mercedes-Benz,E-Class E 400 4MATIC,2018,45203,Gasoline,3.0L V6 24V GDI DOHC Twin Turbo,9-Speed Automatic,White,Saddle Brown,None reported,Yes,39853,3.0,,1,6,24
Audi,S5 3.0T Prestige,2022,14739,Gasoline,3.0L,1-Speed Automatic,Daytona Gray Pearl Effect,Black,None reported,Unknown,61900,3.0,,0,,
Buick,Enclave Premium,2017,139105,Gasoline,3.6L V6 24V GDI DOHC,6-Speed Automatic,Iridium Metallic,Light Titanium,At least 1 accident or damage reported,Yes,17550,3.6,,0,6,24
Lamborghini,Gallardo LP560-4,2010,45014,Gasoline,560.0HP 5.2L 10 Cylinder Engine Gasoline Fuel,6-Speed A/T,Gray,Black,None reported,Yes,109499,5.2,560.0,0,,
Ford,Mustang GT Premium,2011,101000,Gasoline,412.0HP 5.0L 8 Cylinder Engine Gasoline Fuel,6-Speed M/T,Red,Black,None reported,Yes,18500,5.0,412.0,0,,
GMC,Yukon XL SLT,2016,93000,Gasoline,355.0HP 5.3L 8 Cylinder Engine Gasoline Fuel,A/T,Black,Black,At least 1 accident or damage reported,Yes,30000,5.3,355.0,0,,
Ford,Mustang V6 Premium,2013,62500,Gasoline,305.0HP 3.7L V6 Cylinder Engine Gasoline Fuel,6-Speed M/T,Black,Black,None reported,Yes,16000,3.7,305.0,0,6,
Lexus,IS-F Base,2008,75000,Gasoline,416.0HP 5.0L 8 Cylinder Engine Gasoline Fuel,8-Speed A/T,Blue,Black,At least 1 accident or damage reported,Yes,29000,5.0,416.0,0,,
BMW,435 i,2015,34455,Gasoline,300.0HP 3.0L Straight 6 Cylinder Engine Gasoline Fuel,8-Speed A/T,Gray,Beige,None reported,Yes,28000,3.0,300.0,0,,
Land,Rover Range Rover Supercharged,2010,130000,Gasoline,510.0HP 5.0L 8 Cylinder Engine Gasoline Fuel,A/T,White,Black,None reported,Yes,15500,5.0,510.0,0,,
Mercedes-Benz,CLA-Class CLA 250,2014,76170,Gasoline,208.0HP 2.0L 4 Cylinder Engine Gasoline Fuel,Transmission w/Dual Shift Mode,Gray,Black,At least 1 accident or damage reported,Yes,16500,2.0,208.0,0,,
GMC,Yukon SLT,2010,194500,E85 Flex Fuel,320.0HP 5.3L 8 Cylinder Engine Flex Fuel Capability,6-Speed A/T,White,Beige,At least 1 accident or damage reported,Yes,9500,5.3,320.0,0,,
BMW,535 i,2008,135000,Gasoline,300.0HP 3.0L Straight 6 Cylinder Engine Gasoline Fuel,A/T,Silver,Black,None reported,Yes,5699,3.0,300.0,0,,
Dodge,Charger GT,2021,33000,Gasoline,300.0HP 3.6L V6 Cylinder Engine Gasoline Fuel,Transmission w/Dual Shift Mode,White,Gray,At least 1 accident or damage reported,Yes,26999,3.6,300.0,0,6,
Hyundai,Genesis 3.8,2010,98700,Gasoline,290.0HP 3.8L V6 Cylinder Engine Gasoline Fuel,Transmission w/Dual Shift Mode,Beige,Beige,None reported,Yes,10340,3.8,290.0,0,6,
Honda,Civic Type R Touring,2018,72900,Gasoline,306.0HP 2.0L 4 Cylinder Engine Gasoline Fuel,6-Speed M/T,Black,Black,At least 1 accident or damage reported,Yes,35500,2.0,306.0,0,,
Dodge,Durango R/T,2016,135000,Gasoline,360.0HP 5.7L 8 Cylinder Engine Gasoline Fuel,A/T,Black,Black,None reported,Yes,20000,5.7,360.0,0,,
Chevrolet,Silverado 1500 Limited High Country,2022,2550,Gasoline,355.0HP 5.3L 8 Cylinder Engine Gasoline Fuel,10-Speed A/T,Red,Black,None reported,Yes,60000,5.3,355.0,0,,
Jeep,Grand Cherokee Altitude,2020,35289,Gasoline,3.6L V6 24V MPFI DOHC,8-Speed Automatic,Granite Crystal Clearcoat Metallic,Black,,Unknown,35470,3.6,,0,6,24
RAM,1500 Laramie,2022,14636,Gasoline,5.7L V8 16V MPFI OHV,8-Speed Automatic,Diamond Black,Black,None reported,Unknown,46599,5.7,,0,8,16
Chrysler,Crossfire Limited,2005,24847,Gasoline,3.2L V6 18V MPFI SOHC,5-Speed Automatic,White,Dark Gray,None reported,Yes,13046,3.2,,0,6,18
Nissan,Rogue SL,2019,29558,Gasoline,2.5L I4 16V MPFI DOHC,Automatic CVT,Magnetic Black,Charcoal,None reported,Yes,25884,2.5,,0,,16
Audi,A6 55 Premium Plus,2023,6581,Gasoline,"3L V-6 gasoline direct injection, DOHC, variable valve control,","Automatic, 7-Spd S tronic Dual-Clutch",Chronos Gray Metallic,Black,None reported,Unknown,59900,3.0,,0,,
Mercedes-Benz,AMG GT 53 Base,2020,22000,Hybrid,429.0HP 3.0L Straight 6 Cylinder Engine Gasoline/Mild Electric Hybrid,9-Speed A/T,Gray,Black,None reported,Yes,83999,3.0,429.0,0,,
Acura,ILX Technology Plus Package,2017,68200,Gasoline,201.0HP 2.4L 4 Cylinder Engine Gasoline Fuel,Transmission w/Dual Shift Mode,Black,–,At least 1 accident or damage reported,Yes,15750,2.4,201.0,0,,
Land,Rover Range Rover P530 SE SWB,2023,2800,Gasoline,523.0HP 4.4L 8 Cylinder Engine Gasoline Fuel,8-Speed A/T,White,Red,None reported,Yes,175000,4.4,523.0,0,,
Ford,Expedition Platinum,2019,51300,Gasoline,3.5L V6 24V GDI DOHC Twin Turbo,10-Speed Automatic,White,Platinum,None reported,Yes,48295,3.5,,1,6,24
BMW,M3 Base,2008,133500,Gasoline,414.0HP 4.0L 8 Cylinder Engine Gasoline Fuel,6-Speed M/T,Gray,Black,None reported,Yes,18500,4.0,414.0,0,,
INFINITI,M37 x,2012,49000,Gasoline,330.0HP 3.7L V6 Cylinder Engine Gasoline Fuel,7-Speed A/T,Gray,Black,None reported,Yes,19900,3.7,330.0,0,6,
BMW,650 i,2008,125470,Gasoline,360.0HP 4.8L 8 Cylinder Engine Gasoline Fuel,A/T,Black,Beige,None reported,Yes,8000,4.8,360.0,0,,
Mazda,RX-8 Grand Touring,2008,81219,Gasoline,232.0HP 1.3L Rotary engine Gasoline Fuel,6-Speed M/T,Red,Black,None reported,Yes,8500,1.3,232.0,0,,
Porsche,Boxster Base,1999,72000,Gasoline,201.0HP 2.5L Flat 6 Cylinder Engine Gasoline Fuel,5-Speed M/T,Blue,Gray,None reported,Yes,12250,2.5,201.0,0,,
Acura,ILX Premium & A-SPEC Packages,2019,19500,Gasoline,201.0HP 2.4L 4 Cylinder Engine Gasoline Fuel,8-Speed A/T,Gray,Black,None reported,Yes,25000,2.4,201.0,0,,
Porsche,911 Carrera S,2017,20561,Gasoline,420.0HP 3.0L Flat 6 Cylinder Engine Gasoline Fuel,7-Speed M/T,Red,Black,None reported,Yes,105000,3.0,420.0,0,,
Lexus,LX 570 Base,2016,33655,Gasoline,383.0HP 5.7L 8 Cylinder Engine Gasoline Fuel,8-Speed A/T,White,Brown,None reported,Yes,62900,5.7,383.0,0,,
Toyota,Highlander Limited Platinum,2015,135140,Gasoline,270.0HP 3.5L V6 Cylinder Engine Gasoline Fuel,A/T,White,Beige,None reported,Yes,23500,3.5,270.0,0,6,
Maserati,Ghibli Base,2015,73000,Gasoline,345.0HP 3.0L V6 Cylinder Engine Gasoline Fuel,8-Speed A/T,Black,Brown,None reported,Yes,17999,3.0,345.0,0,6,
Land,Rover Range Rover 3.0L Supercharged HSE,2017,55000,Gasoline,380.0HP 3.0L V6 Cylinder Engine Gasoline Fuel,A/T,White,Beige,At least 1 accident or damage reported,Yes,58000,3.0,380.0,0,6,
Chevrolet,Cruze LTZ,2013,87000,Gasoline,138.0HP 1.4L 4 Cylinder Engine Gasoline Fuel,A/T,Blue,Black,At least 1 accident or damage reported,Yes,10000,1.4,138.0,0,,
BMW,325 xi,2006,137825,Gasoline,215.0HP 3.0L Straight 6 Cylinder Engine Gasoline Fuel,6-Speed A/T,Silver,Black,None reported,Yes,4000,3.0,215.0,0,,
Acura,MDX Technology,2008,184421,Gasoline,300.0HP 3.7L V6 Cylinder Engine Gasoline Fuel,A/T,Gray,Black,None reported,Yes,5000,3.7,300.0,0,6,
Lincoln,MKC Base,2015,95000,Gasoline,240.0HP 2.0L 4 Cylinder Engine Gasoline Fuel,6-Speed A/T,White,Black,At least 1 accident or damage reported,Yes,14900,2.0,240.0,0,,
Kia,Sportage Nightfall,2022,26468,Gasoline,2.4L I4 16V GDI DOHC,6-Speed Automatic,Pacific Blue,Black,At least 1 accident or damage reported,Yes,27875,2.4,,0,,16
Bentley,Arnage R,2003,55050,Gasoline,400.0HP 6.75L 8 Cylinder Engine Gasoline Fuel,4-Speed A/T,Gray,Gray,None reported,Yes,34995,6.75,400.0,0,,
Kia,Sorento LX,2021,54200,Gasoline,191.0HP 2.5L 4 Cylinder Engine Gasoline Fuel,A/T,White,Black,None reported,Yes,23800,2.5,191.0,0,,
Lexus,SC 430 Base,2002,109762,Gasoline,300.0HP 4.3L 8 Cylinder Engine Gasoline Fuel,5-Speed A/T,Blue,Brown,None reported,Yes,15000,4.3,300.0,0,,
Land,Rover Range Rover Evoque Base,2012,92080,Gasoline,240.0HP 2.0L 4 Cylinder Engine Gasoline Fuel,6-Speed A/T,Gray,Black,None reported,Yes,14500,2.0,240.0,0,,
Acura,TLX Type S w/Performance Tire,2023,1798,Gasoline,355.0HP 3.0L V6 Cylinder Engine Gasoline Fuel,10-Speed A/T,Black,Black,None reported,Yes,53000,3.0,355.0,0,6,
GMC,Sierra 1500 SLE Crew Cab,2006,167500,Gasoline,295.0HP 5.3L 8 Cylinder Engine Gasoline Fuel,A/T,Silver,Black,None reported,Yes,14500,5.3,295.0,0,,
GMC,Sierra 1500 Denali Ultimate,2023,2500,Gasoline,420.0HP 6.2L 8 Cylinder Engine Gasoline Fuel,10-Speed A/T,White,Brown,None reported,Yes,84000,6.2,420.0,0,,
Mercedes-Benz,E-Class E 400,2016,77000,Gasoline,329.0HP 3.0L V6 Cylinder Engine Gasoline Fuel,7-Speed A/T,White,Beige,At least 1 accident or damage reported,Yes,24000,3.0,329.0,0,6,
MINI,Hardtop Cooper,2019,19850,Gasoline,134.0HP 1.5L 3 Cylinder Engine Gasoline Fuel,6-Speed A/T,Black,Black,None reported,Yes,24000,1.5,134.0,0,,
Ford,Bronco Outer Banks Advanced,2023,3400,Gasoline,275.0HP 2.3L 4 Cylinder Engine Gasoline Fuel,10-Speed A/T,Gray,Gray,None reported,Yes,57000,2.3,275.0,0,,
Ford,Bronco,2021,3596,Gasoline,2.7L V6 24V PDI DOHC Twin Turbo,10-Speed Automatic,Blue,Black Onyx,None reported,Unknown,56900,2.7,,1,6,24
Ford,F-350 Lariat Super Duty Crew Cab,2009,130200,Diesel,350.0HP 6.4L 8 Cylinder Engine Diesel Fuel,5-Speed A/T,White,Beige,None reported,Yes,28900,6.4,350.0,0,,
Land,Rover Discovery Sport SE,2017,48200,Gasoline,240.0HP 2.0L 4 Cylinder Engine Gasoline Fuel,9-Speed A/T,White,Gray,None reported,Yes,24998,2.0,240.0,0,,
GMC,Yukon XL SLT,2016,183544,Gasoline,355.0HP 5.3L 8 Cylinder Engine Gasoline Fuel,6-Speed A/T,Black,Black,At least 1 accident or damage reported,Yes,22000,5.3,355.0,0,,
Ford,Focus RS Base,2016,14900,Gasoline,350.0HP 2.3L 4 Cylinder Engine Gasoline Fuel,6-Speed M/T,Blue,Black,None reported,Yes,39000,2.3,350.0,0,,
Ford,Bronco Badlands Advanced,2022,4200,Gasoline,315.0HP 2.7L V6 Cylinder Engine Gasoline Fuel,10-Speed A/T,Blue,Black,None reported,Yes,65994,2.7,315.0,0,6,
Hyundai,Genesis 5,2012,15698,Gasoline,429.0HP 5.0L 8 Cylinder Engine Gasoline Fuel,Transmission w/Dual Shift Mode,Black,Black,None reported,Yes,19000,5.0,429.0,0,,
Jeep,Wrangler Unlimited Rubicon,2022,1750,Gasoline,285.0HP 3.6L V6 Cylinder Engine Gasoline Fuel,8-Speed A/T,Gray,Brown,None reported,Yes,65500,3.6,285.0,0,6,
BMW,X4 xDrive30i,2022,34800,Gasoline,248.0HP 2.0L 4 Cylinder Engine Gasoline Fuel,A/T,Blue,Brown,None reported,Yes,46000,2.0,248.0,0,,
Jaguar,F-PACE S,2020,35580,Gasoline,3.0 Liter,Automatic,Eiger Grey Metallic,Ebony/Light Oyster Stitch,None reported,Unknown,46998,3.0,,0,,
Acura,RSX Type S,2006,71400,Gasoline,201.0HP 2.0L 4 Cylinder Engine Gasoline Fuel,6-Speed M/T,Black,Gray,,Unknown,14990,2.0,201.0,0,,
Mazda,MX-5 Miata Base,2003,9260,Gasoline,142.0HP 1.8L 4 Cylinder Engine Gasoline Fuel,5-Speed M/T,White,Beige,None reported,Yes,22000,1.8,142.0,0,,
GMC,Yukon XL SLT,2023,28500,Gasoline,355.0HP 5.3L 8 Cylinder Engine Gasoline Fuel,A/T,Black,Black,None reported,Yes,67800,5.3,355.0,0,,
Mercedes-Benz,E-Class E 350 4MATIC,2008,91900,Gasoline,268.0HP 3.5L V6 Cylinder Engine Gasoline Fuel,5-Speed A/T,Black,Black,None reported,Yes,8900,3.5,268.0,0,6,
INFINITI,G35 Base,2004,130000,Gasoline,260.0HP 3.5L V6 Cylinder Engine Gasoline Fuel,5-Speed A/T,Beige,Beige,None reported,Yes,7500,3.5,260.0,0,6,
Cadillac,XTS Premium,2013,56860,Gasoline,3.6L V6 24V GDI DOHC,6-Speed Automatic,White Diamond Tri-Coat,Shale,At least 1 accident or damage reported,Yes,21995,3.6,,0,6,24
MINI,Hardtop Cooper S,2017,44300,Gasoline,189.0HP 2.0L 4 Cylinder Engine Gasoline Fuel,6-Speed M/T,Silver,Black,None reported,Yes,20784,2.0,189.0,0,,
BMW,X5 xDrive35i,2014,120000,Gasoline,300.0HP 3.0L Straight 6 Cylinder Engine Gasoline Fuel,Transmission w/Dual Shift Mode,Black,Black,,Unknown,20000,3.0,300.0,0,,
Mercedes-Benz,SL-Class SL 550,2013,72500,Gasoline,429.0HP 4.6L 8 Cylinder Engine Gasoline Fuel,7-Speed A/T,Black,Beige,None reported,Yes,31450,4.6,429.0,0,,
RAM,1500 Tradesman/Express,2017,72000,Gasoline,395.0HP 5.7L 8 Cylinder Engine Gasoline Fuel,8-Speed A/T,Blue,Beige,At least 1 accident or damage reported,Yes,24200,5.7,395.0,0,,
BMW,135 i,2011,132000,Gasoline,300.0HP 3.0L Straight 6 Cylinder Engine Gasoline Fuel,7-Speed A/T,Black,Beige,None reported,Yes,11000,3.0,300.0,0,,
Rolls-Royce,Phantom,2018,7585,Gasoline,6.8L V12 48V GDI DOHC Twin Turbo,8-Speed Automatic,–,–,None reported,Yes,599000,6.8,,1,12,48
Hyundai,IONIQ 5 SE,2022,18500,,320.0HP Electric Motor Electric Fuel System,A/T,White,Black,None reported,Yes,42000,,320.0,0,,
Lexus,LS 430 Base,2002,42000,Gasoline,290.0HP 4.3L 8 Cylinder Engine Gasoline Fuel,A/T,Silver,Gray,At least 1 accident or damage reported,Yes,15999,4.3,290.0,0,,
Jaguar,F-PACE S,2023,4624,Gasoline,2.0 Liter,Automatic,Santorin Black,Black,None reported,Unknown,56998,2.0,,0,,
BMW,M5 Base,2006,106000,Gasoline,500.0HP 5.0L 10 Cylinder Engine Gasoline Fuel,Transmission w/Dual Shift Mode,Black,Black,None reported,Yes,19500,5.0,500.0,0,,
Hyundai,Santa Fe SE,2022,13610,Gasoline,2.5L I4 16V PDI DOHC,8-Speed Automatic,Stormy Sea,Black,None reported,Unknown,27450,2.5,,0,,16
Lamborghini,Urus Base,2019,16876,Gasoline,4.0L V8 32V GDI DOHC Twin Turbo,8-Speed Automatic,Gray,Brown,None reported,Unknown,209900,4.0,,1,8,32
Ford,Expedition Timberline,2023,8911,Gasoline,3.5L V6 24V PDI DOHC Twin Turbo,10-Speed Automatic,Dark Matter Metallic,Black Onyx,At least 1 accident or damage reported,Yes,77430,3.5,,1,6,24
Chevrolet,Silverado 1500 LT Trail Boss,2021,48641,Gasoline,5.3L V8 16V GDI OHV,10-Speed Automatic,Silver Ice Metallic,Jet Black,None reported,Unknown,43666,5.3,,0,8,16
GMC,Sierra 1500 SLT,2021,11250,Gasoline,420.0HP 6.2L 8 Cylinder Engine Gasoline Fuel,A/T,White,Black,None reported,Yes,70250,6.2,420.0,0,,
Ford,Mustang Premium,2007,126000,Gasoline,210.0HP 4.0L V6 Cylinder Engine Gasoline Fuel,A/T,Red,Black,None reported,Yes,9000,4.0,210.0,0,6,
BMW,M5 Base,2008,77750,Gasoline,500.0HP 5.0L 10 Cylinder Engine Gasoline Fuel,7-Speed A/T,Silver,Silver,None reported,Yes,21000,5.0,500.0,0,,
Toyota,Tacoma SR,2020,27363,Gasoline,278.0HP 3.5L V6 Cylinder Engine Gasoline Fuel,6-Speed A/T,Gray,Gray,None reported,Yes,35000,3.5,278.0,0,6,
Porsche,Cayenne Base,2019,30951,Gasoline,3.0L V6 24V GDI DOHC Turbo,8-Speed Automatic,White,Black,None reported,Yes,80140,3.0,,1,6,24
Ford,F-150 Lightning XLT,2023,208,,563.0HP Electric Motor Electric Fuel System,A/T,Gray,Gold,None reported,Yes,89000,,563.0,0,,
Dodge,Durango GT,2021,20386,Gasoline,3.6L V6 24V MPFI DOHC,8-Speed Automatic,Billet Clearcoat Metallic,Black,None reported,Unknown,32999,3.6,,0,6,24
BMW,330e iPerformance,2018,45253,Plug-In Hybrid,247.0HP 2.0L 4 Cylinder Engine Plug-In Electric/Gas,Transmission w/Dual Shift Mode,Black,Black,None reported,Yes,24995,2.0,247.0,0,,
GMC,Terrain Denali,2016,144000,Gasoline,301.0HP 3.6L V6 Cylinder Engine Gasoline Fuel,6-Speed A/T,White,Black,None reported,Yes,18400,3.6,301.0,0,6,
Ford,Excursion Limited,2004,76163,Diesel,325.0HP 6.0L 8 Cylinder Engine Diesel Fuel,5-Speed A/T,Gold,Gold,None reported,Yes,20500,6.0,325.0,0,,
Hyundai,Genesis 3.8,2015,61300,Gasoline,311.0HP 3.8L V6 Cylinder Engine Gasoline Fuel,8-Speed A/T,Silver,Gray,,Unknown,20150,3.8,311.0,0,6,
Mitsubishi,Mirage ES,2017,35698,Gasoline,78.0HP 1.2L 3 Cylinder Engine Gasoline Fuel,A/T,Blue,Black,None reported,Yes,8750,1.2,78.0,0,,
Mercedes-Benz,E-Class E 350 4MATIC,2010,27000,Gasoline,268.0HP 3.5L V6 Cylinder Engine Gasoline Fuel,7-Speed A/T,Black,Black,None reported,Yes,22500,3.5,268.0,0,6,
Mazda,Mazda3 i Sport,2015,162000,Gasoline,155.0HP 2.0L 4 Cylinder Engine Gasoline Fuel,Transmission w/Dual Shift Mode,Red,Black,None reported,Yes,11500,2.0,155.0,0,,
BMW,M3 Base,2008,77800,Gasoline,414.0HP 4.0L 8 Cylinder Engine Gasoline Fuel,M/T,Red,Black,None reported,Yes,28500,4.0,414.0,0,,
Mercedes-Benz,E-Class E 350,2014,55000,Gasoline,302.0HP 3.5L V6 Cylinder Engine Gasoline Fuel,A/T,Black,Black,None reported,Yes,19250,3.5,302.0,0,6,
Ford,Bronco Outer Banks Advanced,2022,12000,Gasoline,315.0HP 2.7L V6 Cylinder Engine Gasoline Fuel,10-Speed A/T,Gray,Brown,At least 1 accident or damage reported,Yes,65999,2.7,315.0,0,6,
Tesla,Model X 75D,2017,70579,,518.0HP Electric Motor Electric Fuel System,A/T,Black,White,None reported,Yes,42250,,518.0,0,,
Jeep,Wrangler Unlimited Sport,2010,107000,Gasoline,205.0HP 3.8L V6 Cylinder Engine Gasoline Fuel,A/T,White,Gray,At least 1 accident or damage reported,Yes,17500,3.8,205.0,0,6,
Honda,Pilot Elite,2021,42653,Gasoline,3.5L V6 24V GDI SOHC,9-Speed Automatic,Gray,Black,None reported,Unknown,38998,3.5,,0,6,24
Acura,TL 3.2,2008,193783,Gasoline,258.0HP 3.2L V6 Cylinder Engine Gasoline Fuel,A/T,Black,Black,At least 1 accident or damage reported,Yes,10000,3.2,258.0,0,6,
Lexus,IS 350 Base,2014,123000,Gasoline,306.0HP 3.5L V6 Cylinder Engine Gasoline Fuel,6-Speed A/T,Red,Black,At least 1 accident or damage reported,Yes,18000,3.5,306.0,0,6,
Chevrolet,Equinox LT,2011,130000,Gasoline,264.0HP 3.0L V6 Cylinder Engine Gasoline Fuel,6-Speed A/T,Brown,Black,At least 1 accident or damage reported,Yes,7000,3.0,264.0,0,6,
Mitsubishi,Lancer DE,2009,143346,Gasoline,152.0HP 2.0L 4 Cylinder Engine Gasoline Fuel,5-Speed M/T,Black,Black,At least 1 accident or damage reported,Yes,3000,2.0,152.0,0,,
Land,Rover LR2 Base,2015,112465,Gasoline,240.0HP 2.0L 4 Cylinder Engine Gasoline Fuel,6-Speed A/T,White,Beige,None reported,Yes,11995,2.0,240.0,0,,
Nissan,Leaf SV PLUS,2023,5121,,Electric,1-Speed Automatic,Brilliant Silver Metallic,Black,None reported,Yes,28196,,,0,,
Audi,A5 2.0T Premium,2012,137273,Gasoline,211.0HP 2.0L 4 Cylinder Engine Gasoline Fuel,A/T,White,Beige,None reported,Yes,11000,2.0,211.0,0,,
Rivian,R1S Launch Edition,2023,299,,835.0HP Electric Motor Electric Fuel System,1-Speed A/T,Blue,Gray,None reported,Yes,92500,,835.0,0,,
Lexus,RX 450h Base,2018,70780,Hybrid,308.0HP 3.5L V6 Cylinder Engine Gas/Electric Hybrid,CVT Transmission,Silver,Gray,None reported,Yes,35700,3.5,308.0,0,6,
Chevrolet,Tahoe LT,2018,55000,Gasoline,355.0HP 5.3L 8 Cylinder Engine Gasoline Fuel,6-Speed A/T,Black,Black,None reported,Yes,37900,5.3,355.0,0,,
Mercedes-Benz,G-Class G 550 4MATIC,2017,23151,Gasoline,416.0HP 4.0L 8 Cylinder Engine Gasoline Fuel,7-Speed A/T,Gray,Black,None reported,Yes,84500,4.0,416.0,0,,
Cadillac,XTS Luxury,2013,152000,Gasoline,304.0HP 3.6L V6 Cylinder Engine Gasoline Fuel,A/T,Black,Gray,At least 1 accident or damage reported,Yes,8500,3.6,304.0,0,6,
INFINITI,Q50 3.0t Red Sport 400,2020,23344,Gasoline,3.0L V6 24V GDI DOHC Twin Turbo,7-Speed Automatic,Liquid Platinum,White,None reported,Unknown,36999,3.0,,1,6,24
Subaru,Outback 3.6R Limited,2016,87092,Gasoline,256.0HP 3.6L Flat 6 Cylinder Engine Gasoline Fuel,A/T,Blue,Black,At least 1 accident or damage reported,Yes,19500,3.6,256.0,0,,
Toyota,Avalon XLS,2004,90625,Gasoline,210.0HP 3.0L V6 Cylinder Engine Gasoline Fuel,A/T,Gray,Gray,None reported,Yes,5500,3.0,210.0,0,6,
Chevrolet,Traverse RS,2021,44373,Gasoline,310.0HP 3.6L V6 Cylinder Engine Gasoline Fuel,9-Speed A/T,Silver,Black,None reported,Yes,36000,3.6,310.0,0,6,
BMW,330 i,2021,26000,Gasoline,255.0HP 2.0L 4 Cylinder Engine Gasoline Fuel,Transmission w/Dual Shift Mode,Black,Black,None reported,Yes,37000,2.0,255.0,0,,
Karma,Revero Base,2018,20760,,403.0HP 2.0L Electric Motor Electric Fuel System,A/T,White,Black,None reported,Yes,55500,2.0,403.0,0,,
Lexus,GX 460 Base,2021,39102,Gasoline,4.6 Liter,Automatic,Silver,Rioja Red,None reported,Unknown,51798,4.6,,0,,
Alfa,Romeo Stelvio Ti Sport,2019,39615,Gasoline,"2L I-4 gasoline direct injection, MultiAir2 variable valve contr","Automatic, 8-Spd",Vulcano Black Metallic,Red/Black,None reported,Unknown,28900,2.0,,0,,
GMC,Sierra 2500 Base,2019,58000,E85 Flex Fuel,360.0HP 6.0L 8 Cylinder Engine Flex Fuel Capability,A/T,Silver,Beige,None reported,Yes,36500,6.0,360.0,0,,
Lexus,IS 250 Base,2013,148000,Gasoline,204.0HP 2.5L V6 Cylinder Engine Gasoline Fuel,6-Speed A/T,Gray,Black,At least 1 accident or damage reported,Yes,10000,2.5,204.0,0,6,
Porsche,Panamera 2,2011,104000,Gasoline,300.0HP 3.6L V6 Cylinder Engine Gasoline Fuel,7-Speed A/T,White,Black,None reported,Yes,20900,3.6,300.0,0,6,
BMW,535 i xDrive,2013,46150,Gasoline,306.0HP 3.0L Straight 6 Cylinder Engine Gasoline Fuel,Transmission w/Dual Shift Mode,Silver,Black,At least 1 accident or damage reported,Yes,17000,3.0,306.0,0,,
Chevrolet,Silverado 2500 High Country,2022,18860,Diesel,445.0HP 6.6L 8 Cylinder Engine Diesel Fuel,10-Speed A/T,Blue,Gray,None reported,Yes,74500,6.6,445.0,0,,
Mercedes-Benz,AMG C 63 Base,2017,28399,Gasoline,469.0HP 4.0L 8 Cylinder Engine Gasoline Fuel,7-Speed A/T,Gray,Black,None reported,Yes,55600,4.0,469.0,0,,
Jeep,Wrangler Sahara,1998,136500,Gasoline,181.0HP 4.0L Straight 6 Cylinder Engine Gasoline Fuel,5-Speed M/T,Black,Black,None reported,Yes,6999,4.0,181.0,0,,
Porsche,Boxster S,2005,95170,Gasoline,280.0HP 3.2L Flat 6 Cylinder Engine Gasoline Fuel,6-Speed M/T,Blue,Gray,None reported,Yes,24900,3.2,280.0,0,,
BMW,M3 Base,2006,95450,Gasoline,333.0HP 3.2L Straight 6 Cylinder Engine Gasoline Fuel,6-Speed M/T,Gray,Gray,At least 1 accident or damage reported,Yes,42000,3.2,333.0,0,,
Chevrolet,Camaro LT1,2022,7652,Gasoline,6.2 Liter,Automatic,Blue,Jet Black,None reported,Unknown,39998,6.2,,0,,
BMW,535 i xDrive,2011,169000,Gasoline,300.0HP 3.0L Straight 6 Cylinder Engine Gasoline Fuel,Transmission w/Dual Shift Mode,Black,White,At least 1 accident or damage reported,Yes,10999,3.0,300.0,0,,
RAM,1500 Laramie,2022,16744,Gasoline,5.7L V8 16V MPFI OHV,8-Speed Automatic,Delmonico Red Pearlcoat,Black,None reported,Unknown,46999,5.7,,0,8,16
Mercedes-Benz,Metris Base,2020,1025,Gasoline,2.0L I4 16V GDI DOHC Turbo,7-Speed Automatic,Black,Beige,None reported,Yes,299000,2.0,,1,,16
Chevrolet,Express 1500 Cargo,2004,152000,Gasoline,195.0HP 4.3L V6 Cylinder Engine Gasoline Fuel,A/T,White,Gray,At least 1 accident or damage reported,Yes,7999,4.3,195.0,0,6,
BMW,X7 xDrive40i,2020,46000,Gasoline,335.0HP 3.0L Straight 6 Cylinder Engine Gasoline Fuel,Transmission w/Dual Shift Mode,Black,Black,None reported,Yes,54999,3.0,335.0,0,,
BMW,X7 xDrive40i,2022,8000,Hybrid,335.0HP 3.0L Straight 6 Cylinder Engine Gasoline/Mild Electric Hybrid,A/T,Blue,Brown,None reported,Yes,85000,3.0,335.0,0,,
Ferrari,F12berlinetta Base,2016,14770,Gasoline,6.3L V12 48V GDI DOHC,7-Speed Automatic with Auto-Shift,Gray,–,None reported,Unknown,254900,6.3,,0,12,48
Chevrolet,Silverado 2500 LT,2016,84421,E85 Flex Fuel,360.0HP 6.0L 8 Cylinder Engine Flex Fuel Capability,6-Speed A/T,White,Black,None reported,Yes,36800,6.0,360.0,0,,
Mercedes-Benz,Maybach S 580 4MATIC,2022,4760,Gasoline,4.0L V8 32V GDI DOHC Twin Turbo,9-Speed Automatic,Diamond White,Black,None reported,Yes,229000,4.0,,1,8,32
GMC,Sierra 1500 Denali,2021,44691,Gasoline,6.2L V8 16V GDI OHV,10-Speed Automatic,White Frost Tri-Coat,Walnut,At least 1 accident or damage reported,Unknown,56900,6.2,,0,8,16
Mitsubishi,Outlander SEL,2022,11700,Gasoline,181.0HP 2.5L 4 Cylinder Engine Gasoline Fuel,A/T,White,Black,None reported,Yes,33000,2.5,181.0,0,,
Ford,Shelby GT350 Base,2019,2800,Gasoline,526.0HP 5.2L 8 Cylinder Engine Gasoline Fuel,6-Speed M/T,Black,Black,None reported,Yes,91000,5.2,526.0,0,,
MINI,Cooper Base,2010,58000,Gasoline,118.0HP 1.6L 4 Cylinder Engine Gasoline Fuel,6-Speed A/T,Gold,Black,None reported,Yes,8000,1.6,118.0,0,,
Toyota,Prius Touring,2009,142500,Hybrid,76.0HP 1.5L 4 Cylinder Engine Gas/Electric Hybrid,A/T,Blue,Beige,None reported,Yes,6999,1.5,76.0,0,,
Cadillac,Escalade ESV Base,2007,191900,Gasoline,403.0HP 6.2L 8 Cylinder Engine Gasoline Fuel,A/T,Black,Black,At least 1 accident or damage reported,Yes,9750,6.2,403.0,0,,
Audi,A6 2.0T Premium Plus,2016,63398,Gasoline,252.0HP 2.0L 4 Cylinder Engine Gasoline Fuel,A/T,White,Gray,At least 1 accident or damage reported,Yes,19500,2.0,252.0,0,,
Chevrolet,Suburban 1500 LT,2008,162750,Gasoline,320.0HP 5.3L 8 Cylinder Engine Gasoline Fuel,Transmission Overdrive Switch,White,Black,At least 1 accident or damage reported,Yes,7200,5.3,320.0,0,,
Jaguar,XK R,2012,38383,Gasoline,510.0HP 5.0L 8 Cylinder Engine Gasoline Fuel,6-Speed A/T,White,Black,None reported,Yes,36949,5.0,510.0,0,,
Porsche,911 Carrera GTS,2022,1837,Gasoline,3.0L H6 24V GDI DOHC Twin Turbo,8-Speed Automatic with Auto-Shift,Aventurine Green Metallic,Agave Green,None reported,Unknown,179900,3.0,,1,,24
Ford,F-250 XLT,2022,36294,Diesel,6.7L V8 32V DDI OHV Turbo Diesel,Automatic,Oxford White,Medium Earth Gray,,Unknown,77535,6.7,,1,8,32
Audi,A4 2.0T Premium,2011,90818,Gasoline,211.0HP 2.0L 4 Cylinder Engine Gasoline Fuel,A/T,White,Black,At least 1 accident or damage reported,Yes,8300,2.0,211.0,0,,
Cadillac,ATS 2.0L Turbo,2018,32000,Gasoline,272.0HP 2.0L 4 Cylinder Engine Gasoline Fuel,A/T,Gray,Black,None reported,Yes,22999,2.0,272.0,0,,
Ford,Transit-350 Base,2019,94650,Gasoline,275.0HP 3.7L V6 Cylinder Engine Gasoline Fuel,6-Speed A/T,White,–,None reported,Yes,37000,3.7,275.0,0,6,
Mercedes-Benz,G-Class G 63 AMG,2014,49899,Gasoline,536.0HP 5.5L 8 Cylinder Engine Gasoline Fuel,A/T,White,Black,None reported,Yes,72999,5.5,536.0,0,,
Jeep,Wrangler Sahara,2011,55000,Gasoline,202.0HP 3.8L V6 Cylinder Engine Gasoline Fuel,4-Speed A/T,Red,Black,At least 1 accident or damage reported,Yes,35000,3.8,202.0,0,6,
BMW,M4 Base,2015,23700,Gasoline,425.0HP 3.0L Straight 6 Cylinder Engine Gasoline Fuel,Transmission w/Dual Shift Mode,Black,Black,None reported,Yes,42800,3.0,425.0,0,,
Tesla,Model S P100D,2018,46000,,518.0HP Electric Motor Electric Fuel System,A/T,White,Black,None reported,Yes,59500,,518.0,0,,
Maserati,Ghibli S GranLusso,2020,12118,Gasoline,424.0HP 3.0L V6 Cylinder Engine Gasoline Fuel,8-Speed A/T,Blue,Brown,None reported,Yes,52900,3.0,424.0,0,6,
Pontiac,Firebird Trans Am,2001,64000,Gasoline,310.0HP 5.7L 8 Cylinder Engine Gasoline Fuel,6-Speed M/T,Blue,Beige,None reported,Yes,21000,5.7,310.0,0,,
Ford,Expedition XLT,2022,22169,Gasoline,3.5L V6 24V PDI DOHC Twin Turbo,10-Speed Automatic,Black,Sandstone,None reported,Yes,57352,3.5,,1,6,24
Ferrari,812 Superfast Base,2020,1575,Gasoline,788.0HP 6.5L 12 Cylinder Engine Gasoline Fuel,Transmission w/Dual Shift Mode,Red,Black,None reported,Yes,469900,6.5,788.0,0,,
Tesla,Model X Long Range Plus,2021,46897,,557.0HP Electric Motor Electric Fuel System,A/T,Blue,Black,None reported,Yes,69000,,557.0,0,,
Land,Rover Range Rover P400 SE SWB,2022,3369,Hybrid,395.0HP 3.0L Straight 6 Cylinder Engine Gasoline/Mild Electric Hybrid,A/T,White,Black,None reported,Yes,139500,3.0,395.0,0,,
BMW,535 i xDrive,2011,135000,Gasoline,300.0HP 3.0L Straight 6 Cylinder Engine Gasoline Fuel,8-Speed A/T,Blue,Beige,None reported,Yes,9999,3.0,300.0,0,,
BMW,428 i xDrive,2015,125000,Gasoline,240.0HP 2.0L 4 Cylinder Engine Gasoline Fuel,A/T,White,Black,None reported,Yes,15000,2.0,240.0,0,,
Cadillac,Escalade ESV Platinum,2017,134000,Gasoline,420.0HP 6.2L 8 Cylinder Engine Gasoline Fuel,8-Speed A/T,Gold,Brown,None reported,Yes,32999,6.2,420.0,0,,
BMW,X5 xDrive35i,2014,143250,Gasoline,300.0HP 3.0L Straight 6 Cylinder Engine Gasoline Fuel,8-Speed A/T,Black,White,None reported,Yes,12999,3.0,300.0,0,,
Lexus,GX 460 Premium,2017,82975,Gasoline,301.0HP 4.6L 8 Cylinder Engine Gasoline Fuel,A/T,White,Beige,None reported,Yes,31000,4.6,301.0,0,,
MINI,Countryman Cooper S ALL4,2016,91700,Gasoline,181.0HP 1.6L 4 Cylinder Engine Gasoline Fuel,6-Speed M/T,White,Black,None reported,Yes,13999,1.6,181.0,0,,
Ford,F-150 XLT,2018,72393,Gasoline,325.0HP 2.7L V6 Cylinder Engine Gasoline Fuel,10-Speed A/T,Black,Black,None reported,Yes,35000,2.7,325.0,0,6,
INFINITI,QX60 Base,2016,71000,Gasoline,265.0HP 3.5L V6 Cylinder Engine Gasoline Fuel,A/T,Black,Black,None reported,Yes,21500,3.5,265.0,0,6,
Lexus,RX 350 Base,2012,160900,Gasoline,270.0HP 3.5L V6 Cylinder Engine Gasoline Fuel,6-Speed A/T,Silver,Gray,None reported,Yes,15000,3.5,270.0,0,6,
Dodge,Charger Scat Pack,2020,40208,Gasoline,485.0HP 6.4L 8 Cylinder Engine Gasoline Fuel,8-Speed A/T,Red,Black,At least 1 accident or damage reported,Yes,38000,6.4,485.0,0,,
Lexus,IS 350 Base,2017,77300,Gasoline,306.0HP 3.5L V6 Cylinder Engine Gasoline Fuel,6-Speed A/T,White,Black,None reported,Yes,30000,3.5,306.0,0,6,
Nissan,NV200 SV,2017,16700,Gasoline,131.0HP 2.0L 4 Cylinder Engine Gasoline Fuel,A/T,White,Black,None reported,Yes,26500,2.0,131.0,0,,
Subaru,Impreza 2.0i Premium,2013,112000,Gasoline,148.0HP 2.0L 4 Cylinder Engine Gasoline Fuel,CVT Transmission,Black,Beige,None reported,Yes,9999,2.0,148.0,0,,
BMW,M3 Base,2016,55250,Gasoline,425.0HP 3.0L Straight 6 Cylinder Engine Gasoline Fuel,6-Speed M/T,Blue,White,None reported,Yes,49999,3.0,425.0,0,,
INFINITI,QX80 Luxe,2020,69000,Gasoline,400.0HP 5.6L 8 Cylinder Engine Gasoline Fuel,A/T,Gray,Black,None reported,Yes,31450,5.6,400.0,0,,
Rolls-Royce,Phantom,2023,1560,–,–,–,Tempest,Cobalt Blue,None reported,Yes,599995,,,0,,
Ford,Mustang GT Premium,2016,40570,Gasoline,435.0HP 5.0L 8 Cylinder Engine Gasoline Fuel,6-Speed M/T,Gray,Black,At least 1 accident or damage reported,Yes,30490,5.0,435.0,0,,
Toyota,RAV4 TRD Off Road,2020,46500,Gasoline,203.0HP 2.5L 4 Cylinder Engine Gasoline Fuel,8-Speed A/T,White,Black,None reported,Yes,35200,2.5,203.0,0,,
Honda,S2000 Base,2000,26900,Gasoline,240.0HP 2.0L 4 Cylinder Engine Gasoline Fuel,M/T,Silver,Red,None reported,Yes,35000,2.0,240.0,0,,
Jeep,Gladiator Sport,2021,5779,Gasoline,3.6L V6 24V MPFI DOHC,8-Speed Automatic,Firecracker Red Clearcoat,Black,,Unknown,41329,3.6,,0,6,24
Ford,Bronco Big Bend Advanced,2023,12000,Gasoline,275.0HP 2.3L 4 Cylinder Engine Gasoline Fuel,10-Speed A/T,Black,–,None reported,Yes,54000,2.3,275.0,0,,
Ford,Expedition Timberline,2022,30301,Gasoline,3.5L V6 24V PDI DOHC Twin Turbo,10-Speed Automatic,Dark Matter Metallic,Deep Cypress,None reported,Yes,68420,3.5,,1,6,24
Toyota,Sequoia TRD Pro,2023,600,Hybrid,437.0HP 3.4L V6 Cylinder Engine Gas/Electric Hybrid,10-Speed A/T,Orange,Black,None reported,Yes,91995,3.4,437.0,0,6,
Plymouth,Prowler Base,2001,22300,Gasoline,253.0HP 3.5L V6 Cylinder Engine Gasoline Fuel,4-Speed A/T,Blue,Gray,None reported,Yes,28500,3.5,253.0,0,6,
Alfa,Romeo Giulia Ti,2023,9275,Gasoline,2.0L I4 16V GDI SOHC Turbo,8-Speed Automatic,Alfa White,Black,None reported,Unknown,43900,2.0,,1,,16
Chevrolet,Suburban 1500 LS,2004,171750,E85 Flex Fuel,295.0HP 5.3L 8 Cylinder Engine Flex Fuel Capability,4-Speed A/T,White,Beige,At least 1 accident or damage reported,Yes,12998,5.3,295.0,0,,
Mitsubishi,Lancer Evolution GSR,2013,76500,Gasoline,291.0HP 2.0L 4 Cylinder Engine Gasoline Fuel,5-Speed M/T,Black,Black,None reported,Yes,28000,2.0,291.0,0,,
Mercedes-Benz,AMG GLE 43 Coupe 4MATIC,2018,49000,Gasoline,385.0HP 3.0L V6 Cylinder Engine Gasoline Fuel,9-Speed A/T,Blue,Brown,At least 1 accident or damage reported,Yes,42995,3.0,385.0,0,6,
Audi,R8 5.2 quattro Spyder,2011,75000,Gasoline,525.0HP 5.2L 10 Cylinder Engine Gasoline Fuel,Transmission w/Dual Shift Mode,White,Brown,At least 1 accident or damage reported,Yes,74000,5.2,525.0,0,,
Ford,Escape XLT,2007,133300,Gasoline,153.0HP 2.3L 4 Cylinder Engine Gasoline Fuel,4-Speed A/T,Silver,Silver,None reported,Yes,3000,2.3,153.0,0,,
BMW,X5 3.0si,2007,99700,Gasoline,260.0HP 3.0L Straight 6 Cylinder Engine Gasoline Fuel,6-Speed A/T,Black,Black,None reported,Yes,8500,3.0,260.0,0,,
Chevrolet,Camaro 2LT,2011,126700,Gasoline,312.0HP 3.6L V6 Cylinder Engine Gasoline Fuel,Transmission w/Dual Shift Mode,White,Beige,At least 1 accident or damage reported,Yes,14000,3.6,312.0,0,6,
BMW,340 i,2016,28000,Gasoline,320.0HP 3.0L Straight 6 Cylinder Engine Gasoline Fuel,6-Speed M/T,Black,Red,None reported,Yes,36995,3.0,320.0,0,,
Mercedes-Benz,SL-Class SL 550,2012,21300,Gasoline,382.0HP 5.5L 8 Cylinder Engine Gasoline Fuel,7-Speed A/T,Silver,Red,At least 1 accident or damage reported,Yes,38500,5.5,382.0,0,,
Cadillac,Escalade Platinum,2019,92000,Gasoline,420.0HP 6.2L 8 Cylinder Engine Gasoline Fuel,A/T,Black,Black,None reported,Yes,51900,6.2,420.0,0,,
Chevrolet,Silverado 3500 LTZ,2018,92149,Diesel,6.6L V8 32V DDI OHV Turbo Diesel,6-Speed Automatic,Black,Jet Black,,Unknown,52889,6.6,,1,8,32
Lexus,RC F Base,2015,25756,Gasoline,467.0HP 5.0L 8 Cylinder Engine Gasoline Fuel,8-Speed A/T,Black,Black,None reported,Yes,49995,5.0,467.0,0,,
Kia,Forte GT-Line,2021,24534,Gasoline,147.0HP 2.0L 4 Cylinder Engine Gasoline Fuel,CVT Transmission,White,Black,None reported,Yes,21900,2.0,147.0,0,,
Land,Rover Range Rover Sport Supercharged Dynamic,2018,58100,Gasoline,518.0HP 5.0L 8 Cylinder Engine Gasoline Fuel,8-Speed A/T,Red,Black,None reported,Yes,53499,5.0,518.0,0,,
Nissan,Titan S,2017,20220,Gasoline,390.0HP 5.6L 8 Cylinder Engine Gasoline Fuel,7-Speed A/T,White,Gray,None reported,Yes,32324,5.6,390.0,0,,
Honda,Accord EX-L 2.0T,2019,40069,Gasoline,252.0HP 2.0L 4 Cylinder Engine Gasoline Fuel,A/T,White,Black,At least 1 accident or damage reported,Yes,27500,2.0,252.0,0,,
Subaru,WRX Base,2017,60930,Gasoline,268.0HP 2.0L 4 Cylinder Engine Gasoline Fuel,6-Speed M/T,Blue,Black,None reported,Yes,23750,2.0,268.0,0,,
Audi,A4 2.0T Titanium Premium,2019,7300,Gasoline,188.0HP 2.0L 4 Cylinder Engine Gasoline Fuel,7-Speed A/T,White,Gray,None reported,Yes,27900,2.0,188.0,0,,
Ford,Mustang EcoBoost Premium,2018,34000,–,–,A/T,Blue,Gray,At least 1 accident or damage reported,Yes,25000,,,0,,
Chevrolet,Avalanche 1500 LS,2012,56000,E85 Flex Fuel,320.0HP 5.3L 8 Cylinder Engine Flex Fuel Capability,A/T,Red,Black,At least 1 accident or damage reported,Yes,18000,5.3,320.0,0,,
Mercedes-Benz,CLA-Class CLA 250,2014,136000,Gasoline,208.0HP 2.0L 4 Cylinder Engine Gasoline Fuel,Transmission w/Dual Shift Mode,Gray,Black,At least 1 accident or damage reported,Yes,12000,2.0,208.0,0,,
BMW,228 Gran Coupe i xDrive,2020,31100,Gasoline,228.0HP 2.0L 4 Cylinder Engine Gasoline Fuel,8-Speed A/T,Blue,White,None reported,Yes,26999,2.0,228.0,0,,
Maserati,GranTurismo Base,2012,12100,Gasoline,440.0HP 4.7L 8 Cylinder Engine Gasoline Fuel,Transmission w/Dual Shift Mode,Blue,Beige,None reported,Yes,37900,4.7,440.0,0,,
Ford,Expedition Platinum,2021,51902,Gasoline,3.5L V6 24V PDI DOHC Twin Turbo,10-Speed Automatic,Red,Ceramic,None reported,Yes,57480,3.5,,1,6,24
Audi,S4 Base,2007,93000,Gasoline,340.0HP 4.2L 8 Cylinder Engine Gasoline Fuel,6-Speed M/T,Black,Black,At least 1 accident or damage reported,Yes,10995,4.2,340.0,0,,
Land,Rover Range Rover Sport Supercharged HSE,2016,99915,Gasoline,340.0HP 3.0L V6 Cylinder Engine Gasoline Fuel,A/T,Blue,White,At least 1 accident or damage reported,Yes,26500,3.0,340.0,0,6,
Ford,Mustang Mach-E GT,2022,7661,,Electric,1-Speed Automatic,Star White,Black Onyx,None reported,Unknown,49599,,,0,,
Chevrolet,Tahoe LTZ,2007,177000,E85 Flex Fuel,320.0HP 5.3L 8 Cylinder Engine Flex Fuel Capability,4-Speed A/T,Gold,Beige,At least 1 accident or damage reported,Yes,10750,5.3,320.0,0,,
Nissan,Xterra S,2008,100900,Gasoline,261.0HP 4.0L V6 Cylinder Engine Gasoline Fuel,A/T,Black,Gray,None reported,Yes,6999,4.0,261.0,0,6,
INFINITI,Q60 3.0T Premium,2017,107380,Gasoline,300.0HP 3.0L V6 Cylinder Engine Gasoline Fuel,7-Speed A/T,Black,Gray,At least 1 accident or damage reported,Yes,17500,3.0,300.0,0,6,
Ford,F-150 Raptor,2021,32957,Gasoline,3.5L V6 24V PDI DOHC Twin Turbo,10-Speed Automatic,Oxford White,Black,None reported,Unknown,77900,3.5,,1,6,24
Acura,TLX Base,2016,45000,Gasoline,206.0HP 2.4L 4 Cylinder Engine Gasoline Fuel,A/T,Gray,Blue,None reported,Yes,16500,2.4,206.0,0,,
Nissan,Frontier SV,2013,67000,Gasoline,261.0HP 4.0L V6 Cylinder Engine Gasoline Fuel,5-Speed A/T,Blue,Gray,None reported,Yes,15500,4.0,261.0,0,6,
Chevrolet,Camaro 1SS,2021,12600,Gasoline,455.0HP 6.2L 8 Cylinder Engine Gasoline Fuel,6-Speed M/T,Gray,Black,None reported,Yes,47000,6.2,455.0,0,,
Porsche,Panamera 4,2018,24882,Gasoline,330.0HP 3.0L V6 Cylinder Engine Gasoline Fuel,Transmission w/Dual Shift Mode,White,Black,None reported,Yes,59800,3.0,330.0,0,6,
Acura,TLX PMC Edition,2020,6900,Gasoline,290.0HP 3.5L V6 Cylinder Engine Gasoline Fuel,9-Speed A/T,Red,Black,None reported,Yes,43500,3.5,290.0,0,6,
Kia,Sorento EX V6,2019,66075,Gasoline,3.3L V6 24V GDI DOHC,8-Speed Automatic,Titanium Silver,Satin Black,None reported,Unknown,23754,3.3,,0,6,24
Hyundai,Palisade SEL,2021,68050,Gasoline,291.0HP 3.8L V6 Cylinder Engine Gasoline Fuel,8-Speed A/T,Black,Black,None reported,Yes,29600,3.8,291.0,0,6,
Ford,F-250 Lariat,2017,128000,Diesel,440.0HP 6.7L 8 Cylinder Engine Diesel Fuel,6-Speed A/T,Gray,Black,None reported,Yes,50000,6.7,440.0,0,,
BMW,430 i,2021,9472,Gasoline,255.0HP 2.0L 4 Cylinder Engine Gasoline Fuel,A/T,White,Blue,None reported,Yes,51000,2.0,255.0,0,,
Mitsubishi,Lancer GTS,2009,185963,Gasoline,168.0HP 2.4L 4 Cylinder Engine Gasoline Fuel,CVT Transmission,Orange,Gray,At least 1 accident or damage reported,Yes,5100,2.4,168.0,0,,
Nissan,NV200 S,2019,52000,Gasoline,131.0HP 2.0L 4 Cylinder Engine Gasoline Fuel,CVT Transmission,Black,Gray,At least 1 accident or damage reported,Yes,19500,2.0,131.0,0,,
Buick,Enclave Leather,2015,68653,Gasoline,288.0HP 3.6L V6 Cylinder Engine Gasoline Fuel,6-Speed A/T,Blue,Black,At least 1 accident or damage reported,Yes,18950,3.6,288.0,0,6,
Lexus,RX 330 Base,2004,151896,Gasoline,230.0HP 3.3L V6 Cylinder Engine Gasoline Fuel,A/T,Silver,Gray,None reported,Yes,7900,3.3,230.0,0,6,
Lexus,RX 450h F Sport,2019,43671,Hybrid,3.5L V6 24V PDI DOHC Hybrid,Automatic CVT,Caviar,Rioja Red,None reported,Unknown,44950,3.5,,0,6,24
Ford,F-250 Lariat,2017,72128,E85 Flex Fuel,6.2L V8 16V MPFI SOHC Flexible Fuel,6-Speed Automatic,White,Camel,,Unknown,45985,6.2,,0,8,16
Kia,Forte Koup EX,2013,134207,Gasoline,156.0HP 2.0L 4 Cylinder Engine Gasoline Fuel,A/T,Black,–,At least 1 accident or damage reported,Yes,5500,2.0,156.0,0,,
GMC,Terrain SLE,2020,26470,Gasoline,1.5L I4 16V GDI DOHC Turbo,9-Speed Automatic,Summit White,Jet Black,None reported,Yes,29900,1.5,,1,,16
Porsche,Macan Base,2018,82300,Gasoline,252.0HP 2.0L 4 Cylinder Engine Gasoline Fuel,7-Speed A/T,Black,Black,None reported,Yes,35000,2.0,252.0,0,,
Lexus,RC 350 Base,2015,124000,Gasoline,306.0HP 3.5L V6 Cylinder Engine Gasoline Fuel,Transmission w/Dual Shift Mode,Blue,Blue,None reported,Yes,24000,3.5,306.0,0,6,
Audi,S4 3.0T Premium Plus,2020,23823,Gasoline,3.0L V6 24V GDI DOHC Turbo,8-Speed Automatic,Tango Red Metallic,Black,None reported,Yes,49995,3.0,,1,6,24
GMC,Yukon SLT,2002,222600,Gasoline,275.0HP 4.8L 8 Cylinder Engine Gasoline Fuel,4-Speed A/T,Gray,Beige,None reported,Yes,4999,4.8,275.0,0,,
Lamborghini,Urus Base,2021,9500,Gasoline,641.0HP 4.0L 8 Cylinder Engine Gasoline Fuel,A/T,White,Black,None reported,Yes,279900,4.0,641.0,0,,
INFINITI,QX60 Base,2014,154247,Gasoline,265.0HP 3.5L V6 Cylinder Engine Gasoline Fuel,A/T,Black,Black,At least 1 accident or damage reported,Yes,12500,3.5,265.0,0,6,
Chevrolet,Silverado 2500 LTZ H/D Extended Cab,2008,128000,Gasoline,353.0HP 6.0L 8 Cylinder Engine Gasoline Fuel,6-Speed A/T,Beige,Black,None reported,Yes,23500,6.0,353.0,0,,
Maserati,GranTurismo Base,2008,70000,Gasoline,405.0HP 4.2L 8 Cylinder Engine Gasoline Fuel,A/T,Blue,Brown,At least 1 accident or damage reported,Yes,13000,4.2,405.0,0,,
Acura,Integra GS-R,1995,123000,–,–,5-Speed M/T,White,Blue,None reported,Yes,10999,,,0,,
BMW,X6 M Base,2016,52375,Gasoline,567.0HP 4.4L 8 Cylinder Engine Gasoline Fuel,8-Speed A/T,White,Brown,At least 1 accident or damage reported,Yes,48600,4.4,567.0,0,,
Chrysler,300 S,2016,100574,Gasoline,300.0HP 3.6L V6 Cylinder Engine Gasoline Fuel,8-Speed A/T,Black,Black,At least 1 accident or damage reported,Yes,17500,3.6,300.0,0,6,
Chrysler,300 Base,2014,85000,Gasoline,292.0HP 3.6L V6 Cylinder Engine Gasoline Fuel,8-Speed A/T,White,–,At least 1 accident or damage reported,Yes,11250,3.6,292.0,0,6,
Acura,RDX w/A-Spec Package,2023,3959,Gasoline,2.0 Liter DOHC Turbo,Automatic,White,Black,None reported,Unknown,48998,2.0,,1,,
Chevrolet,Corvette Stingray w/1LT,2021,10400,Gasoline,490.0HP 6.2L 8 Cylinder Engine Gasoline Fuel,8-Speed A/T,Silver,Black,None reported,Yes,72900,6.2,490.0,0,,
Chevrolet,Camaro 1SS,2019,19200,Gasoline,455.0HP 6.2L 8 Cylinder Engine Gasoline Fuel,6-Speed M/T,Orange,Black,None reported,Yes,41500,6.2,455.0,0,,
Mercedes-Benz,E-Class E 350 4MATIC,2013,81000,Gasoline,302.0HP 3.5L V6 Cylinder Engine Gasoline Fuel,A/T,Gray,Beige,At least 1 accident or damage reported,Yes,13000,3.5,302.0,0,6,
Ford,F-150 Raptor,2022,17451,Gasoline,3.5L V6 24V PDI DOHC Twin Turbo,10-Speed Automatic,Oxford White,Rhapsody Blue,None reported,Unknown,77900,3.5,,1,6,24
Nissan,Versa 1.8 S,2011,165000,Gasoline,122.0HP 1.8L 4 Cylinder Engine Gasoline Fuel,A/T,Black,–,None reported,Yes,4000,1.8,122.0,0,,
BMW,M3 CS,2024,124,Gasoline,543.0HP 3.0L Straight 6 Cylinder Engine Gasoline Fuel,Transmission w/Dual Shift Mode,Green,Black,None reported,Yes,145000,3.0,543.0,0,,
Hyundai,Accent GLS,2013,117500,Gasoline,138.0HP 1.6L 4 Cylinder Engine Gasoline Fuel,6-Speed A/T,Silver,Gray,At least 1 accident or damage reported,Yes,6500,1.6,138.0,0,,
Mercedes-Benz,S-Class S 450 4MATIC,2018,72500,Gasoline,362.0HP 3.0L V6 Cylinder Engine Gasoline Fuel,A/T,Black,Black,None reported,Yes,60000,3.0,362.0,0,6,
Porsche,911 GT3,2023,265,Gasoline,4.0L H6 24V GDI DOHC,6-Speed Manual,Black,Gray,None reported,Yes,279950,4.0,,0,,24
Mercedes-Benz,AMG GT 63 S 4-Door,2020,21214,Gasoline,4.0L V8 32V GDI DOHC Twin Turbo,9-Speed Automatic,Obsidian Black Metallic,Black,None reported,Unknown,117900,4.0,,1,8,32
Audi,Q5 3.0 TDI Premium Plus,2014,55564,Diesel,240.0HP 3.0L V6 Cylinder Engine Diesel Fuel,8-Speed A/T,Black,Black,At least 1 accident or damage reported,Yes,22500,3.0,240.0,0,6,
Cadillac,LYRIQ Luxury,2023,1090,,500.0HP Electric Motor Electric Fuel System,A/T,Gray,Silver,None reported,Yes,68750,,500.0,0,,
Volvo,XC60 T5 R-Design,2019,43500,Gasoline,250.0HP 2.0L 4 Cylinder Engine Gasoline Fuel,Transmission w/Dual Shift Mode,Gray,Black,None reported,Yes,30000,2.0,250.0,0,,
Mercedes-Benz,AMG GT 53 Base,2019,35000,Hybrid,429.0HP 3.0L Straight 6 Cylinder Engine Gasoline/Mild Electric Hybrid,Transmission w/Dual Shift Mode,Black,Black,None reported,Yes,83000,3.0,429.0,0,,
GMC,Yukon SLT,2017,92031,Gasoline,355.0HP 5.3L 8 Cylinder Engine Gasoline Fuel,A/T,White,Beige,At least 1 accident or damage reported,Yes,30000,5.3,355.0,0,,
Lexus,GS 350 Base,2016,128032,Gasoline,311.0HP 3.5L V6 Cylinder Engine Gasoline Fuel,Transmission w/Dual Shift Mode,Silver,Black,None reported,Yes,18000,3.5,311.0,0,6,
Jaguar,XF 25t Premium,2018,18800,Gasoline,247.0HP 2.0L 4 Cylinder Engine Gasoline Fuel,8-Speed A/T,White,White,None reported,Yes,26000,2.0,247.0,0,,
BMW,M8 Gran Coupe Competition,2023,2900,Gasoline,617.0HP 4.4L 8 Cylinder Engine Gasoline Fuel,8-Speed A/T,Green,Gray,None reported,Yes,117500,4.4,617.0,0,,
Honda,Ridgeline Black Edition,2017,91600,Gasoline,280.0HP 3.5L V6 Cylinder Engine Gasoline Fuel,6-Speed A/T,Black,Black,None reported,Yes,26000,3.5,280.0,0,6,
Toyota,4Runner SR5,2019,91843,Gasoline,270.0HP 4.0L V6 Cylinder Engine Gasoline Fuel,5-Speed A/T,Blue,Black,At least 1 accident or damage reported,Yes,30500,4.0,270.0,0,6,
Ford,Bronco Sport Outer Banks,2021,28105,Gasoline,1.5L I3 12V PDI DOHC Turbo,8-Speed Automatic,Kodiak Brown Metallic,Ebony,,Unknown,32455,1.5,,1,,12
Dodge,Charger R/T 392,2017,73350,Gasoline,485.0HP 6.4L 8 Cylinder Engine Gasoline Fuel,8-Speed A/T,Gray,Red,None reported,Yes,37000,6.4,485.0,0,,
Mercedes-Benz,GLC 300 GLC 300,2022,11875,Gasoline,2.0 Liter Turbo,Automatic,Black,Black,None reported,Unknown,41598,2.0,,1,,
Tesla,Model S P100D,2018,47000,,518.0HP Electric Motor Electric Fuel System,A/T,Black,Black,None reported,Yes,49900,,518.0,0,,
INFINITI,Q50 3.0t Signature Edition,2017,67000,Gasoline,300.0HP 3.0L V6 Cylinder Engine Gasoline Fuel,Transmission w/Dual Shift Mode,Black,Black,None reported,Yes,23000,3.0,300.0,0,6,
BMW,340 i,2016,117660,Gasoline,320.0HP 3.0L Straight 6 Cylinder Engine Gasoline Fuel,8-Speed A/T,White,Black,At least 1 accident or damage reported,Yes,19500,3.0,320.0,0,,
Pontiac,Firebird Trans Am,2001,71448,Gasoline,200.0HP 3.8L V6 Cylinder Engine Gasoline Fuel,4-Speed A/T,Gray,Black,None reported,Yes,10500,3.8,200.0,0,6,
Nissan,NV Passenger NV3500 HD SV V8,2015,86000,Gasoline,317.0HP 5.6L 8 Cylinder Engine Gasoline Fuel,A/T,Silver,Gray,None reported,Yes,29500,5.6,317.0,0,,
Lexus,ES 350 Base,2020,15324,Gasoline,3.5L V6 24V PDI DOHC,8-Speed Automatic,Black,Black,At least 1 accident or damage reported,Unknown,33364,3.5,,0,6,24
BMW,135 is,2013,29400,Gasoline,320.0HP 3.0L Straight 6 Cylinder Engine Gasoline Fuel,6-Speed M/T,White,Beige,None reported,Yes,29000,3.0,320.0,0,,
Lexus,IS 300 Base,2017,68871,Gasoline,255.0HP 3.5L V6 Cylinder Engine Gasoline Fuel,6-Speed A/T,Silver,Red,None reported,Yes,28450,3.5,255.0,0,6,
Porsche,Cayenne S,2012,126000,Gasoline,400.0HP 4.8L 8 Cylinder Engine Gasoline Fuel,Transmission w/Dual Shift Mode,Silver,Gray,None reported,Yes,17999,4.8,400.0,0,,
Pontiac,Solstice GXP,2007,25718,Gasoline,260.0HP 2.0L 4 Cylinder Engine Gasoline Fuel,M/T,Yellow,Black,None reported,Yes,17900,2.0,260.0,0,,
Porsche,Panamera Turbo,2015,67210,Gasoline,520.0HP 4.8L 8 Cylinder Engine Gasoline Fuel,Transmission w/Dual Shift Mode,Blue,Beige,At least 1 accident or damage reported,Yes,51950,4.8,520.0,0,,
BMW,X6 xDrive35i,2018,27214,Gasoline,300.0HP 3.0L Straight 6 Cylinder Engine Gasoline Fuel,Transmission w/Dual Shift Mode,Black,Black,At least 1 accident or damage reported,Yes,40950,3.0,300.0,0,,
Ford,F-150 Limited,2019,42728,Gasoline,450.0HP 3.5L V6 Cylinder Engine Gasoline Fuel,Transmission w/Dual Shift Mode,Black,Brown,None reported,Yes,45950,3.5,450.0,0,6,
MINI,Cooper S Base,2010,97395,Gasoline,172.0HP 1.6L 4 Cylinder Engine Gasoline Fuel,6-Speed M/T,Yellow,Black,None reported,Yes,6699,1.6,172.0,0,,
Mazda,Mazda3 i SV,2015,91700,Gasoline,155.0HP 2.0L 4 Cylinder Engine Gasoline Fuel,A/T,Red,Black,None reported,Yes,12000,2.0,155.0,0,,
Mitsubishi,Lancer Evolution MR,2011,94500,Gasoline,291.0HP 2.0L 4 Cylinder Engine Gasoline Fuel,Transmission w/Dual Shift Mode,White,Black,None reported,Yes,27000,2.0,291.0,0,,
Chevrolet,Tahoe LTZ,2014,196300,E85 Flex Fuel,320.0HP 5.3L 8 Cylinder Engine Flex Fuel Capability,6-Speed A/T,Black,Black,None reported,Yes,10995,5.3,320.0,0,,
Cadillac,CTS 3.6L Luxury,2015,54259,Gasoline,3.6L V6 24V GDI DOHC,8-Speed Automatic,Majestic Plum Metallic,Light Platinum / Jet Black,None reported,Yes,19425,3.6,,0,6,24
Acura,RDX w/Advance Package,2021,36267,Gasoline,2.0 Liter Turbo,Automatic,White,Parchment,None reported,Unknown,39798,2.0,,1,,
Land,Rover Range Rover Sport Supercharged HSE,2015,175000,Gasoline,340.0HP 3.0L V6 Cylinder Engine Gasoline Fuel,A/T,Black,Black,None reported,Yes,19500,3.0,340.0,0,6,
Chevrolet,Suburban 1500 LTZ,2015,159000,Gasoline,355.0HP 5.3L 8 Cylinder Engine Gasoline Fuel,6-Speed A/T,White,Beige,At least 1 accident or damage reported,Yes,26900,5.3,355.0,0,,
Chevrolet,Camaro 2SS,2016,74000,Gasoline,455.0HP 6.2L 8 Cylinder Engine Gasoline Fuel,8-Speed A/T,Black,Black,None reported,Yes,32000,6.2,455.0,0,,
Chevrolet,Silverado 1500 Hybrid 1HY,2011,82963,Hybrid,332.0HP 6.0L 8 Cylinder Engine Gas/Electric Hybrid,4-Speed A/T,White,Black,None reported,Yes,20995,6.0,332.0,0,,
Cadillac,XT5 Luxury,2019,54323,Gasoline,3.6 Liter DOHC,Automatic,Red,Beige,None reported,Unknown,27998,3.6,,0,,
Nissan,Armada SL,2019,59980,Gasoline,390.0HP 5.6L 8 Cylinder Engine Gasoline Fuel,7-Speed A/T,Silver,Black,None reported,Yes,29000,5.6,390.0,0,,
Audi,Q5 S line Premium,2022,10120,Hybrid,2.0 Liter TFSI,Automatic,Navarre Blue,Gray,None reported,Unknown,39998,2.0,,0,,
BMW,X6 M Base,2017,25000,Gasoline,567.0HP 4.4L 8 Cylinder Engine Gasoline Fuel,Transmission w/Dual Shift Mode,White,Red,At least 1 accident or damage reported,Yes,65000,4.4,567.0,0,,
BMW,740 i,2012,126000,Gasoline,326.0HP 3.0L Straight 6 Cylinder Engine Gasoline Fuel,A/T,Black,Black,At least 1 accident or damage reported,Yes,12700,3.0,326.0,0,,
Toyota,Sequoia TRD Pro,2020,37428,Gasoline,381.0HP 5.7L 8 Cylinder Engine Gasoline Fuel,6-Speed A/T,White,Black,None reported,Yes,61599,5.7,381.0,0,,
Volkswagen,Jetta GLI,2014,99499,Gasoline,210.0HP 2.0L 4 Cylinder Engine Gasoline Fuel,Transmission w/Dual Shift Mode,Black,Black,At least 1 accident or damage reported,Yes,15000,2.0,210.0,0,,
Honda,Crosstour EX-L,2012,90742,Gasoline,192.0HP 2.4L 4 Cylinder Engine Gasoline Fuel,A/T,Gray,Gray,None reported,Yes,12980,2.4,192.0,0,,
Land,Rover Range Rover Sport Supercharged,2014,125000,E85 Flex Fuel,510.0HP 5.0L 8 Cylinder Engine Flex Fuel Capability,8-Speed A/T,White,Brown,At least 1 accident or damage reported,Yes,22500,5.0,510.0,0,,
Hyundai,Santa Fe Sport 2.0L Turbo Ultimate,2018,71669,Gasoline,240.0HP 2.0L 4 Cylinder Engine Gasoline Fuel,A/T,Blue,Black,None reported,Yes,20000,2.0,240.0,0,,
Cadillac,XT5 Luxury,2019,44692,Gasoline,3.6L V6 24V GDI DOHC,8-Speed Automatic,Bronze Dune Metallic,Shara Beige,None reported,Unknown,32368,3.6,,0,6,24
Jaguar,F-TYPE R,2018,16002,Gasoline,550.0HP 5.0L 8 Cylinder Engine Gasoline Fuel,8-Speed A/T,Black,Red,None reported,Yes,74900,5.0,550.0,0,,
Toyota,FJ Cruiser Base,2014,86000,Gasoline,260.0HP 4.0L V6 Cylinder Engine Gasoline Fuel,5-Speed A/T,Blue,Black,None reported,Yes,41500,4.0,260.0,0,6,
Toyota,Tundra SR5,2019,56000,Gasoline,381.0HP 5.7L 8 Cylinder Engine Gasoline Fuel,6-Speed A/T,Blue,Black,None reported,Yes,42000,5.7,381.0,0,,
Nissan,300ZX Base,1993,168000,–,–,5-Speed M/T,White,Black,None reported,Yes,7000,,,0,,
RAM,1500 Sport,2017,41789,Gasoline,395.0HP 5.7L 8 Cylinder Engine Gasoline Fuel,A/T,Green,Black,At least 1 accident or damage reported,Yes,42500,5.7,395.0,0,,
Ford,Focus SE,2014,60109,E85 Flex Fuel,160.0HP 2.0L 4 Cylinder Engine Flex Fuel Capability,6-Speed A/T,Gray,Black,None reported,Yes,9499,2.0,160.0,0,,
Mercedes-Benz,GLE 350 Base 4MATIC,2020,48000,Gasoline,255.0HP 2.0L 4 Cylinder Engine Gasoline Fuel,A/T,Black,Black,None reported,Yes,49995,2.0,255.0,0,,
Acura,TL Type S,2008,122000,Gasoline,286.0HP 3.5L V6 Cylinder Engine Gasoline Fuel,Transmission w/Dual Shift Mode,Gray,Beige,None reported,Yes,11500,3.5,286.0,0,6,
Land,Rover Range Rover HSE,2012,102800,Gasoline,385.0HP 5.0L 8 Cylinder Engine Gasoline Fuel,A/T,Gold,Brown,None reported,Yes,16000,5.0,385.0,0,,
MINI,Convertible Cooper,2022,15544,Gasoline,134.0HP 1.5L 3 Cylinder Engine Gasoline Fuel,A/T,Blue,Brown,,Unknown,28000,1.5,134.0,0,,
Mazda,CX-9 Signature,2019,69771,Gasoline,227.0HP 2.5L 4 Cylinder Engine Gasoline Fuel,A/T,Black,Red,None reported,Yes,27500,2.5,227.0,0,,
Acura,TLX Tech,2023,2118,Gasoline,2.0 Liter DOHC Turbo,Automatic,Red,Black,None reported,Unknown,41998,2.0,,1,,
Ford,F-150 Raptor,2021,28260,Gasoline,450.0HP 3.5L V6 Cylinder Engine Gasoline Fuel,10-Speed A/T,Blue,Blue,None reported,Yes,72950,3.5,450.0,0,6,
Honda,Civic Si Base,2020,6025,Gasoline,205.0HP 1.5L 4 Cylinder Engine Gasoline Fuel,6-Speed M/T,Gray,Gray,None reported,Yes,27500,1.5,205.0,0,,
Hyundai,Elantra SE,2018,32697,Gasoline,147.0HP 2.0L 4 Cylinder Engine Gasoline Fuel,6-Speed A/T,Gray,Gray,At least 1 accident or damage reported,Yes,15900,2.0,147.0,0,,
Ford,Excursion Limited,2001,239000,Gasoline,310.0HP 6.8L 10 Cylinder Engine Gasoline Fuel,A/T,White,–,None reported,Yes,8000,6.8,310.0,0,,
Jaguar,F-TYPE S British Design Edition,2017,34150,Gasoline,380.0HP 3.0L V6 Cylinder Engine Gasoline Fuel,8-Speed A/T,Black,Black,None reported,Yes,45999,3.0,380.0,0,6,
Honda,Ridgeline RTL-E,2022,9642,Gasoline,3.5L V6 24V GDI SOHC,9-Speed Automatic,Radiant Red Metallic II,Black,None reported,Unknown,38999,3.5,,0,6,24
Pontiac,G6 GTP,2006,100545,Gasoline,201.0HP 3.5L V6 Cylinder Engine Gasoline Fuel,4-Speed A/T,Gray,Black,None reported,Yes,5995,3.5,201.0,0,6,
Mercedes-Benz,C-Class C300 4MATIC,2021,11111,Gasoline,2.0 Liter Turbo,Automatic,Gray,Black,None reported,Unknown,38998,2.0,,1,,
Toyota,FJ Cruiser Base,2007,162000,Gasoline,239.0HP 4.0L V6 Cylinder Engine Gasoline Fuel,5-Speed A/T,Black,Black,None reported,Yes,23977,4.0,239.0,0,6,
Buick,Enclave Premium,2020,87555,Gasoline,3.6L V6 24V GDI DOHC,9-Speed Automatic,Dark Moon Blue Metallic,Dark Galvanized,At least 1 accident or damage reported,Yes,31650,3.6,,0,6,24
Chevrolet,Tahoe LTZ,2015,102200,Gasoline,355.0HP 5.3L 8 Cylinder Engine Gasoline Fuel,A/T,Silver,Black,None reported,Yes,25000,5.3,355.0,0,,
Bentley,Continental GTC V8,2013,18950,Gasoline,500.0HP 4.0L 8 Cylinder Engine Gasoline Fuel,Transmission w/Dual Shift Mode,White,Black,None reported,Yes,77999,4.0,500.0,0,,
Mercedes-Benz,SLK-Class SLK 350,2015,16000,Gasoline,302.0HP 3.5L V6 Cylinder Engine Gasoline Fuel,7-Speed A/T,White,Red,At least 1 accident or damage reported,Yes,30500,3.5,302.0,0,6,
Cadillac,Escalade Premium Luxury,2022,19250,Gasoline,420.0HP 6.2L 8 Cylinder Engine Gasoline Fuel,10-Speed A/T,Black,Black,None reported,Yes,86999,6.2,420.0,0,,
BMW,535 i xDrive,2015,65000,Gasoline,300.0HP 3.0L Straight 6 Cylinder Engine Gasoline Fuel,Transmission w/Dual Shift Mode,Silver,Black,None reported,Yes,24995,3.0,300.0,0,,
MINI,Cooper S Base,2007,110022,Gasoline,172.0HP 1.6L 4 Cylinder Engine Gasoline Fuel,6-Speed M/T,Silver,Black,None reported,Yes,6250,1.6,172.0,0,,
Bentley,Continental GT Base,2012,79089,E85 Flex Fuel,567.0HP 6.0L 12 Cylinder Engine Flex Fuel Capability,A/T,White,Beige,None reported,Yes,46999,6.0,567.0,0,,
Lexus,GX 460 Premium,2023,2533,Gasoline,301.0HP 4.6L 8 Cylinder Engine Gasoline Fuel,A/T,Black,Black,None reported,Yes,64900,4.6,301.0,0,,
Audi,Q7 3.0T Premium Plus,2014,96273,Gasoline,280.0HP 3.0L V6 Cylinder Engine Gasoline Fuel,8-Speed A/T,Silver,Black,At least 1 accident or damage reported,Yes,15495,3.0,280.0,0,6,
Cadillac,CT6 Luxury,2020,22187,Gasoline,3.6L V6 24V GDI DOHC,10-Speed Automatic,Manhattan Noir Metallic,Shara Beige,At least 1 accident or damage reported,Yes,45480,3.6,,0,6,24
GMC,Sierra 1500 SL Crew Cab,2009,137000,Gasoline,295.0HP 4.8L 8 Cylinder Engine Gasoline Fuel,A/T,Red,–,None reported,Yes,20000,4.8,295.0,0,,
Nissan,GT-R Premium,2009,60747,Gasoline,480.0HP 3.8L V6 Cylinder Engine Gasoline Fuel,6-Speed A/T,White,–,At least 1 accident or damage reported,Yes,71999,3.8,480.0,0,6,
Dodge,Ram 1500 ST,2007,36500,Gasoline,210.0HP 3.7L V6 Cylinder Engine Gasoline Fuel,A/T,Blue,Gray,None reported,Yes,16000,3.7,210.0,0,6,
Ford,Bronco Outer Banks,2021,19590,Gasoline,315.0HP 2.7L V6 Cylinder Engine Gasoline Fuel,10-Speed A/T,Blue,Gray,None reported,Yes,54999,2.7,315.0,0,6,
Nissan,GT-R Black Edition,2015,16850,Gasoline,545.0HP 3.8L V6 Cylinder Engine Gasoline Fuel,Transmission w/Dual Shift Mode,White,Black,None reported,Yes,95000,3.8,545.0,0,6,
Cadillac,Escalade ESV Sport,2021,4500,Gasoline,420.0HP 6.2L 8 Cylinder Engine Gasoline Fuel,10-Speed A/T,White,Beige,,Unknown,105000,6.2,420.0,0,,
Chevrolet,Cruze LT,2012,194000,Gasoline,138.0HP 1.4L 4 Cylinder Engine Gasoline Fuel,6-Speed A/T,Gray,White,At least 1 accident or damage reported,Yes,4900,1.4,138.0,0,,
Lexus,GX 460 Base,2020,48210,Gasoline,4.6L V8 32V MPFI DOHC,6-Speed Automatic,Nebula Gray Pearl,Rioja Red,At least 1 accident or damage reported,Yes,47449,4.6,,0,8,32
BMW,750 i,2018,81500,Gasoline,445.0HP 4.4L 8 Cylinder Engine Gasoline Fuel,8-Speed A/T,White,White,None reported,Yes,41250,4.4,445.0,0,,
Ford,F-150 XLT,2021,77107,Gasoline,3.5L V6 24V PDI DOHC Twin Turbo,10-Speed Automatic,Agate Black Metallic,Black,,Unknown,39995,3.5,,1,6,24
BMW,535 i xDrive,2015,58664,Gasoline,300.0HP 3.0L Straight 6 Cylinder Engine Gasoline Fuel,8-Speed A/T,Blue,Gray,At least 1 accident or damage reported,Yes,20950,3.0,300.0,0,,
Mitsubishi,Montero Limited,2004,145000,Gasoline,215.0HP 3.8L V6 Cylinder Engine Gasoline Fuel,A/T,Silver,Black,None reported,Yes,8950,3.8,215.0,0,6,
Lexus,LS 500 F Sport,2018,15055,Gasoline,416.0HP 3.5L V6 Cylinder Engine Gasoline Fuel,A/T,White,Black,None reported,Yes,59000,3.5,416.0,0,6,
Tesla,Model S 85D,2015,67647,,422.0HP Electric Motor Electric Fuel System,1-Speed A/T,Blue,Beige,None reported,Yes,28000,,422.0,0,,
Lexus,LC 500 Base,2021,915,Gasoline,471.0HP 5.0L 8 Cylinder Engine Gasoline Fuel,10-Speed A/T,Blue,White,None reported,Yes,159000,5.0,471.0,0,,
Mazda,MX-5 Miata Shinsen,2003,46873,Gasoline,142.0HP 1.8L 4 Cylinder Engine Gasoline Fuel,5-Speed M/T,Gray,Blue,None reported,Yes,11500,1.8,142.0,0,,
Cadillac,Escalade ESV Premium Luxury,2021,53169,Gasoline,420.0HP 6.2L 8 Cylinder Engine Gasoline Fuel,A/T,Black,Black,None reported,Yes,81500,6.2,420.0,0,,
Lexus,GX 460 Premium,2022,35700,Gasoline,301.0HP 4.6L 8 Cylinder Engine Gasoline Fuel,A/T,Silver,Gray,At least 1 accident or damage reported,Yes,51900,4.6,301.0,0,,
Nissan,Pathfinder Platinum,2014,112600,Gasoline,260.0HP 3.5L V6 Cylinder Engine Gasoline Fuel,CVT Transmission,Black,Black,At least 1 accident or damage reported,Yes,13000,3.5,260.0,0,6,
GMC,Yukon SLE,2015,112552,Gasoline,5.3L V8 16V GDI OHV,6-Speed Automatic,Onyx Black,Jet Black,At least 1 accident or damage reported,Yes,24440,5.3,,0,8,16
BMW,M3 Base,2003,127273,Gasoline,333.0HP 3.2L Straight 6 Cylinder Engine Gasoline Fuel,6-Speed M/T,Silver,Black,None reported,Yes,15000,3.2,333.0,0,,
Lexus,IS 250 Base,2007,189887,Gasoline,204.0HP 2.5L V6 Cylinder Engine Gasoline Fuel,A/T,White,–,At least 1 accident or damage reported,Yes,3995,2.5,204.0,0,6,
BMW,640 i,2012,76465,Gasoline,315.0HP 3.0L Straight 6 Cylinder Engine Gasoline Fuel,8-Speed A/T,White,Beige,At least 1 accident or damage reported,Yes,22500,3.0,315.0,0,,
Mitsubishi,Eclipse Spyder GT,2007,136400,Gasoline,260.0HP 3.8L V6 Cylinder Engine Gasoline Fuel,5-Speed A/T,Red,Gray,At least 1 accident or damage reported,Yes,6750,3.8,260.0,0,6,
Ford,Thunderbird Deluxe,2004,79635,Gasoline,280.0HP 3.9L 8 Cylinder Engine Gasoline Fuel,A/T,Gray,Black,None reported,Yes,13500,3.9,280.0,0,,
Tesla,Model Y Long Range,2022,4665,,Dual Motor - Standard,Automatic,Silver,Black,None reported,Unknown,46598,,,0,,
Buick,Enclave 1XL,2011,170000,Gasoline,288.0HP 3.6L V6 Cylinder Engine Gasoline Fuel,6-Speed A/T,Gold,Beige,At least 1 accident or damage reported,Yes,4000,3.6,288.0,0,6,
Ford,F-150 XLT,2018,67650,Gasoline,375.0HP 3.5L V6 Cylinder Engine Gasoline Fuel,A/T,Blue,Gray,None reported,Yes,30000,3.5,375.0,0,6,
Lexus,ES 350 Base,2016,119850,Gasoline,268.0HP 3.5L V6 Cylinder Engine Gasoline Fuel,A/T,White,Beige,None reported,Yes,19000,3.5,268.0,0,6,
Acura,TL Type S,2008,116500,Gasoline,286.0HP 3.5L V6 Cylinder Engine Gasoline Fuel,6-Speed M/T,Red,Black,None reported,Yes,15999,3.5,286.0,0,6,
Mercury,Capri XR2,1993,120644,–,–,5-Speed M/T,Green,Gray,None reported,Yes,4200,,,0,,
Ford,Transit Connect XLT,2010,169802,Gasoline,2.0L I4 16V MPFI DOHC,4-Speed Automatic,Frozen White,Dark Gray,None reported,Yes,9985,2.0,,0,,16
BMW,X3 M40i,2021,36905,Gasoline,382.0HP 3.0L Straight 6 Cylinder Engine Gasoline Fuel,Transmission w/Dual Shift Mode,Blue,Beige,None reported,Yes,50000,3.0,382.0,0,,
Jeep,Gladiator Willys,2022,8400,Gasoline,285.0HP 3.6L V6 Cylinder Engine Gasoline Fuel,8-Speed A/T,Black,Black,At least 1 accident or damage reported,Yes,47000,3.6,285.0,0,6,
Hummer,H2 Base,2003,149961,Gasoline,316.0HP 6.0L 8 Cylinder Engine Gasoline Fuel,A/T,Beige,Beige,At least 1 accident or damage reported,Yes,12500,6.0,316.0,0,,
Mercedes-Benz,C-Class C 63 AMG,2014,84500,Gasoline,451.0HP 6.2L 8 Cylinder Engine Gasoline Fuel,7-Speed A/T,White,Black,None reported,Yes,41500,6.2,451.0,0,,
Lamborghini,Aventador LP700-4,2016,3254,Gasoline,6.5L V12 48V MPFI DOHC,7-Speed Automatic with Auto-Shift,Bianco Isis,Giallo Taurus / Nero Ade,None reported,Unknown,399900,6.5,,0,12,48
Mercedes-Benz,G-Class G 550 4MATIC,2016,96000,Gasoline,416.0HP 4.0L 8 Cylinder Engine Gasoline Fuel,A/T,Blue,Brown,None reported,Yes,65000,4.0,416.0,0,,
Nissan,GT-R Premium,2009,88000,Gasoline,480.0HP 3.8L V6 Cylinder Engine Gasoline Fuel,Transmission w/Dual Shift Mode,White,White,At least 1 accident or damage reported,Yes,57000,3.8,480.0,0,6,
Audi,R8 4.2 quattro Spyder,2011,35322,Gasoline,4.2L V8 32V GDI DOHC,6-Speed Manual,Phantom Black Pearl Effect / Black Roof,Red,None reported,Unknown,94900,4.2,,0,8,32
Acura,TLX A-Spec,2020,32500,Gasoline,206.0HP 2.4L 4 Cylinder Engine Gasoline Fuel,A/T,White,Red,None reported,Yes,32000,2.4,206.0,0,,
Audi,A6 3.0T Premium Plus,2016,71280,Gasoline,333.0HP 3.0L V6 Cylinder Engine Gasoline Fuel,A/T,Silver,Black,None reported,Yes,22000,3.0,333.0,0,6,
Porsche,Panamera 2,2011,37200,Gasoline,300.0HP 3.6L V6 Cylinder Engine Gasoline Fuel,7-Speed A/T,Black,Beige,None reported,Yes,27500,3.6,300.0,0,6,
Saturn,Sky Red Line,2008,94291,Gasoline,260.0HP 2.0L 4 Cylinder Engine Gasoline Fuel,A/T,White,–,None reported,Yes,14500,2.0,260.0,0,,
Maserati,Coupe Cambiocorsa,2006,54082,Gasoline,390.0HP 4.2L 8 Cylinder Engine Gasoline Fuel,Transmission w/Dual Shift Mode,Blue,Beige,None reported,Yes,17000,4.2,390.0,0,,
Volvo,XC90 Recharge Plug-In Hybrid T8 Inscription 7 Passenger,2022,7800,Plug-In Hybrid,455.0HP 2.0L 4 Cylinder Engine Plug-In Electric/Gas,8-Speed A/T,Black,Beige,None reported,Yes,66000,2.0,455.0,0,,
Jeep,Wrangler Sport,2016,86250,Gasoline,285.0HP 3.6L V6 Cylinder Engine Gasoline Fuel,5-Speed A/T,White,Black,None reported,Yes,22000,3.6,285.0,0,6,
BMW,X5 xDrive50i,2016,75479,Gasoline,445.0HP 4.4L 8 Cylinder Engine Gasoline Fuel,Transmission w/Dual Shift Mode,Silver,Black,None reported,Yes,27899,4.4,445.0,0,,
BMW,750 i,2017,24650,Gasoline,445.0HP 4.4L 8 Cylinder Engine Gasoline Fuel,A/T,Silver,Black,None reported,Yes,50000,4.4,445.0,0,,
Volkswagen,Golf R 4-Door,2013,102750,Gasoline,256.0HP 2.0L 4 Cylinder Engine Gasoline Fuel,6-Speed M/T,Black,Black,None reported,Yes,20000,2.0,256.0,0,,
Alfa,Romeo Stelvio Base,2018,50000,Gasoline,280.0HP 2.0L 4 Cylinder Engine Gasoline Fuel,A/T,Brown,Brown,None reported,Yes,27500,2.0,280.0,0,,
BMW,X5 xDrive35i,2017,72700,Gasoline,300.0HP 3.0L Straight 6 Cylinder Engine Gasoline Fuel,A/T,Gray,Black,None reported,Yes,27499,3.0,300.0,0,,
BMW,X6 M Base,2018,54293,Gasoline,567.0HP 4.4L 8 Cylinder Engine Gasoline Fuel,8-Speed A/T,Black,Beige,At least 1 accident or damage reported,Yes,49000,4.4,567.0,0,,
Lexus,IS 300 Base,2018,16000,Gasoline,260.0HP 3.5L V6 Cylinder Engine Gasoline Fuel,6-Speed A/T,Blue,Brown,At least 1 accident or damage reported,Yes,30500,3.5,260.0,0,6,
Lamborghini,Gallardo SE,2006,19500,Gasoline,493.0HP 5.0L 10 Cylinder Engine Gasoline Fuel,6-Speed A/T,Green,Yellow,None reported,Yes,129000,5.0,493.0,0,,
BMW,428 i,2014,71000,Gasoline,240.0HP 2.0L 4 Cylinder Engine Gasoline Fuel,Transmission w/Dual Shift Mode,White,Black,At least 1 accident or damage reported,Yes,16700,2.0,240.0,0,,
BMW,X5 xDrive40i,2019,60000,Gasoline,335.0HP 3.0L Straight 6 Cylinder Engine Gasoline Fuel,8-Speed A/T,White,Beige,None reported,Yes,36500,3.0,335.0,0,,
Porsche,Boxster Base,1998,75539,Gasoline,201.0HP 2.5L Flat 6 Cylinder Engine Gasoline Fuel,5-Speed M/T,Blue,Beige,None reported,Yes,11995,2.5,201.0,0,,
Alfa,Romeo Giulia Base,2017,36000,Gasoline,280.0HP 2.0L 4 Cylinder Engine Gasoline Fuel,8-Speed A/T,White,Red,None reported,Yes,21000,2.0,280.0,0,,
Mercedes-Benz,C-Class C 300,2019,76422,Gasoline,2.0 Liter Turbo,Automatic,Black,Black,None reported,Unknown,28998,2.0,,1,,
Nissan,370Z NISMO Tech,2016,42600,Gasoline,350.0HP 3.7L V6 Cylinder Engine Gasoline Fuel,7-Speed A/T,Red,Black,At least 1 accident or damage reported,Yes,31950,3.7,350.0,0,6,
Rivian,R1S Adventure Package,2023,211,,835.0HP Electric Motor Electric Fuel System,A/T,Blue,Black,None reported,Yes,99000,,835.0,0,,
Chevrolet,Suburban LT,2017,98888,Gasoline,6.0L 8 Cylinder Engine Gasoline Fuel,A/T,White,Black,At least 1 accident or damage reported,Yes,29000,6.0,,0,,
Ford,Fusion Hybrid SE,2019,64532,Hybrid,188.0HP 2.0L 4 Cylinder Engine Gas/Electric Hybrid,A/T,Silver,Gray,At least 1 accident or damage reported,Yes,19395,2.0,188.0,0,,
BMW,X3 xDrive35i,2011,75500,Gasoline,300.0HP 3.0L Straight 6 Cylinder Engine Gasoline Fuel,A/T,White,Black,None reported,Yes,12975,3.0,300.0,0,,
Buick,Envision Preferred,2019,32000,Gasoline,197.0HP 2.5L 4 Cylinder Engine Gasoline Fuel,A/T,Black,Beige,None reported,Yes,27000,2.5,197.0,0,,
Buick,Envision Essence,2019,47839,Gasoline,2.5L I4 16V GDI DOHC,6-Speed Automatic,Summit White,Ebony,None reported,Yes,24991,2.5,,0,,16
Porsche,Cayenne GTS,2013,98413,Gasoline,420.0HP 4.8L 8 Cylinder Engine Gasoline Fuel,Transmission w/Dual Shift Mode,Green,Black,At least 1 accident or damage reported,Yes,34900,4.8,420.0,0,,
Audi,RS 5 2.9T,2022,9628,Gasoline,444.0HP 2.9L V6 Cylinder Engine Gasoline Fuel,8-Speed A/T,White,Black,None reported,Yes,78500,2.9,444.0,0,6,
Jaguar,XK8 Base,1999,15000,Gasoline,290.0HP 4.0L 8 Cylinder Engine Gasoline Fuel,5-Speed A/T,Green,Beige,None reported,Yes,16370,4.0,290.0,0,,
Audi,R8 5.2 V10,2021,6397,Gasoline,5.2L V10 40V PDI DOHC,7-Speed Automatic with Auto-Shift,Kemora Gray Metallic,Black / Express Red,None reported,Unknown,172900,5.2,,0,10,40
Honda,Pilot Black Edition,2022,22564,Gasoline,3.5 Liter,Automatic,Platinum White Pearl,Black,None reported,Unknown,44998,3.5,,0,,
Lexus,RX 350 Crafted Line F Sport,2015,110000,Gasoline,270.0HP 3.5L V6 Cylinder Engine Gasoline Fuel,Transmission w/Dual Shift Mode,White,Black,None reported,Yes,28000,3.5,270.0,0,6,
Mercedes-Benz,Sprinter 3500 High Roof,2022,105,Diesel,161.0HP 2.0L 4 Cylinder Engine Diesel Fuel,7-Speed A/T,Black,Orange,None reported,Yes,200000,2.0,161.0,0,,
Toyota,4Runner Limited,2004,186117,Gasoline,245.0HP 4.0L V6 Cylinder Engine Gasoline Fuel,A/T,Black,Beige,None reported,Yes,13000,4.0,245.0,0,6,
Jeep,Wrangler Sport,2002,103500,Gasoline,190.0HP 4.0L Straight 6 Cylinder Engine Gasoline Fuel,M/T,Yellow,Gray,None reported,Yes,12500,4.0,190.0,0,,
Cadillac,CT6-V 4.2L Blackwing Twin Turbo,2019,8074,Gasoline,4.2L V8 32V GDI DOHC Twin Turbo,10-Speed Automatic,Manhattan Noir Metallic,Jet Black,None reported,Unknown,76700,4.2,,1,8,32
BMW,M3 Base,2011,43000,Gasoline,414.0HP 4.0L 8 Cylinder Engine Gasoline Fuel,6-Speed M/T,Black,Black,None reported,Yes,50900,4.0,414.0,0,,
BMW,750 i,2015,70700,Gasoline,445.0HP 4.4L 8 Cylinder Engine Gasoline Fuel,8-Speed A/T,Blue,Black,At least 1 accident or damage reported,Yes,23000,4.4,445.0,0,,
Chevrolet,Trailblazer RS,2022,42479,Gasoline,1.3L I3 12V GDI DOHC Turbo,9-Speed Automatic,Mosaic Black Metallic,Jet Black,None reported,Yes,28495,1.3,,1,,12
Ford,Excursion XLT 4WD,2000,205000,Gasoline,310.0HP 6.8L 10 Cylinder Engine Gasoline Fuel,A/T,Black,Gray,At least 1 accident or damage reported,Yes,9950,6.8,310.0,0,,
Audi,SQ5 3.0T Premium Plus,2019,22300,Gasoline,349.0HP 3.0L V6 Cylinder Engine Gasoline Fuel,8-Speed A/T,Blue,Gray,None reported,Yes,38999,3.0,349.0,0,6,
Ford,Expedition EL Limited,2017,104000,Gasoline,365.0HP 3.5L V6 Cylinder Engine Gasoline Fuel,A/T,Black,Black,At least 1 accident or damage reported,Yes,19995,3.5,365.0,0,6,
Ford,Bronco Sport Base,2022,13865,Gasoline,1.5L I3 12V PDI DOHC Turbo,8-Speed Automatic,Shadow Black,Ebony,None reported,Yes,29182,1.5,,1,,12
BMW,M4 Competition xDrive,2022,15882,Gasoline,503.0HP 3.0L Straight 6 Cylinder Engine Gasoline Fuel,8-Speed A/T,Red,Silver,None reported,Yes,84995,3.0,503.0,0,,
Land,Rover Defender,2022,12209,Gasoline,5.0L V8 32V GDI DOHC Supercharged,8-Speed Automatic,Black,Black,None reported,Unknown,104900,5.0,,0,8,32
Mercedes-Benz,AMG GLC 43 AMG GLC 43,2021,10483,Gasoline,3.0 Liter Twin Turbo,Automatic,Graphite Grey Metallic,Black w/Red Stitching,None reported,Unknown,60998,3.0,,1,,
Nissan,GT-R Premium,2017,31150,Gasoline,565.0HP 3.8L V6 Cylinder Engine Gasoline Fuel,Transmission w/Dual Shift Mode,Orange,Black,None reported,Yes,113000,3.8,565.0,0,6,
Chrysler,200 C,2015,44000,E85 Flex Fuel,295.0HP 3.6L V6 Cylinder Engine Flex Fuel Capability,A/T,White,Black,At least 1 accident or damage reported,Yes,12700,3.6,295.0,0,6,
Hummer,H2 Base,2003,109000,Gasoline,316.0HP 6.0L 8 Cylinder Engine Gasoline Fuel,A/T,Beige,Beige,None reported,Yes,17500,6.0,316.0,0,,
BMW,M4 Base,2020,31350,Gasoline,425.0HP 3.0L Straight 6 Cylinder Engine Gasoline Fuel,Transmission w/Dual Shift Mode,Gray,Orange,None reported,Yes,62450,3.0,425.0,0,,
Audi,Q8 55 Premium Plus,2021,30000,Hybrid,335.0HP 3.0L V6 Cylinder Engine Gasoline/Mild Electric Hybrid,8-Speed A/T,Black,Black,None reported,Yes,62000,3.0,335.0,0,6,
Land,Rover Range Rover HSE,2012,66500,Gasoline,385.0HP 5.0L 8 Cylinder Engine Gasoline Fuel,A/T,Silver,Black,None reported,Yes,19950,5.0,385.0,0,,
Nissan,Frontier SV,2012,96600,Gasoline,261.0HP 4.0L V6 Cylinder Engine Gasoline Fuel,A/T,Beige,Black,At least 1 accident or damage reported,Yes,17000,4.0,261.0,0,6,
Toyota,Highlander LE Plus,2015,198000,Gasoline,270.0HP 3.5L V6 Cylinder Engine Gasoline Fuel,A/T,White,Gray,None reported,Yes,14000,3.5,270.0,0,6,
Audi,S4 3.0T Premium Plus,2013,91877,Gasoline,333.0HP 3.0L V6 Cylinder Engine Gasoline Fuel,A/T,Black,Red,At least 1 accident or damage reported,Yes,24000,3.0,333.0,0,6,
Ford,Expedition Max Limited,2018,45578,Gasoline,375.0HP 3.5L V6 Cylinder Engine Gasoline Fuel,10-Speed A/T,White,–,None reported,Yes,45023,3.5,375.0,0,6,
BMW,228 i,2015,54000,Gasoline,240.0HP 2.0L 4 Cylinder Engine Gasoline Fuel,6-Speed M/T,Black,Red,At least 1 accident or damage reported,Yes,19996,2.0,240.0,0,,
Land,Rover Range Rover Sport HST MHEV,2020,52000,Hybrid,395.0HP 3.0L Straight 6 Cylinder Engine Gasoline/Mild Electric Hybrid,8-Speed A/T,Gray,Black,None reported,Yes,55000,3.0,395.0,0,,
Mercedes-Benz,E-Class AMG E 53,2020,23044,Hybrid,3.0 Liter Turbo,Automatic,Emerald Green Metallic,Black/Saddle Brown,None reported,Unknown,72598,3.0,,1,,
Porsche,911 Carrera,2008,132500,Gasoline,325.0HP 3.6L Flat 6 Cylinder Engine Gasoline Fuel,6-Speed M/T,Black,Black,None reported,Yes,35000,3.6,325.0,0,,
Dodge,Dakota SLT Quad Cab,2006,256000,Gasoline,4.7L 8 Cylinder Engine Gasoline Fuel,A/T,Black,Gray,None reported,Yes,4000,4.7,,0,,
Mercedes-Benz,SL-Class SL63 AMG Roadster,2009,31370,Gasoline,518.0HP 6.3L 8 Cylinder Engine Gasoline Fuel,Transmission w/Dual Shift Mode,White,Brown,None reported,Yes,65700,6.3,518.0,0,,
Chrysler,Sebring LX,2008,67303,Gasoline,173.0HP 2.4L 4 Cylinder Engine Gasoline Fuel,A/T,Blue,Blue,None reported,Yes,4900,2.4,173.0,0,,
Chevrolet,Corvette Stingray w/3LT,2021,12000,Gasoline,490.0HP 6.2L 8 Cylinder Engine Gasoline Fuel,A/T,Blue,Black,At least 1 accident or damage reported,Yes,99900,6.2,490.0,0,,
Ford,Bronco Outer Banks,2023,16500,Gasoline,275.0HP 2.3L 4 Cylinder Engine Gasoline Fuel,A/T,Blue,Gray,None reported,Yes,54000,2.3,275.0,0,,
Toyota,Tacoma TRD Pro,2018,28800,Gasoline,"3.5L V-6 port/direct injection, DOHC, VVT-iE variable valve cont","Manual, 6-Spd",–,Black,None reported,Unknown,42900,3.5,,0,,
RAM,ProMaster 2500 High Roof,2019,88000,Gasoline,280.0HP 3.6L V6 Cylinder Engine Gasoline Fuel,6-Speed A/T,White,Black,At least 1 accident or damage reported,Yes,39900,3.6,280.0,0,6,
Ford,Shelby GT350 Base,2018,18515,Gasoline,526.0HP 5.2L 8 Cylinder Engine Gasoline Fuel,6-Speed M/T,White,Black,At least 1 accident or damage reported,Yes,60867,5.2,526.0,0,,
Tesla,Model 3 Performance,2018,92813,,271.0HP Electric Motor Electric Fuel System,1-Speed A/T,Red,Black,None reported,Yes,30499,,271.0,0,,
Land,Rover Range Rover P530 SE LWB 7 Seat,2023,2100,Gasoline,523.0HP 4.4L 8 Cylinder Engine Gasoline Fuel,8-Speed A/T,Gray,Beige,None reported,Yes,172000,4.4,523.0,0,,
Volvo,XC60 T6 Inscription,2019,58600,Gasoline,330.0HP 2.0L 4 Cylinder Engine Gasoline Fuel,A/T,White,White,At least 1 accident or damage reported,Yes,29000,2.0,330.0,0,,
Lexus,LS 460 Crafted Line,2015,74500,Gasoline,386.0HP 4.6L 8 Cylinder Engine Gasoline Fuel,Transmission w/Dual Shift Mode,White,Red,None reported,Yes,33900,4.6,386.0,0,,
Tesla,Model S 100D,2018,33500,,518.0HP Electric Motor Electric Fuel System,A/T,Gray,Black,None reported,Yes,51900,,518.0,0,,
Cadillac,XT6 Premium Luxury AWD,2023,222,Gasoline,310.0HP 3.6L V6 Cylinder Engine Gasoline Fuel,A/T,White,Black,None reported,Yes,69000,3.6,310.0,0,6,
Chevrolet,Avalanche 1500 LTZ,2007,75124,E85 Flex Fuel,310.0HP 5.3L 8 Cylinder Engine Flex Fuel Capability,A/T,Red,Gray,None reported,Yes,16499,5.3,310.0,0,,
Chevrolet,Corvette Grand Sport,2013,15500,Gasoline,430.0HP 6.2L 8 Cylinder Engine Gasoline Fuel,Transmission w/Dual Shift Mode,White,Blue,None reported,Yes,45000,6.2,430.0,0,,
Audi,Q8 55 Premium,2020,34300,Hybrid,335.0HP 3.0L V6 Cylinder Engine Gasoline/Mild Electric Hybrid,8-Speed A/T,Gray,Brown,None reported,Yes,52500,3.0,335.0,0,6,
Honda,Odyssey Elite,2019,82000,Gasoline,280.0HP 3.5L V6 Cylinder Engine Gasoline Fuel,10-Speed A/T,Silver,Black,None reported,Yes,32471,3.5,280.0,0,6,
Acura,TLX,2023,3389,Gasoline,2.0 Liter DOHC Turbo,Automatic,Platinum White Pearl,Black,None reported,Unknown,38598,2.0,,1,,
Porsche,Cayenne GTS Coupe AWD,2023,10000,Gasoline,453.0HP 4.0L 8 Cylinder Engine Gasoline Fuel,8-Speed A/T,Gray,Black,None reported,Yes,145000,4.0,453.0,0,,
Cadillac,STS V6,2005,96000,Gasoline,260.0HP 3.6L V6 Cylinder Engine Gasoline Fuel,A/T,Beige,Brown,At least 1 accident or damage reported,Yes,4999,3.6,260.0,0,6,
Dodge,Charger R/T,2021,7751,Gasoline,370.0HP 5.7L 8 Cylinder Engine Gasoline Fuel,8-Speed A/T,Black,Black,None reported,Yes,41950,5.7,370.0,0,,
Audi,RS 7 4.0T Performance Prestige,2017,66250,Gasoline,605.0HP 4.0L 8 Cylinder Engine Gasoline Fuel,8-Speed A/T,Gray,Gray,At least 1 accident or damage reported,Yes,59200,4.0,605.0,0,,
Lexus,CT 200h Premium,2012,109000,Hybrid,134.0HP 1.8L 4 Cylinder Engine Gas/Electric Hybrid,A/T,White,Black,At least 1 accident or damage reported,Yes,14945,1.8,134.0,0,,
Hyundai,Genesis Coupe 3.8 Base,2015,60000,Gasoline,348.0HP 3.8L V6 Cylinder Engine Gasoline Fuel,Transmission w/Dual Shift Mode,Black,Black,None reported,Yes,17000,3.8,348.0,0,6,
Tesla,Model S Performance,2020,14700,,778.0HP Electric Motor Electric Fuel System,1-Speed A/T,Gray,Black,None reported,Yes,63000,,778.0,0,,
Mercedes-Benz,E-Class E 350 4MATIC,2022,9006,Gasoline,255.0HP 2.0L 4 Cylinder Engine Gasoline Fuel,9-Speed A/T,Black,Black,None reported,Yes,56999,2.0,255.0,0,,
Toyota,GR86 Base,2022,13400,Gasoline,228.0HP 2.4L 4 Cylinder Engine Gasoline Fuel,6-Speed A/T,Silver,Black,None reported,Yes,33499,2.4,228.0,0,,
Porsche,Macan S,2020,28570,Gasoline,3.0 Liter Turbo,Automatic,White,Black,None reported,Unknown,55998,3.0,,1,,
Dodge,Durango SRT,2018,78000,Gasoline,475.0HP 6.4L 8 Cylinder Engine Gasoline Fuel,Transmission w/Dual Shift Mode,White,Black,At least 1 accident or damage reported,Yes,44700,6.4,475.0,0,,
Lexus,LX 570 Base,2013,134000,Gasoline,383.0HP 5.7L 8 Cylinder Engine Gasoline Fuel,A/T,Gray,Black,At least 1 accident or damage reported,Yes,29995,5.7,383.0,0,,
Kia,Optima Hybrid EX,2013,104994,Hybrid,199.0HP 2.4L 4 Cylinder Engine Gas/Electric Hybrid,6-Speed A/T,Black,Beige,None reported,Yes,9000,2.4,199.0,0,,
Bentley,Continental GT V8 S,2016,31500,Gasoline,521.0HP 4.0L 8 Cylinder Engine Gasoline Fuel,8-Speed A/T,Black,Beige,None reported,Yes,103900,4.0,521.0,0,,
Alfa,Romeo Giulia Base,2020,30000,Gasoline,280.0HP 2.0L 4 Cylinder Engine Gasoline Fuel,8-Speed A/T,Black,–,None reported,Yes,28900,2.0,280.0,0,,
Lexus,LX 600 F SPORT,2023,490,Gasoline,409.0HP 3.4L V6 Cylinder Engine Gasoline Fuel,A/T,Black,Black,None reported,Yes,124999,3.4,409.0,0,6,
Porsche,Taycan Turbo,2020,18000,,616.0HP Electric Motor Electric Fuel System,A/T,Silver,Black,None reported,Yes,105000,,616.0,0,,
Toyota,Sequoia Limited,2017,67000,E85 Flex Fuel,381.0HP 5.7L 8 Cylinder Engine Flex Fuel Capability,6-Speed A/T,Silver,Gray,None reported,Yes,37999,5.7,381.0,0,,
Kia,K5 EX,2021,8263,Gasoline,180.0HP 1.6L 4 Cylinder Engine Gasoline Fuel,A/T,Gray,White,None reported,Yes,29000,1.6,180.0,0,,
RAM,1500 Big Horn,2021,35003,Gasoline,5.7L V8 16V MPFI OHV,8-Speed Automatic,Bright White Clearcoat,Diesel Gray / Black,None reported,Yes,40999,5.7,,0,8,16
Chevrolet,Corvette Base,2008,80000,Gasoline,430.0HP 6.2L 8 Cylinder Engine Gasoline Fuel,6-Speed A/T,Red,Beige,None reported,Yes,31000,6.2,430.0,0,,
Chevrolet,Corvette Stingray w/1LT,2022,6200,Gasoline,490.0HP 6.2L 8 Cylinder Engine Gasoline Fuel,Transmission w/Dual Shift Mode,Brown,Black,None reported,Yes,99999,6.2,490.0,0,,
Jaguar,F-TYPE S,2014,74595,Gasoline,495.0HP 5.0L 8 Cylinder Engine Gasoline Fuel,8-Speed A/T,Green,Black,At least 1 accident or damage reported,Yes,32450,5.0,495.0,0,,
Audi,A7 3.0T Prestige,2013,87066,Gasoline,310.0HP 3.0L V6 Cylinder Engine Gasoline Fuel,8-Speed A/T,Silver,Black,None reported,Yes,20999,3.0,310.0,0,6,
Audi,Q8 3.0T Prestige,2019,38360,Gasoline,3.0L V6 24V GDI DOHC Turbo,8-Speed Automatic,Orca Black Metallic,Black,None reported,Unknown,49936,3.0,,1,6,24
Kia,Telluride SX,2020,38000,Gasoline,291.0HP 3.8L V6 Cylinder Engine Gasoline Fuel,8-Speed A/T,Green,Beige,None reported,Yes,41999,3.8,291.0,0,6,
Toyota,Camry Hybrid XLE,2018,69641,Hybrid,208.0HP 2.5L 4 Cylinder Engine Gas/Electric Hybrid,CVT Transmission,White,Black,At least 1 accident or damage reported,Yes,23995,2.5,208.0,0,,
Toyota,GR86 Premium,2022,1275,Gasoline,228.0HP 2.4L 4 Cylinder Engine Gasoline Fuel,6-Speed A/T,Blue,Black,None reported,Yes,47999,2.4,228.0,0,,
BMW,M3 Base,2001,60000,Gasoline,333.0HP 3.2L Straight 6 Cylinder Engine Gasoline Fuel,6-Speed M/T,Black,Gray,None reported,Yes,25000,3.2,333.0,0,,
Jeep,Wrangler Rubicon,2014,99450,Gasoline,285.0HP 3.6L V6 Cylinder Engine Gasoline Fuel,6-Speed M/T,Gray,Black,None reported,Yes,21000,3.6,285.0,0,6,
Toyota,Tundra Hybrid Capstone,2023,200,Hybrid,437.0HP 3.4L V6 Cylinder Engine Gas/Electric Hybrid,10-Speed A/T,Blue,White,None reported,Yes,82500,3.4,437.0,0,6,
Porsche,Panamera 4 Edition,2016,68000,Gasoline,310.0HP 3.6L V6 Cylinder Engine Gasoline Fuel,Transmission w/Dual Shift Mode,Gray,Black,At least 1 accident or damage reported,Yes,32950,3.6,310.0,0,6,
Lexus,GS 350 Base,2010,212000,Gasoline,303.0HP 3.5L V6 Cylinder Engine Gasoline Fuel,A/T,Gray,Black,At least 1 accident or damage reported,Yes,9450,3.5,303.0,0,6,
GMC,Sierra 3500 Denali,2019,73091,Diesel,445.0HP 6.6L 8 Cylinder Engine Diesel Fuel,A/T,White,Black,At least 1 accident or damage reported,Yes,58500,6.6,445.0,0,,
Kia,Niro Plug-In Hybrid EX,2023,9400,Plug-In Hybrid,180.0HP 1.6L 4 Cylinder Engine Plug-In Electric/Gas,A/T,Black,Black,None reported,Yes,31500,1.6,180.0,0,,
Porsche,Cayenne Base,2014,117697,Gasoline,300.0HP 3.6L V6 Cylinder Engine Gasoline Fuel,8-Speed A/T,Black,Black,At least 1 accident or damage reported,Yes,16975,3.6,300.0,0,6,
Mercedes-Benz,S-Class S 65 AMG,2015,95428,Gasoline,621.0HP 6.0L 12 Cylinder Engine Gasoline Fuel,A/T,Silver,Silver,None reported,Yes,55000,6.0,621.0,0,,
Lexus,GX 460 Premium,2017,116300,Gasoline,301.0HP 4.6L 8 Cylinder Engine Gasoline Fuel,6-Speed A/T,Gray,Beige,None reported,Yes,31950,4.6,301.0,0,,
Acura,MDX Sport Hybrid 3.0L w/Technology Package,2019,56778,Hybrid,321.0HP 3.0L V6 Cylinder Engine Gas/Electric Hybrid,7-Speed A/T,Black,Black,None reported,Yes,41899,3.0,321.0,0,6,
Audi,Q5 S line Premium Plus,2023,5682,Hybrid,2.0 Liter TFSI,Automatic,Chronos Gray,Gray,None reported,Unknown,48698,2.0,,0,,
BMW,530 i,2017,37000,Gasoline,248.0HP 2.0L 4 Cylinder Engine Gasoline Fuel,A/T,Gray,Black,None reported,Yes,31000,2.0,248.0,0,,
Kia,Forte Koup EX,2015,103748,Gasoline,173.0HP 2.0L 4 Cylinder Engine Gasoline Fuel,A/T,Gray,Gray,None reported,Yes,8500,2.0,173.0,0,,
Toyota,Sequoia Limited,2005,86000,Gasoline,282.0HP 4.7L 8 Cylinder Engine Gasoline Fuel,A/T,Silver,–,None reported,Yes,22500,4.7,282.0,0,,
Land,Rover LR4 HSE,2013,125900,Gasoline,375.0HP 5.0L 8 Cylinder Engine Gasoline Fuel,A/T,Black,Beige,None reported,Yes,21000,5.0,375.0,0,,
Nissan,Titan SV,2023,6200,Gasoline,400.0HP 5.6L 8 Cylinder Engine Gasoline Fuel,9-Speed A/T,Black,Gray,None reported,Yes,48000,5.6,400.0,0,,
Ford,F-250 Lariat,2019,85000,Diesel,450.0HP 6.7L 8 Cylinder Engine Diesel Fuel,6-Speed A/T,Black,Black,At least 1 accident or damage reported,Yes,52500,6.7,450.0,0,,
Mercedes-Benz,AMG GT AMG GT,2017,19324,Gasoline,456.0HP 4.0L 8 Cylinder Engine Gasoline Fuel,Transmission w/Dual Shift Mode,Gray,Beige,None reported,Yes,75000,4.0,456.0,0,,
Cadillac,Escalade Platinum,2018,49273,Gasoline,420.0HP 6.2L 8 Cylinder Engine Gasoline Fuel,A/T,Red,Black,None reported,Yes,54000,6.2,420.0,0,,
Tesla,Model 3 Standard Range Plus,2019,42094,,Electric Motor Electric Fuel System,A/T,White,White,None reported,Yes,32000,,,0,,
BMW,M3 Base,2017,44000,Gasoline,425.0HP 3.0L Straight 6 Cylinder Engine Gasoline Fuel,7-Speed A/T,Blue,Black,None reported,Yes,55000,3.0,425.0,0,,
Chevrolet,Cruze LT,2012,148377,Gasoline,138.0HP 1.4L 4 Cylinder Engine Gasoline Fuel,6-Speed A/T,Blue,Black,,Unknown,5500,1.4,138.0,0,,
Dodge,Challenger SRT8,2010,70000,Gasoline,425.0HP 6.1L 8 Cylinder Engine Gasoline Fuel,6-Speed M/T,Orange,Black,None reported,Yes,22000,6.1,425.0,0,,
Mercedes-Benz,Sprinter 2500,2016,143290,Diesel,161.0HP 2.1L 4 Cylinder Engine Diesel Fuel,A/T,White,Black,None reported,Yes,33490,2.1,161.0,0,,
Ford,F-350 Platinum,2019,69205,Diesel,450.0HP 6.7L 8 Cylinder Engine Diesel Fuel,Transmission w/Dual Shift Mode,White,Black,None reported,Yes,73500,6.7,450.0,0,,
Chevrolet,Tahoe LTZ,2015,123500,Gasoline,355.0HP 5.3L 8 Cylinder Engine Gasoline Fuel,6-Speed A/T,White,Brown,None reported,Yes,25650,5.3,355.0,0,,
Audi,Q7 3.0T Prestige,2018,70773,Gasoline,333.0HP 3.0L V6 Cylinder Engine Gasoline Fuel,A/T,White,Black,None reported,Yes,30950,3.0,333.0,0,6,
Jeep,Patriot Latitude,2015,109000,Gasoline,158.0HP 2.0L 4 Cylinder Engine Gasoline Fuel,A/T,Gray,Gray,At least 1 accident or damage reported,Yes,7599,2.0,158.0,0,,
INFINITI,QX70 Base,2014,71097,Gasoline,325.0HP 3.7L V6 Cylinder Engine Gasoline Fuel,7-Speed A/T,Black,Black,None reported,Yes,18995,3.7,325.0,0,6,
BMW,X5 xDrive35i,2013,76309,Gasoline,300.0HP 3.0L Straight 6 Cylinder Engine Gasoline Fuel,A/T,Silver,Black,,Unknown,12000,3.0,300.0,0,,
Tesla,Model 3,2018,26609,,Electric,Automatic,Gray,–,None reported,Unknown,36998,,,0,,
Land,Rover Range Rover P400 SE LWB 7 Seat,2023,4126,Hybrid,395.0HP 3.0L Straight 6 Cylinder Engine Gasoline/Mild Electric Hybrid,A/T,Black,Beige,,Unknown,155000,3.0,395.0,0,,
Nissan,240SX Base,1996,160490,–,–,5-Speed M/T,Gray,Black,None reported,Yes,15500,,,0,,
Cadillac,ATS 2.5L,2014,80400,Gasoline,202.0HP 2.5L 4 Cylinder Engine Gasoline Fuel,A/T,Silver,Black,At least 1 accident or damage reported,Yes,15000,2.5,202.0,0,,
Toyota,RAV4 Base,2010,123620,Gasoline,179.0HP 2.5L 4 Cylinder Engine Gasoline Fuel,4-Speed A/T,Black,Black,At least 1 accident or damage reported,Yes,9900,2.5,179.0,0,,
Acura,TSX Technology,2011,187883,Gasoline,201.0HP 2.4L 4 Cylinder Engine Gasoline Fuel,A/T,Red,Beige,None reported,Yes,5500,2.4,201.0,0,,
Mercedes-Benz,G-Class G 550 4MATIC,2020,45000,Gasoline,416.0HP 4.0L 8 Cylinder Engine Gasoline Fuel,A/T,Black,Black,None reported,Yes,133000,4.0,416.0,0,,
Honda,Civic Sport,2022,25420,Gasoline,158.0HP 2.0L 4 Cylinder Engine Gasoline Fuel,CVT Transmission,Red,Gray,None reported,Yes,24500,2.0,158.0,0,,
BMW,M3 Base,2011,129999,Gasoline,414.0HP 4.0L 8 Cylinder Engine Gasoline Fuel,6-Speed M/T,White,Black,None reported,Yes,29999,4.0,414.0,0,,
BMW,M3 Base,2008,41048,Gasoline,414.0HP 4.0L 8 Cylinder Engine Gasoline Fuel,Transmission w/Dual Shift Mode,Gray,Beige,None reported,Yes,38490,4.0,414.0,0,,
Nissan,Cube 1.8 S,2010,72500,Gasoline,122.0HP 1.8L 4 Cylinder Engine Gasoline Fuel,6-Speed M/T,Brown,Black,None reported,Yes,6750,1.8,122.0,0,,
RAM,ProMaster 3500 Tradesman,2014,143390,Gasoline,280.0HP 3.6L V6 Cylinder Engine Gasoline Fuel,6-Speed A/T,White,–,None reported,Yes,13000,3.6,280.0,0,6,
Acura,RDX Base,2018,68425,Gasoline,279.0HP 3.5L V6 Cylinder Engine Gasoline Fuel,6-Speed A/T,Gray,–,At least 1 accident or damage reported,Yes,23500,3.5,279.0,0,6,
Toyota,4Runner Limited,2018,95000,Gasoline,270.0HP 4.0L V6 Cylinder Engine Gasoline Fuel,A/T,Silver,Brown,None reported,Yes,33000,4.0,270.0,0,6,
RAM,1500 Limited,2019,29000,Gasoline,395.0HP 5.7L 8 Cylinder Engine Gasoline Fuel,8-Speed A/T,Gray,Black,At least 1 accident or damage reported,Yes,49500,5.7,395.0,0,,
Chevrolet,Corvette Base,2003,145000,Gasoline,350.0HP 5.7L 8 Cylinder Engine Gasoline Fuel,A/T,Blue,Black,None reported,Yes,22000,5.7,350.0,0,,
Land,Rover Defender 110 SE,2020,29700,Hybrid,395.0HP 3.0L Straight 6 Cylinder Engine Gasoline/Mild Electric Hybrid,8-Speed A/T,Green,Black,,Unknown,68000,3.0,395.0,0,,
Jeep,Grand Cherokee Laredo,2011,98658,Gasoline,360.0HP 5.7L 8 Cylinder Engine Gasoline Fuel,5-Speed A/T,White,Gray,None reported,Yes,14995,5.7,360.0,0,,
Volvo,S80 T6,2009,97615,Gasoline,281.0HP 3.0L Straight 6 Cylinder Engine Gasoline Fuel,6-Speed A/T,Black,Gray,None reported,Yes,10500,3.0,281.0,0,,
Porsche,Cayenne S,2014,36000,Gasoline,400.0HP 4.8L 8 Cylinder Engine Gasoline Fuel,8-Speed A/T,Black,Beige,None reported,Yes,37000,4.8,400.0,0,,
Mazda,CX-30 Select,2021,61874,Gasoline,2.5L I4 16V GDI DOHC,6-Speed Automatic,Jet Black Mica,Black,None reported,Yes,22389,2.5,,0,,16
Chrysler,Town & Country Touring,2012,74582,E85 Flex Fuel,283.0HP 3.6L V6 Cylinder Engine Flex Fuel Capability,6-Speed A/T,Black,–,None reported,Yes,8500,3.6,283.0,0,6,
INFINITI,FX37 Base,2013,51500,Gasoline,325.0HP 3.7L V6 Cylinder Engine Gasoline Fuel,A/T,Gray,Black,None reported,Yes,23900,3.7,325.0,0,6,
Toyota,FJ Cruiser Base,2007,193827,Gasoline,239.0HP 4.0L V6 Cylinder Engine Gasoline Fuel,A/T,Silver,Black,None reported,Yes,14950,4.0,239.0,0,6,
Chevrolet,Silverado 1500 LT,2019,53433,Gasoline,355.0HP 5.3L 8 Cylinder Engine Gasoline Fuel,A/T,Blue,Gray,None reported,Yes,36950,5.3,355.0,0,,
Mercedes-Benz,C-Class C 63 AMG,2012,103000,Gasoline,451.0HP 6.3L 8 Cylinder Engine Gasoline Fuel,7-Speed A/T,Silver,Black,At least 1 accident or damage reported,Yes,40000,6.3,451.0,0,,
BMW,428 Gran Coupe i xDrive,2016,59000,Gasoline,240.0HP 2.0L 4 Cylinder Engine Gasoline Fuel,Transmission w/Dual Shift Mode,Black,Brown,At least 1 accident or damage reported,Yes,20999,2.0,240.0,0,,
Lexus,GX 460 Premium,2017,82000,Gasoline,301.0HP 4.6L 8 Cylinder Engine Gasoline Fuel,A/T,Gray,Brown,None reported,Yes,32900,4.6,301.0,0,,
Porsche,Panamera Edition,2016,60000,Gasoline,310.0HP 3.6L V6 Cylinder Engine Gasoline Fuel,A/T,Gray,Black,None reported,Yes,45000,3.6,310.0,0,6,
Cadillac,Escalade ESV Platinum,2017,93971,Gasoline,420.0HP 6.2L 8 Cylinder Engine Gasoline Fuel,A/T,White,Beige,None reported,Yes,47000,6.2,420.0,0,,
Lexus,IS 350 Base,2015,62600,Gasoline,306.0HP 3.5L V6 Cylinder Engine Gasoline Fuel,Transmission w/Dual Shift Mode,Gray,Red,None reported,Yes,27500,3.5,306.0,0,6,
Mercedes-Benz,E-Class E 350 4MATIC,2014,84450,Gasoline,302.0HP 3.5L V6 Cylinder Engine Gasoline Fuel,7-Speed A/T,Gray,Beige,None reported,Yes,19000,3.5,302.0,0,6,
Audi,Q5 S line Premium,2022,18099,Hybrid,2.0 Liter TFSI,Automatic,Daytona Gray,Gray,None reported,Unknown,40798,2.0,,0,,
Mercedes-Benz,E-Class E 350 4MATIC,2014,76500,Gasoline,302.0HP 3.5L V6 Cylinder Engine Gasoline Fuel,7-Speed A/T,Silver,Black,None reported,Yes,17999,3.5,302.0,0,6,
Chevrolet,Camaro 1LT,2017,74000,Gasoline,275.0HP 2.0L 4 Cylinder Engine Gasoline Fuel,A/T,Yellow,Black,None reported,Yes,19800,2.0,275.0,0,,
RAM,1500 Laramie,2022,15607,Gasoline,5.7L V8 16V MPFI OHV,8-Speed Automatic,Billet Silver Metallic Clearcoat,Black,None reported,Unknown,45999,5.7,,0,8,16
Chevrolet,Silverado 1500 1LZ,2014,111095,E85 Flex Fuel,355.0HP 5.3L 8 Cylinder Engine Flex Fuel Capability,6-Speed A/T,White,Black,At least 1 accident or damage reported,Yes,26000,5.3,355.0,0,,
Toyota,Camry Solara SLE,2007,37216,Gasoline,210.0HP 3.3L V6 Cylinder Engine Gasoline Fuel,A/T,Red,Beige,At least 1 accident or damage reported,Yes,14995,3.3,210.0,0,6,
Jaguar,F-TYPE S,2015,25786,Gasoline,380.0HP 3.0L V6 Cylinder Engine Gasoline Fuel,8-Speed A/T,Blue,Gray,None reported,Yes,38500,3.0,380.0,0,6,
Jeep,Gladiator Sport,2021,15520,Gasoline,3.6L V6 24V MPFI DOHC,8-Speed Automatic,Sting Gray Clearcoat,Black,None reported,Yes,40459,3.6,,0,6,24
RAM,1500 Big Horn,2021,49583,Gasoline,5.7L V8 16V MPFI OHV,8-Speed Automatic,Billet Silver Metallic Clearcoat,Black,None reported,Unknown,42816,5.7,,0,8,16
Porsche,Cayenne Diesel,2015,97300,Diesel,240.0HP 3.0L V6 Cylinder Engine Diesel Fuel,8-Speed A/T,Black,Black,None reported,Yes,29995,3.0,240.0,0,6,
Chevrolet,Camaro Base,2002,89000,Gasoline,200.0HP 3.8L V6 Cylinder Engine Gasoline Fuel,A/T,Silver,Black,None reported,Yes,10400,3.8,200.0,0,6,
Porsche,Cayenne S,2015,52111,Gasoline,420.0HP 3.6L V6 Cylinder Engine Gasoline Fuel,8-Speed A/T,Black,Black,At least 1 accident or damage reported,Yes,37500,3.6,420.0,0,6,
Dodge,Challenger R/T Scat Pack,2019,75800,Gasoline,6.4 Liter,Automatic,Gray,Black,None reported,Unknown,35998,6.4,,0,,
Lexus,ES 350 Base,2010,113500,Gasoline,272.0HP 3.5L V6 Cylinder Engine Gasoline Fuel,A/T,Red,Beige,At least 1 accident or damage reported,Yes,11000,3.5,272.0,0,6,
Audi,Q3 2.0T Premium Plus,2015,155382,Gasoline,200.0HP 2.0L 4 Cylinder Engine Gasoline Fuel,A/T,Brown,Gray,At least 1 accident or damage reported,Yes,13500,2.0,200.0,0,,
Mercedes-Benz,E-Class E 550,2016,49643,Gasoline,402.0HP 4.7L 8 Cylinder Engine Gasoline Fuel,7-Speed A/T,White,Black,At least 1 accident or damage reported,Yes,33995,4.7,402.0,0,,
BMW,650 i xDrive,2015,76474,Gasoline,445.0HP 4.4L 8 Cylinder Engine Gasoline Fuel,Transmission w/Dual Shift Mode,White,Black,None reported,Yes,32000,4.4,445.0,0,,
Porsche,Cayman Base,2016,10431,Gasoline,275.0HP 2.7L Flat 6 Cylinder Engine Gasoline Fuel,7-Speed A/T,Red,Black,None reported,Yes,50999,2.7,275.0,0,,
INFINITI,FX50 Base,2009,190120,Gasoline,390.0HP 5.0L 8 Cylinder Engine Gasoline Fuel,7-Speed A/T,Gray,Black,At least 1 accident or damage reported,Yes,12500,5.0,390.0,0,,
Ford,F-150 XLT,2020,92000,Gasoline,375.0HP 3.5L V6 Cylinder Engine Gasoline Fuel,10-Speed A/T,Gray,Black,None reported,Yes,29999,3.5,375.0,0,6,
Chevrolet,Camaro 2LT,2017,24000,Gasoline,335.0HP 3.6L V6 Cylinder Engine Gasoline Fuel,6-Speed M/T,Yellow,Black,None reported,Yes,32000,3.6,335.0,0,6,
RAM,1500 Big Horn,2020,25396,Gasoline,5.7L V8 16V MPFI OHV,8-Speed Automatic,Maximum Steel Metallic,Black,None reported,Yes,43250,5.7,,0,8,16
Chevrolet,Silverado 2500 H/D,2001,167000,Gasoline,300.0HP 6.0L 8 Cylinder Engine Gasoline Fuel,4-Speed A/T,White,Gray,At least 1 accident or damage reported,Yes,6500,6.0,300.0,0,,
RAM,1500 Laramie,2022,18645,Gasoline,5.7L V8 16V MPFI OHV,Automatic,Diamond Black,Black,None reported,Yes,49700,5.7,,0,8,16
Porsche,911 Turbo,2018,28470,Gasoline,540.0HP 3.8L Flat 6 Cylinder Engine Gasoline Fuel,Transmission w/Dual Shift Mode,White,Black,At least 1 accident or damage reported,Yes,147500,3.8,540.0,0,,
Ford,Mustang V6,2016,54000,Gasoline,300.0HP 3.7L V6 Cylinder Engine Gasoline Fuel,6-Speed A/T,White,Black,None reported,Yes,23999,3.7,300.0,0,6,
Hyundai,Accent GL,2003,83000,Gasoline,104.0HP 1.6L 4 Cylinder Engine Gasoline Fuel,M/T,Blue,Gray,None reported,Yes,2900,1.6,104.0,0,,
Audi,Q5 S line Premium Plus,2022,10071,Hybrid,2.0 Liter TFSI,Automatic,Mythos Black Metallic,Black,None reported,Unknown,40598,2.0,,0,,
Ford,F-150 XLT,2021,43329,Gasoline,3.5L V6 24V PDI DOHC Twin Turbo,10-Speed Automatic,Carbonized Gray Metallic,Black,None reported,Yes,43642,3.5,,1,6,24
Lexus,RC F Base,2015,51400,Gasoline,467.0HP 5.0L 8 Cylinder Engine Gasoline Fuel,8-Speed A/T,Silver,Gray,None reported,Yes,43000,5.0,467.0,0,,
Chevrolet,Suburban 1500 LT,2015,153800,E85 Flex Fuel,355.0HP 5.3L 8 Cylinder Engine Flex Fuel Capability,6-Speed A/T,Silver,Black,At least 1 accident or damage reported,Yes,23000,5.3,355.0,0,,
Land,Rover Range Rover Sport SVR Carbon Edition,2022,9000,Gasoline,575.0HP 5.0L 8 Cylinder Engine Gasoline Fuel,A/T,Green,Gray,None reported,Yes,115000,5.0,575.0,0,,
Dodge,Viper SRT-10,2003,10800,Gasoline,500.0HP 8.3L 10 Cylinder Engine Gasoline Fuel,6-Speed M/T,Silver,Black,None reported,Yes,65499,8.3,500.0,0,,
RAM,1500 Laramie,2020,10458,Gasoline,5.7L V8 16V MPFI OHV,8-Speed Automatic,Delmonico Red Pearlcoat,Black,None reported,Yes,48815,5.7,,0,8,16
BMW,328 i,2014,84709,Gasoline,240.0HP 2.0L 4 Cylinder Engine Gasoline Fuel,8-Speed A/T,Silver,Gray,None reported,Yes,13800,2.0,240.0,0,,
Mercedes-Benz,AMG C 43 AMG C 43 4MATIC,2019,33500,Gasoline,385.0HP 3.0L V6 Cylinder Engine Gasoline Fuel,9-Speed A/T,Red,Black,None reported,Yes,45770,3.0,385.0,0,6,
BMW,M4 Base,2015,98000,Gasoline,425.0HP 3.0L Straight 6 Cylinder Engine Gasoline Fuel,Transmission w/Dual Shift Mode,Black,Orange,None reported,Yes,32999,3.0,425.0,0,,
BMW,750 i,2008,94653,Gasoline,360.0HP 4.8L 8 Cylinder Engine Gasoline Fuel,A/T,Green,Green,At least 1 accident or damage reported,Yes,7300,4.8,360.0,0,,
Ford,Expedition Limited,2023,9281,Gasoline,440.0HP 3.5L V6 Cylinder Engine Gasoline Fuel,A/T,Black,Black,None reported,Yes,85000,3.5,440.0,0,6,
Chevrolet,Traverse Premier,2023,11806,Gasoline,310.0HP 3.6L V6 Cylinder Engine Gasoline Fuel,9-Speed A/T,White,Black,None reported,Yes,47000,3.6,310.0,0,6,
Mercedes-Benz,E-Class D 2.5 Turbo,1993,70015,–,–,4-Speed A/T,Gray,Gray,None reported,Yes,22500,,,0,,
Cadillac,Escalade Platinum,2020,48613,Gasoline,420.0HP 6.2L 8 Cylinder Engine Gasoline Fuel,A/T,Black,Black,At least 1 accident or damage reported,Yes,61500,6.2,420.0,0,,
RAM,3500 Tradesman,2023,2990,Diesel,400.0HP 6.7L Straight 6 Cylinder Engine Diesel Fuel,A/T,White,Black,At least 1 accident or damage reported,Yes,69900,6.7,400.0,0,,
Audi,TT 1.8L,2005,124747,Gasoline,180.0HP 1.8L 4 Cylinder Engine Gasoline Fuel,Transmission w/Dual Shift Mode,Silver,Black,None reported,Yes,6900,1.8,180.0,0,,
RAM,1500 Big Horn,2021,24000,Hybrid,395.0HP 5.7L 8 Cylinder Engine Gasoline/Mild Electric Hybrid,A/T,Silver,Black,None reported,Yes,42000,5.7,395.0,0,,
Mazda,CX-7 Sport,2009,113000,Gasoline,244.0HP 2.3L 4 Cylinder Engine Gasoline Fuel,6-Speed A/T,Gray,Black,None reported,Yes,5499,2.3,244.0,0,,
INFINITI,QX60 Base,2017,89106,Gasoline,295.0HP 3.5L V6 Cylinder Engine Gasoline Fuel,Transmission w/Dual Shift Mode,White,Beige,None reported,Yes,18000,3.5,295.0,0,6,
Ford,F-250 Platinum,2017,22000,E85 Flex Fuel,385.0HP 6.2L 8 Cylinder Engine Flex Fuel Capability,6-Speed A/T,Beige,Black,At least 1 accident or damage reported,Yes,53000,6.2,385.0,0,,
Jeep,Compass Limited,2022,20472,Gasoline,2.4L I4 16V MPFI SOHC,9-Speed Automatic,Red,Black,None reported,Unknown,28298,2.4,,0,,16
INFINITI,QX80 SENSORY,2023,8600,Gasoline,400.0HP 5.6L 8 Cylinder Engine Gasoline Fuel,7-Speed A/T,Black,Brown,,Unknown,78990,5.6,400.0,0,,
Chevrolet,Silverado 1500 Limited LT Trail Boss,2022,4753,Gasoline,355.0HP 5.3L 8 Cylinder Engine Gasoline Fuel,10-Speed A/T,White,Black,None reported,Yes,57000,5.3,355.0,0,,
Hyundai,Genesis Coupe 2.0T,2010,65000,Gasoline,210.0HP 2.0L 4 Cylinder Engine Gasoline Fuel,A/T,Gray,Black,,Unknown,8900,2.0,210.0,0,,
Chevrolet,Camaro 1SS,2021,15000,Gasoline,455.0HP 6.2L 8 Cylinder Engine Gasoline Fuel,6-Speed M/T,Blue,Gray,None reported,Yes,43500,6.2,455.0,0,,
Chevrolet,Tahoe Base,1997,229000,Diesel,180.0HP 6.5L 8 Cylinder Engine Diesel Fuel,A/T,Green,Beige,At least 1 accident or damage reported,Yes,19500,6.5,180.0,0,,
Audi,A6 3.0 TDI Premium Plus,2014,42400,Diesel,240.0HP 3.0L V6 Cylinder Engine Diesel Fuel,8-Speed A/T,Silver,Black,None reported,Yes,26500,3.0,240.0,0,6,
Land,Rover Defender S,2023,15840,Gasoline,296.0HP 2.0L 4 Cylinder Engine Gasoline Fuel,8-Speed A/T,White,Black,None reported,Yes,69900,2.0,296.0,0,,
Porsche,Cayenne S,2016,76200,Gasoline,420.0HP 3.6L V6 Cylinder Engine Gasoline Fuel,Transmission w/Dual Shift Mode,Gray,Beige,None reported,Yes,42000,3.6,420.0,0,6,
Chevrolet,Suburban Premier,2019,105667,Gasoline,355.0HP 5.3L 8 Cylinder Engine Gasoline Fuel,6-Speed A/T,Black,Beige,None reported,Yes,39000,5.3,355.0,0,,
Chevrolet,Suburban Premier,2019,51338,Gasoline,355.0HP 5.3L 8 Cylinder Engine Gasoline Fuel,6-Speed A/T,White,Black,None reported,Yes,49900,5.3,355.0,0,,
Dodge,Dart SE,2016,76857,Gasoline,160.0HP 2.0L 4 Cylinder Engine Gasoline Fuel,M/T,Black,Black,At least 1 accident or damage reported,Yes,8100,2.0,160.0,0,,
Ford,F-250 Lariat,2019,80200,E85 Flex Fuel,385.0HP 6.2L 8 Cylinder Engine Flex Fuel Capability,A/T,White,Black,None reported,Yes,42500,6.2,385.0,0,,
Toyota,Sequoia SR5,2002,244200,Gasoline,240.0HP 4.7L 8 Cylinder Engine Gasoline Fuel,A/T,White,–,At least 1 accident or damage reported,Yes,3950,4.7,240.0,0,,
Ford,Mustang GT,2014,38560,Gasoline,420.0HP 5.0L 8 Cylinder Engine Gasoline Fuel,6-Speed M/T,Black,Black,At least 1 accident or damage reported,Yes,28500,5.0,420.0,0,,
Chevrolet,Corvette Stingray w/2LT,2020,12500,Gasoline,490.0HP 6.2L 8 Cylinder Engine Gasoline Fuel,Transmission w/Dual Shift Mode,Yellow,Black,None reported,Yes,84999,6.2,490.0,0,,
Hyundai,Genesis Coupe 3.8 Base,2016,45303,Gasoline,348.0HP 3.8L V6 Cylinder Engine Gasoline Fuel,8-Speed A/T,White,Black,None reported,Yes,20999,3.8,348.0,0,6,
Ford,Focus ST Base,2014,110000,Gasoline,252.0HP 2.0L 4 Cylinder Engine Gasoline Fuel,6-Speed M/T,Silver,Gray,None reported,Yes,9495,2.0,252.0,0,,
Cadillac,CTS Luxury,2011,66200,Gasoline,270.0HP 3.0L V6 Cylinder Engine Gasoline Fuel,6-Speed A/T,Black,Black,None reported,Yes,16499,3.0,270.0,0,6,
Subaru,Baja Base,2003,71000,Gasoline,165.0HP 2.5L 4 Cylinder Engine Gasoline Fuel,5-Speed M/T,Red,Black,None reported,Yes,14900,2.5,165.0,0,,
Toyota,Highlander XLE,2019,81301,Gasoline,3.5L V6 24V PDI DOHC,8-Speed Automatic,Black,Black,None reported,Yes,30275,3.5,,0,6,24
Chevrolet,Corvette Stingray Z51,2019,7033,Gasoline,460.0HP 6.2L 8 Cylinder Engine Gasoline Fuel,8-Speed A/T,White,Black,None reported,Yes,63900,6.2,460.0,0,,
Dodge,Durango SRT,2020,36000,Gasoline,475.0HP 6.4L 8 Cylinder Engine Gasoline Fuel,8-Speed A/T,Gray,Red,None reported,Yes,62000,6.4,475.0,0,,
Acura,TSX 2.4,2010,116000,Gasoline,201.0HP 2.4L 4 Cylinder Engine Gasoline Fuel,6-Speed M/T,Silver,Black,At least 1 accident or damage reported,Yes,9000,2.4,201.0,0,,
Chevrolet,Camaro 2SS,2018,42780,Gasoline,455.0HP 6.2L 8 Cylinder Engine Gasoline Fuel,Transmission w/Dual Shift Mode,Black,Black,At least 1 accident or damage reported,Yes,41100,6.2,455.0,0,,
BMW,640 Gran Coupe i,2014,39886,Gasoline,315.0HP 3.0L Straight 6 Cylinder Engine Gasoline Fuel,Transmission w/Dual Shift Mode,Black,Red,At least 1 accident or damage reported,Yes,26000,3.0,315.0,0,,
Audi,S5 3.0T Premium Plus,2014,151400,Gasoline,333.0HP 3.0L V6 Cylinder Engine Gasoline Fuel,Transmission w/Dual Shift Mode,Gray,Black,None reported,Yes,15400,3.0,333.0,0,6,
Alfa,Romeo Giulia Base,2017,48000,Gasoline,280.0HP 2.0L 4 Cylinder Engine Gasoline Fuel,A/T,Red,Black,None reported,Yes,20500,2.0,280.0,0,,
Toyota,Highlander XLE,2023,8727,Gasoline,2.4L I4 16V PDI DOHC Turbo,8-Speed Automatic,Ruby Flare Pearl,Black,None reported,Unknown,44596,2.4,,1,,16
Rolls-Royce,Ghost Base,2011,79000,Gasoline,563.0HP 6.6L 12 Cylinder Engine Gasoline Fuel,8-Speed A/T,Black,White,At least 1 accident or damage reported,Yes,80300,6.6,563.0,0,,
Dodge,Challenger R/T,2020,54000,Gasoline,372.0HP 5.7L 8 Cylinder Engine Gasoline Fuel,8-Speed A/T,Gray,Black,None reported,Yes,34000,5.7,372.0,0,,
Porsche,Cayenne Base,2016,110000,Gasoline,300.0HP 3.6L V6 Cylinder Engine Gasoline Fuel,A/T,White,White,At least 1 accident or damage reported,Yes,25900,3.6,300.0,0,6,
Chevrolet,Bolt EV LT,2020,49688,,200.0HP Electric Motor Electric Fuel System,A/T,Blue,Gray,None reported,Yes,24900,,200.0,0,,
Mercedes-Benz,Metris Base,2020,14000,Gasoline,208.0HP 2.0L 4 Cylinder Engine Gasoline Fuel,7-Speed A/T,Black,Beige,None reported,Yes,48000,2.0,208.0,0,,
Dodge,Charger SRT Hellcat Widebody,2023,5000,Gasoline,717.0HP 6.2L 8 Cylinder Engine Gasoline Fuel,Transmission w/Dual Shift Mode,Gray,Black,None reported,Yes,110000,6.2,717.0,0,,
Chevrolet,Silverado 1500 ZR2,2022,11597,Gasoline,6.2L V8 16V GDI OHV,Automatic,Silver Ice Metallic,Jet Black,None reported,Unknown,68590,6.2,,0,8,16
Mercedes-Benz,AMG S 63 Base 4MATIC,2017,86101,Gasoline,577.0HP 5.5L 8 Cylinder Engine Gasoline Fuel,A/T,Gray,Red,At least 1 accident or damage reported,Yes,72777,5.5,577.0,0,,
Chevrolet,Silverado 1500 LT,2017,58816,Gasoline,5.3L V8 16V GDI OHV,6-Speed Electronically Controlled Automatic with O,Black,Jet Black,None reported,Unknown,36590,5.3,,0,8,16
Lexus,RC 350 Base,2016,77856,Gasoline,3.5L V6 24V PDI DOHC,6-Speed Automatic,Atomic Silver,Black,None reported,Yes,30919,3.5,,0,6,24
Lamborghini,Urus Base,2021,20069,Gasoline,4.0L V8 32V GDI DOHC Twin Turbo,8-Speed Automatic,Rosso Mars Metallic,Nero Ade,None reported,Unknown,229900,4.0,,1,8,32
GMC,Acadia SLE-1,2015,115282,Gasoline,3.6L V6 24V GDI DOHC,6-Speed Automatic,Crimson Red Tintcoat,Ebony,At least 1 accident or damage reported,Yes,12433,3.6,,0,6,24
Porsche,911 GT3,2016,30700,Gasoline,475.0HP 3.8L Flat 6 Cylinder Engine Gasoline Fuel,7-Speed A/T,White,Black,None reported,Yes,138999,3.8,475.0,0,,
MINI,Cooper Base,2003,103726,Gasoline,115.0HP 1.6L 4 Cylinder Engine Gasoline Fuel,5-Speed M/T,Red,Gray,At least 1 accident or damage reported,Yes,5995,1.6,115.0,0,,
Mazda,MX-5 Miata Sport,2008,39800,Gasoline,158.0HP 2.0L 4 Cylinder Engine Gasoline Fuel,Transmission w/Dual Shift Mode,Blue,Black,None reported,Yes,13250,2.0,158.0,0,,
Toyota,4Runner TRD Off Road,2019,79500,Gasoline,270.0HP 4.0L V6 Cylinder Engine Gasoline Fuel,A/T,White,Black,None reported,Yes,33333,4.0,270.0,0,6,
Toyota,Highlander Limited,2008,165520,Gasoline,270.0HP 3.5L V6 Cylinder Engine Gasoline Fuel,A/T,Gray,Gray,At least 1 accident or damage reported,Yes,9000,3.5,270.0,0,6,
BMW,650 Gran Coupe i,2014,92000,Gasoline,445.0HP 4.4L 8 Cylinder Engine Gasoline Fuel,Transmission w/Dual Shift Mode,Black,Black,At least 1 accident or damage reported,Yes,24000,4.4,445.0,0,,
Hyundai,Palisade Calligraphy,2023,1500,Gasoline,291.0HP 3.8L V6 Cylinder Engine Gasoline Fuel,Transmission w/Dual Shift Mode,Green,Black,None reported,Yes,55000,3.8,291.0,0,6,
Pontiac,Solstice GXP,2008,38100,Gasoline,260.0HP 2.0L 4 Cylinder Engine Gasoline Fuel,5-Speed M/T,Orange,Black,None reported,Yes,19950,2.0,260.0,0,,
Land,Rover Range Rover Evoque SE Premium,2018,42125,Gasoline,237.0HP 2.0L 4 Cylinder Engine Gasoline Fuel,Transmission w/Dual Shift Mode,White,Black,None reported,Yes,38999,2.0,237.0,0,,
Porsche,Cayenne Diesel,2014,86818,Diesel,240.0HP 3.0L V6 Cylinder Engine Diesel Fuel,Transmission w/Dual Shift Mode,Silver,Black,None reported,Yes,33500,3.0,240.0,0,6,
BMW,M3 Competition xDrive,2023,3490,Gasoline,503.0HP 3.0L Straight 6 Cylinder Engine Gasoline Fuel,8-Speed A/T,Gray,Black,None reported,Yes,95580,3.0,503.0,0,,
Toyota,Avalon Limited,2008,111300,Gasoline,268.0HP 3.5L V6 Cylinder Engine Gasoline Fuel,Transmission w/Dual Shift Mode,Gold,Beige,None reported,Yes,7900,3.5,268.0,0,6,
BMW,M3 Base,2011,98200,Gasoline,414.0HP 4.0L 8 Cylinder Engine Gasoline Fuel,7-Speed A/T,White,Black,None reported,Yes,27000,4.0,414.0,0,,
Porsche,Panamera Base,2018,42500,Gasoline,330.0HP 3.0L V6 Cylinder Engine Gasoline Fuel,8-Speed A/T,Black,Beige,At least 1 accident or damage reported,Yes,53999,3.0,330.0,0,6,
Jeep,Wrangler Sport,2001,171000,Gasoline,181.0HP 4.0L Straight 6 Cylinder Engine Gasoline Fuel,5-Speed M/T,White,Black,At least 1 accident or damage reported,Yes,15000,4.0,181.0,0,,
Honda,Passport TrailSport,2023,11649,Gasoline,280.0HP 3.5L V6 Cylinder Engine Gasoline Fuel,9-Speed A/T,Black,Black,,Unknown,39999,3.5,280.0,0,6,
Mercedes-Benz,SL-Class SL 550,2013,24933,Gasoline,429.0HP 4.6L 8 Cylinder Engine Gasoline Fuel,Transmission w/Dual Shift Mode,Silver,Red,At least 1 accident or damage reported,Yes,40250,4.6,429.0,0,,
Audi,RS 4 Base,2007,99769,Gasoline,420.0HP 4.2L 8 Cylinder Engine Gasoline Fuel,6-Speed M/T,Gray,White,None reported,Yes,29995,4.2,420.0,0,,
Toyota,Avalon Limited,2022,16156,Gasoline,3.5L V6 24V PDI DOHC,8-Speed Automatic,Blueprint,Graphite,None reported,Unknown,39390,3.5,,0,6,24
Mercedes-Benz,E-Class E 350 4MATIC,2008,67250,Gasoline,268.0HP 3.5L V6 Cylinder Engine Gasoline Fuel,A/T,White,Beige,None reported,Yes,11900,3.5,268.0,0,6,
GMC,Yukon Denali,2021,30022,Gasoline,420.0HP 6.2L 8 Cylinder Engine Gasoline Fuel,A/T,Blue,Black,At least 1 accident or damage reported,Yes,74500,6.2,420.0,0,,
Porsche,Panamera 4S,2017,42596,Gasoline,440.0HP 2.9L V6 Cylinder Engine Gasoline Fuel,Transmission w/Dual Shift Mode,Black,Black,None reported,Yes,78000,2.9,440.0,0,6,
Ford,Explorer XLT,2021,33705,Gasoline,2.3L I4 16V GDI DOHC Turbo,10-Speed Automatic,White,Light Slate,At least 1 accident or damage reported,Yes,36995,2.3,,1,,16
Land,Rover LR4 HSE LUX Landmark Edition,2016,63300,Gasoline,340.0HP 3.0L V6 Cylinder Engine Gasoline Fuel,8-Speed A/T,White,Brown,None reported,Yes,31000,3.0,340.0,0,6,
Acura,TLX Type S w/Performance Tire,2023,4700,Gasoline,355.0HP 3.0L V6 Cylinder Engine Gasoline Fuel,10-Speed A/T,Red,Black,None reported,Yes,52000,3.0,355.0,0,6,
Toyota,Tacoma Base,2020,27256,Gasoline,3.5 Liter,6 Speed At/Mt,Midnight Black Metallic,Black/Gun Metal,None reported,Unknown,42998,3.5,,0,,
Hummer,H3 Base,2010,107481,Gasoline,239.0HP 3.7L 5 Cylinder Engine Gasoline Fuel,A/T,White,Black,None reported,Yes,13500,3.7,239.0,0,,
Tesla,Model 3 Long Range,2018,61700,,271.0HP Electric Motor Electric Fuel System,A/T,White,Black,None reported,Yes,25900,,271.0,0,,
Volvo,850 Turbo,1995,94000,–,–,A/T,White,Black,None reported,Yes,4500,,,0,,
Jeep,Wrangler Unlimited Sahara,2017,128000,Gasoline,285.0HP 3.6L V6 Cylinder Engine Gasoline Fuel,5-Speed A/T,Gray,Black,None reported,Yes,26800,3.6,285.0,0,6,
Chevrolet,Camaro 2SS,2018,26000,Gasoline,455.0HP 6.2L 8 Cylinder Engine Gasoline Fuel,8-Speed A/T,White,Black,None reported,Yes,39000,6.2,455.0,0,,
Audi,S6 4.0T,2015,74000,Gasoline,420.0HP 4.0L 8 Cylinder Engine Gasoline Fuel,7-Speed A/T,Blue,Gray,None reported,Yes,29950,4.0,420.0,0,,
Audi,TT RS Base,2012,54900,Gasoline,360.0HP 2.5L 5 Cylinder Engine Gasoline Fuel,6-Speed M/T,White,Brown,,Unknown,28900,2.5,360.0,0,,
INFINITI,QX56 Base,2012,141775,Gasoline,400.0HP 5.6L 8 Cylinder Engine Gasoline Fuel,Transmission w/Dual Shift Mode,White,Beige,None reported,Yes,11500,5.6,400.0,0,,
Volkswagen,New Beetle GLS,2001,63250,Gasoline,115.0HP 2.0L 4 Cylinder Engine Gasoline Fuel,4-Speed A/T,Yellow,Yellow,None reported,Yes,12000,2.0,115.0,0,,
Audi,Q5 S line Premium Plus,2022,13895,Hybrid,2.0 Liter TFSI,Automatic,Daytona Gray,Black,None reported,Unknown,44998,2.0,,0,,
Lamborghini,Aventador LP750-4 Superveloce,2017,10654,Gasoline,"6.5L V-12 DOHC, variable valve control, premium unleaded, engine",Automatic,Balloon White,Nero Ade,None reported,Unknown,449991,6.5,,0,,
Ford,F-250 XL,2014,35900,E85 Flex Fuel,385.0HP 6.2L 8 Cylinder Engine Flex Fuel Capability,Transmission w/Dual Shift Mode,Blue,Gray,At least 1 accident or damage reported,Yes,27900,6.2,385.0,0,,
GMC,Yukon XL Denali,2022,48306,Gasoline,6.2L V8 16V GDI OHV,10-Speed Automatic,Summit White,Jet Black,At least 1 accident or damage reported,Yes,71999,6.2,,0,8,16
Audi,A4 2.0T Premium,2012,125000,Gasoline,211.0HP 2.0L 4 Cylinder Engine Gasoline Fuel,8-Speed A/T,Black,Black,None reported,Yes,10500,2.0,211.0,0,,
Dodge,Challenger SRT 392,2016,37700,–,–,8-Speed A/T,Black,Black,At least 1 accident or damage reported,Yes,38000,,,0,,
Tesla,Model S P100D,2017,103000,,Electric Motor Electric Fuel System,1-Speed A/T,Black,White,None reported,Yes,36000,,,0,,
Mazda,CX-30 Premium Package,2021,45303,Gasoline,2.5L I4 16V GDI DOHC,6-Speed Automatic,Snowflake White Pearl,White / Brown,None reported,Unknown,25382,2.5,,0,,16
Lexus,ES 350 Base,2016,53900,Gasoline,268.0HP 3.5L V6 Cylinder Engine Gasoline Fuel,A/T,Red,Beige,None reported,Yes,27500,3.5,268.0,0,6,
Jeep,Wrangler Sahara,2008,54000,Gasoline,202.0HP 3.8L V6 Cylinder Engine Gasoline Fuel,A/T,Green,Gray,None reported,Yes,20000,3.8,202.0,0,6,
Chevrolet,Avalanche 1500 LTZ,2007,129000,Gasoline,366.0HP 6.0L 8 Cylinder Engine Gasoline Fuel,A/T,White,Beige,None reported,Yes,17950,6.0,366.0,0,,
Jeep,Grand Cherokee L Laredo,2022,10232,Gasoline,3.6L V6 24V MPFI DOHC,Automatic,Diamond Black,Global Black,None reported,Yes,44646,3.6,,0,6,24
Acura,MDX w/Advance Package,2023,3708,Gasoline,3.5 Liter SOHC,Automatic,White,Espresso,None reported,Unknown,58998,3.5,,0,,
Nissan,Pathfinder SL,2018,167000,Gasoline,284.0HP 3.5L V6 Cylinder Engine Gasoline Fuel,A/T,Black,Beige,,Unknown,14500,3.5,284.0,0,6,
Tesla,Model X Long Range,2019,37000,,518.0HP Electric Motor Electric Fuel System,1-Speed A/T,Gray,Black,None reported,Yes,58000,,518.0,0,,
Subaru,Impreza Premium,2022,10419,Gasoline,"2L H-4 gasoline direct injection, DOHC, variable valve control,",Variable,Crystal White Pearl,Black,At least 1 accident or damage reported,Unknown,24998,2.0,,0,,
Audi,A8 4.0T,2014,96238,Gasoline,420.0HP 4.0L 8 Cylinder Engine Gasoline Fuel,Transmission w/Dual Shift Mode,Black,Black,At least 1 accident or damage reported,Yes,22500,4.0,420.0,0,,
Subaru,Ascent Limited 7-Passenger,2022,12700,Gasoline,260.0HP 2.4L 4 Cylinder Engine Gasoline Fuel,CVT Transmission,White,Beige,None reported,Yes,38500,2.4,260.0,0,,
Chevrolet,Avalanche 1500 LT,2007,244000,E85 Flex Fuel,320.0HP 5.3L 8 Cylinder Engine Flex Fuel Capability,A/T,Gray,Gray,None reported,Yes,16900,5.3,320.0,0,,
Porsche,Cayenne S,2015,124000,Gasoline,420.0HP 3.6L V6 Cylinder Engine Gasoline Fuel,8-Speed A/T,White,Beige,None reported,Yes,25000,3.6,420.0,0,6,
BMW,335 i,2009,123000,Gasoline,300.0HP 3.0L Straight 6 Cylinder Engine Gasoline Fuel,A/T,Purple,Black,None reported,Yes,15000,3.0,300.0,0,,
GMC,Sierra 1500 Limited Elevation,2022,24900,Gasoline,310.0HP 2.7L 4 Cylinder Engine Gasoline Fuel,8-Speed A/T,Black,Black,None reported,Yes,49900,2.7,310.0,0,,
Ford,Explorer Sport,2016,95500,Gasoline,365.0HP 3.5L V6 Cylinder Engine Gasoline Fuel,Transmission w/Dual Shift Mode,Black,Black,None reported,Yes,20000,3.5,365.0,0,6,
Cadillac,Escalade ESV Sport,2021,4283,Gasoline,6.2L V8 16V GDI OHV,10-Speed Automatic,Black,Brandy,None reported,Yes,479995,6.2,,0,8,16
Lexus,LX 570 Three-Row,2021,48300,Gasoline,383.0HP 5.7L 8 Cylinder Engine Gasoline Fuel,A/T,White,Red,None reported,Yes,82000,5.7,383.0,0,,
BMW,M3 Base,2008,94000,Gasoline,414.0HP 4.0L 8 Cylinder Engine Gasoline Fuel,6-Speed M/T,Gray,Red,None reported,Yes,25999,4.0,414.0,0,,
Nissan,Xterra Pro-4X,2011,183000,Gasoline,261.0HP 4.0L V6 Cylinder Engine Gasoline Fuel,A/T,Black,Gray,At least 1 accident or damage reported,Yes,12000,4.0,261.0,0,6,
Ford,Fusion Hybrid SE Hybrid,2013,126225,Hybrid,188.0HP 2.0L 4 Cylinder Engine Gas/Electric Hybrid,CVT Transmission,Silver,Black,At least 1 accident or damage reported,Yes,11500,2.0,188.0,0,,
Volkswagen,Golf GTI 2.0T SE 4-Door,2016,87892,Gasoline,210.0HP 2.0L 4 Cylinder Engine Gasoline Fuel,6-Speed M/T,Gray,Black,None reported,Yes,16000,2.0,210.0,0,,
Cadillac,CTS-V Base,2012,45000,Gasoline,556.0HP 6.2L 8 Cylinder Engine Gasoline Fuel,6-Speed A/T,Red,Black,None reported,Yes,41500,6.2,556.0,0,,
Aston,Martin Vantage Base,2022,1023,Gasoline,503.0HP 4.0L 8 Cylinder Engine Gasoline Fuel,8-Speed A/T,Blue,Brown,None reported,Yes,156900,4.0,503.0,0,,
Lexus,GX 460 Base,2015,106000,Gasoline,301.0HP 4.6L 8 Cylinder Engine Gasoline Fuel,A/T,Black,Beige,None reported,Yes,37500,4.6,301.0,0,,
GMC,Acadia SLT-1,2019,51300,Gasoline,193.0HP 2.5L 4 Cylinder Engine Gasoline Fuel,6-Speed A/T,Black,Black,At least 1 accident or damage reported,Yes,25500,2.5,193.0,0,,
Ford,Bronco Sport Big Bend,2021,30176,Gasoline,1.5L I3 12V PDI DOHC Turbo,8-Speed Automatic,Black,Medium Dark Slate,None reported,Yes,28979,1.5,,1,,12
Nissan,Titan SV,2021,27598,Gasoline,5.6L V8 32V GDI DOHC,9-Speed Automatic,Black,Black,None reported,Unknown,39884,5.6,,0,8,32
Volkswagen,Jetta SportWagen SE,2012,107000,Gasoline,170.0HP 2.5L 5 Cylinder Engine Gasoline Fuel,A/T,Black,Beige,None reported,Yes,9499,2.5,170.0,0,,
Land,Rover Range Rover 5.0L V8 Supercharged,2019,17500,Gasoline,518.0HP 5.0L 8 Cylinder Engine Gasoline Fuel,8-Speed A/T,Black,Black,None reported,Yes,65000,5.0,518.0,0,,
RAM,2500 Laramie,2017,117878,Diesel,350.0HP 6.7L Straight 6 Cylinder Engine Diesel Fuel,Transmission w/Dual Shift Mode,Red,Black,None reported,Yes,42000,6.7,350.0,0,,
Nissan,Murano SL,2010,138700,Gasoline,265.0HP 3.5L V6 Cylinder Engine Gasoline Fuel,CVT Transmission,Gray,Black,At least 1 accident or damage reported,Yes,7000,3.5,265.0,0,6,
Cadillac,Escalade ESV Base,2009,152068,E85 Flex Fuel,403.0HP 6.2L 8 Cylinder Engine Flex Fuel Capability,6-Speed A/T,White,Black,At least 1 accident or damage reported,Yes,12350,6.2,403.0,0,,
BMW,428 i xDrive SULEV,2016,77000,Gasoline,240.0HP 2.0L 4 Cylinder Engine Gasoline Fuel,Transmission w/Dual Shift Mode,White,Red,At least 1 accident or damage reported,Yes,26999,2.0,240.0,0,,
Ford,Focus RS Base,2017,26000,Gasoline,350.0HP 2.3L 4 Cylinder Engine Gasoline Fuel,6-Speed M/T,Gray,Black,None reported,Yes,37000,2.3,350.0,0,,
Lexus,CT 200h Premium,2014,131200,Hybrid,134.0HP 1.8L 4 Cylinder Engine Gas/Electric Hybrid,A/T,Brown,Brown,None reported,Yes,14000,1.8,134.0,0,,
Buick,Enclave Leather,2017,83280,Gasoline,3.6L V6 24V GDI DOHC,6-Speed Automatic,Quicksilver Metallic,Ebony,None reported,Unknown,20599,3.6,,0,6,24
BMW,M3 Base,2015,59000,Gasoline,425.0HP 3.0L Straight 6 Cylinder Engine Gasoline Fuel,6-Speed M/T,Gray,Black,None reported,Yes,53500,3.0,425.0,0,,
Volkswagen,Arteon 2.0T SEL R-Line,2020,15500,Gasoline,268.0HP 2.0L 4 Cylinder Engine Gasoline Fuel,8-Speed A/T,Silver,Black,None reported,Yes,30000,2.0,268.0,0,,
BMW,X6 xDrive35i,2013,90000,Gasoline,300.0HP 3.0L Straight 6 Cylinder Engine Gasoline Fuel,8-Speed A/T,White,Red,None reported,Yes,19950,3.0,300.0,0,,
INFINITI,G35 Base,2006,94000,Gasoline,280.0HP 3.5L V6 Cylinder Engine Gasoline Fuel,Transmission w/Dual Shift Mode,White,Gray,At least 1 accident or damage reported,Yes,10995,3.5,280.0,0,6,
Hummer,H2 Base,2008,63750,Gasoline,393.0HP 6.2L 8 Cylinder Engine Gasoline Fuel,6-Speed A/T,White,Black,At least 1 accident or damage reported,Yes,55000,6.2,393.0,0,,
Mercedes-Benz,C-Class C 300 4MATIC Luxury,2011,95500,Gasoline,228.0HP 3.0L V6 Cylinder Engine Gasoline Fuel,A/T,Black,Beige,At least 1 accident or damage reported,Yes,15990,3.0,228.0,0,6,
Acura,ILX Premium Package,2019,37900,Gasoline,201.0HP 2.4L 4 Cylinder Engine Gasoline Fuel,A/T,White,Black,None reported,Yes,26000,2.4,201.0,0,,
Porsche,911 GT3,2015,13250,Gasoline,475.0HP 3.8L Flat 6 Cylinder Engine Gasoline Fuel,7-Speed A/T,Brown,Gray,None reported,Yes,154900,3.8,475.0,0,,
RAM,1500 Longhorn,2019,76249,Gasoline,5.7L V8 16V MPFI OHV,8-Speed Automatic,Diamond Black,Mountain Brown,At least 1 accident or damage reported,Unknown,40995,5.7,,0,8,16
BMW,M3 Base,2001,81000,Gasoline,333.0HP 3.2L Straight 6 Cylinder Engine Gasoline Fuel,6-Speed M/T,Blue,Gray,None reported,Yes,39000,3.2,333.0,0,,
Chevrolet,Suburban LT,2022,37806,Gasoline,355.0HP 5.3L 8 Cylinder Engine Gasoline Fuel,10-Speed A/T,Black,Black,None reported,Yes,60894,5.3,355.0,0,,
Dodge,Ram 2500 ST,2010,151544,Gasoline,355.0HP 5.7L 8 Cylinder Engine Gasoline Fuel,5-Speed A/T,Brown,Gray,At least 1 accident or damage reported,Yes,17700,5.7,355.0,0,,
Chevrolet,Camaro 2SS,2012,60345,Gasoline,400.0HP 6.2L 8 Cylinder Engine Gasoline Fuel,6-Speed A/T,Yellow,Black,None reported,Yes,26950,6.2,400.0,0,,
Dodge,Challenger SE,2010,90305,Gasoline,250.0HP 3.5L V6 Cylinder Engine Gasoline Fuel,A/T,Gray,Black,None reported,Yes,12000,3.5,250.0,0,6,
Jeep,Grand Cherokee L Limited,2022,13275,Gasoline,3.6L V6 24V MPFI DOHC,8-Speed Automatic,Velvet Red Pearlcoat,Global Black,None reported,Unknown,42599,3.6,,0,6,24
Chevrolet,Camaro 2SS,2018,8660,Gasoline,455.0HP 6.2L 8 Cylinder Engine Gasoline Fuel,8-Speed A/T,White,Black,None reported,Yes,45000,6.2,455.0,0,,
Ford,F-350 Lariat,2021,28220,Diesel,475.0HP 6.7L 8 Cylinder Engine Diesel Fuel,10-Speed A/T,Silver,Black,None reported,Yes,73600,6.7,475.0,0,,
Ford,F-250 King Ranch,2015,97700,Diesel,440.0HP 6.7L 8 Cylinder Engine Diesel Fuel,6-Speed A/T,Black,–,None reported,Yes,39950,6.7,440.0,0,,
Chevrolet,Corvette Stingray w/3LT,2023,4200,Gasoline,490.0HP 6.2L 8 Cylinder Engine Gasoline Fuel,A/T,White,Black,None reported,Yes,98000,6.2,490.0,0,,
Bentley,Continental GT V8 First Edition,2020,27404,Gasoline,"4L V-8 gasoline direct injection, DOHC, variable valve control,",Automatic,Dark Sapphire,Linen,None reported,Unknown,199991,4.0,,0,,
Lincoln,MKC Reserve,2016,100000,Gasoline,240.0HP 2.0L 4 Cylinder Engine Gasoline Fuel,Transmission w/Dual Shift Mode,White,White,None reported,Yes,24000,2.0,240.0,0,,
Ford,Excursion Limited,2001,333361,Diesel,250.0HP 7.3L 8 Cylinder Engine Diesel Fuel,A/T,Black,Beige,At least 1 accident or damage reported,Yes,17000,7.3,250.0,0,,
Land,Rover Discovery SE,2018,63295,Gasoline,340.0HP 3.0L V6 Cylinder Engine Gasoline Fuel,8-Speed A/T,Blue,White,None reported,Yes,29993,3.0,340.0,0,6,
Land,Rover Defender V8,2022,3000,Gasoline,518.0HP 5.0L 8 Cylinder Engine Gasoline Fuel,8-Speed A/T,Black,Black,None reported,Yes,96500,5.0,518.0,0,,
Chevrolet,Silverado 1500 2LT,2014,102604,E85 Flex Fuel,355.0HP 5.3L 8 Cylinder Engine Flex Fuel Capability,6-Speed A/T,Gray,Gray,None reported,Yes,25500,5.3,355.0,0,,
Mercedes-Benz,AMG G 63 Base,2017,39800,Gasoline,563.0HP 5.5L 8 Cylinder Engine Gasoline Fuel,7-Speed A/T,White,Red,None reported,Yes,99000,5.5,563.0,0,,
Ford,F-250 XLT,2019,124000,E85 Flex Fuel,385.0HP 6.2L 8 Cylinder Engine Flex Fuel Capability,6-Speed A/T,White,Gray,None reported,Yes,40100,6.2,385.0,0,,
Tesla,Model 3 Base,2022,12080,,271.0HP Electric Motor Electric Fuel System,A/T,Black,Black,None reported,Yes,36750,,271.0,0,,
Lexus,LX 570 Three-Row,2018,39300,Gasoline,383.0HP 5.7L 8 Cylinder Engine Gasoline Fuel,Transmission w/Dual Shift Mode,Black,Black,None reported,Yes,69500,5.7,383.0,0,,
INFINITI,QX60 Luxe,2019,51000,Gasoline,295.0HP 3.5L V6 Cylinder Engine Gasoline Fuel,CVT Transmission,Gray,–,At least 1 accident or damage reported,Yes,29000,3.5,295.0,0,6,
Rivian,R1S Adventure Package,2023,250,,835.0HP Electric Motor Electric Fuel System,1-Speed A/T,Green,Black,,Unknown,97500,,835.0,0,,
Land,Rover Range Rover Sport 3.0L Supercharged HSE,2017,67000,Gasoline,340.0HP 3.0L V6 Cylinder Engine Gasoline Fuel,8-Speed A/T,Gray,Beige,None reported,Yes,35999,3.0,340.0,0,6,
INFINITI,QX60 Base,2014,95400,Gasoline,265.0HP 3.5L V6 Cylinder Engine Gasoline Fuel,A/T,White,Beige,,Unknown,14195,3.5,265.0,0,6,
Hyundai,Sonata GLS,2013,136991,Gasoline,198.0HP 2.4L 4 Cylinder Engine Gasoline Fuel,6-Speed A/T,Gray,Gray,None reported,Yes,11000,2.4,198.0,0,,
Toyota,Tundra Limited,2022,3959,Gasoline,389.0HP 3.4L V6 Cylinder Engine Gasoline Fuel,10-Speed A/T,Blue,Gray,None reported,Yes,55000,3.4,389.0,0,6,
Jeep,Grand Cherokee Limited,2020,47500,Gasoline,293.0HP 3.6L V6 Cylinder Engine Gasoline Fuel,A/T,Purple,Black,None reported,Yes,31000,3.6,293.0,0,6,
Ford,F-350 Lariat Crew Cab Super Duty DRW,2005,176691,Diesel,325.0HP 6.0L 8 Cylinder Engine Diesel Fuel,A/T,White,Beige,At least 1 accident or damage reported,Yes,13000,6.0,325.0,0,,
Tesla,Model 3 Performance,2021,33000,,455.0HP Electric Motor Electric Fuel System,1-Speed A/T,Red,White,None reported,Yes,55000,,455.0,0,,
Mercedes-Benz,CLS-Class CLS 550,2014,34600,Gasoline,402.0HP 4.7L 8 Cylinder Engine Gasoline Fuel,Transmission w/Dual Shift Mode,Black,Black,None reported,Yes,27500,4.7,402.0,0,,
RAM,2500 SLT,2014,84500,Gasoline,410.0HP 6.4L 8 Cylinder Engine Gasoline Fuel,A/T,Black,Gray,None reported,Yes,34000,6.4,410.0,0,,
Kia,Sorento Hybrid EX,2022,36100,Hybrid,227.0HP 1.6L 4 Cylinder Engine Gas/Electric Hybrid,6-Speed A/T,Black,White,None reported,Yes,37500,1.6,227.0,0,,
Hyundai,Genesis 3.8,2015,92225,Gasoline,311.0HP 3.8L V6 Cylinder Engine Gasoline Fuel,A/T,Black,Black,At least 1 accident or damage reported,Yes,17000,3.8,311.0,0,6,
Jeep,Compass Latitude,2020,17500,Gasoline,180.0HP 2.4L 4 Cylinder Engine Gasoline Fuel,9-Speed A/T,Silver,Black,None reported,Yes,25695,2.4,180.0,0,,
Ford,Fusion SE,2011,114323,Gasoline,175.0HP 2.5L 4 Cylinder Engine Gasoline Fuel,6-Speed A/T,Black,Black,None reported,Yes,6000,2.5,175.0,0,,
Toyota,FJ Cruiser Base,2014,92000,Gasoline,260.0HP 4.0L V6 Cylinder Engine Gasoline Fuel,A/T,Beige,Black,None reported,Yes,27500,4.0,260.0,0,6,
BMW,430 Gran Coupe i xDrive,2018,29025,Gasoline,2.0 Liter DOHC T/C,Automatic,Carbon Black Metallic,Black,None reported,Unknown,29998,2.0,,0,,
Dodge,Durango SRT 392,2021,17000,Gasoline,475.0HP 6.4L 8 Cylinder Engine Gasoline Fuel,Transmission w/Dual Shift Mode,Blue,Black,None reported,Yes,65000,6.4,475.0,0,,
Hyundai,Santa Fe GLS,2015,96476,Gasoline,290.0HP 3.3L V6 Cylinder Engine Gasoline Fuel,6-Speed A/T,White,Gray,None reported,Yes,13000,3.3,290.0,0,6,
Volkswagen,Atlas 3.6L SEL Premium,2021,36311,Gasoline,3.6L V6 24V GDI DOHC,8-Speed Automatic,Deep Black Pearl Effect,Titan Black / Quarzit,None reported,Yes,39127,3.6,,0,6,24
Land,Rover Range Rover Sport 5.0L Supercharged Dynamic,2016,56842,Gasoline,510.0HP 5.0L 8 Cylinder Engine Gasoline Fuel,Transmission w/Dual Shift Mode,Silver,Black,None reported,Yes,35000,5.0,510.0,0,,
Nissan,Murano SV,2021,23677,Gasoline,3.5L V6 24V MPFI DOHC,Automatic CVT,Sunset Drift Chromaflair,Graphite,None reported,Unknown,29510,3.5,,0,6,24
Buick,Envision Essence,2020,27340,Gasoline,2.5L I4 16V GDI DOHC,6-Speed Automatic,Summit White,Ebony,None reported,Unknown,31700,2.5,,0,,16
Chevrolet,Silverado 1500 RST,2020,26177,Gasoline,5.3L V8 16V GDI OHV,Automatic,Shadow Gray Metallic,Jet Black,,Unknown,41986,5.3,,0,8,16
Pontiac,Solstice GXP,2009,122348,Gasoline,260.0HP 2.0L 4 Cylinder Engine Gasoline Fuel,A/T,Red,Black,At least 1 accident or damage reported,Yes,10000,2.0,260.0,0,,
BMW,640 Gran Coupe i xDrive,2015,98000,Gasoline,315.0HP 3.0L Straight 6 Cylinder Engine Gasoline Fuel,Transmission w/Dual Shift Mode,Black,Beige,None reported,Yes,22500,3.0,315.0,0,,
Tesla,Model 3 Standard Range Plus,2019,32300,,Electric Motor Electric Fuel System,A/T,Black,Black,None reported,Yes,29000,,,0,,
MINI,Countryman Cooper S,2019,18997,Gasoline,189.0HP 2.0L 4 Cylinder Engine Gasoline Fuel,Transmission w/Dual Shift Mode,Red,Black,None reported,Yes,26750,2.0,189.0,0,,
Porsche,Boxster GTS,2016,40350,Gasoline,330.0HP 3.4L Flat 6 Cylinder Engine Gasoline Fuel,7-Speed A/T,Gray,Black,None reported,Yes,67995,3.4,330.0,0,,
Ford,Expedition EL King Ranch,2011,156856,E85 Flex Fuel,310.0HP 5.4L 8 Cylinder Engine Flex Fuel Capability,6-Speed A/T,Black,Brown,None reported,Yes,14300,5.4,310.0,0,,
Bentley,Continental GT GT Speed,2022,1919,Gasoline,12 Cylinder Engine,8-SPEED A/T,Granite,Porpoise,None reported,Unknown,289991,,,0,,
BMW,X5 M Base,2017,61773,Gasoline,567.0HP 4.4L 8 Cylinder Engine Gasoline Fuel,Transmission w/Dual Shift Mode,Gray,Black,None reported,Yes,46000,4.4,567.0,0,,
Ford,Mustang GT Premium,2011,74500,Gasoline,412.0HP 5.0L 8 Cylinder Engine Gasoline Fuel,6-Speed M/T,Black,Black,None reported,Yes,22000,5.0,412.0,0,,
Jeep,Compass Sport,2016,99000,Gasoline,172.0HP 2.4L 4 Cylinder Engine Gasoline Fuel,6-Speed A/T,White,Gray,At least 1 accident or damage reported,Yes,5000,2.4,172.0,0,,
INFINITI,G37 Sport,2008,63496,Gasoline,330.0HP 3.7L V6 Cylinder Engine Gasoline Fuel,6-Speed M/T,Black,Black,None reported,Yes,15000,3.7,330.0,0,6,
Ford,F-150 XLT,2022,18465,Gasoline,400.0HP 3.5L V6 Cylinder Engine Gasoline Fuel,10-Speed A/T,Black,Gray,None reported,Yes,47500,3.5,400.0,0,6,
Porsche,911 Carrera 4S,2007,42635,Gasoline,355.0HP 3.8L Flat 6 Cylinder Engine Gasoline Fuel,Transmission w/Dual Shift Mode,Blue,Blue,None reported,Yes,72995,3.8,355.0,0,,
INFINITI,G35 Base,2005,99000,Gasoline,298.0HP 3.5L V6 Cylinder Engine Gasoline Fuel,6-Speed M/T,Silver,Black,None reported,Yes,18900,3.5,298.0,0,6,
Chrysler,300C Base,2013,87500,Gasoline,292.0HP 3.6L V6 Cylinder Engine Gasoline Fuel,8-Speed A/T,White,Beige,None reported,Yes,13750,3.6,292.0,0,6,
Toyota,Camry Solara SLE,2007,138000,Gasoline,210.0HP 3.3L V6 Cylinder Engine Gasoline Fuel,5-Speed A/T,White,Beige,None reported,Yes,6800,3.3,210.0,0,6,
Lexus,IS 300 Base,2018,70891,Gasoline,260.0HP 3.5L V6 Cylinder Engine Gasoline Fuel,Transmission w/Dual Shift Mode,White,Black,None reported,Yes,28995,3.5,260.0,0,6,
Buick,Enclave Essence,2020,55403,Gasoline,310.0HP 3.6L V6 Cylinder Engine Gasoline Fuel,9-Speed A/T,Red,Gray,At least 1 accident or damage reported,Yes,29444,3.6,310.0,0,6,
BMW,M4 Competition xDrive,2022,3213,Gasoline,503.0HP 3.0L Straight 6 Cylinder Engine Gasoline Fuel,8-Speed A/T,Black,Red,None reported,Yes,89995,3.0,503.0,0,,
Pontiac,GTO Base,2005,142314,Gasoline,400.0HP 6.0L 8 Cylinder Engine Gasoline Fuel,6-Speed M/T,Red,Red,At least 1 accident or damage reported,Yes,21999,6.0,400.0,0,,
Toyota,FJ Cruiser Base,2013,53000,Gasoline,260.0HP 4.0L V6 Cylinder Engine Gasoline Fuel,A/T,Blue,Black,None reported,Yes,36740,4.0,260.0,0,6,
Hyundai,Elantra SE,2014,120250,Gasoline,145.0HP 1.8L 4 Cylinder Engine Gasoline Fuel,A/T,Blue,Gray,None reported,Yes,7500,1.8,145.0,0,,
Porsche,Macan S,2015,72329,Gasoline,340.0HP 3.0L V6 Cylinder Engine Gasoline Fuel,7-Speed A/T,Silver,Black,None reported,Yes,29500,3.0,340.0,0,6,
Hummer,H3 Base,2007,153692,Gasoline,242.0HP 3.7L 5 Cylinder Engine Gasoline Fuel,4-Speed A/T,Beige,Black,None reported,Yes,9995,3.7,242.0,0,,
Tesla,Model 3 Long Range,2021,32670,,Electric Motor Electric Fuel System,A/T,White,Black,None reported,Yes,37000,,,0,,
Ford,Transit-350 Base,2018,235000,Gasoline,275.0HP 3.7L V6 Cylinder Engine Gasoline Fuel,A/T,White,Gray,,Unknown,18000,3.7,275.0,0,6,
Rivian,R1T Launch Edition,2022,8681,,835.0HP Electric Motor Electric Fuel System,A/T,Gray,Black,None reported,Yes,82000,,835.0,0,,
Audi,S4 3.0 Prestige,2012,98400,Gasoline,333.0HP 3.0L V6 Cylinder Engine Gasoline Fuel,7-Speed A/T,White,White,None reported,Yes,18000,3.0,333.0,0,6,
Toyota,4Runner SR5 Premium,2023,1400,Gasoline,270.0HP 4.0L V6 Cylinder Engine Gasoline Fuel,A/T,White,Black,None reported,Yes,46500,4.0,270.0,0,6,
Tesla,Model 3 Mid Range,2018,32000,,271.0HP Electric Motor Electric Fuel System,A/T,Black,Black,None reported,Yes,29999,,271.0,0,,
Ford,F-250 Base,1997,92800,Gasoline,210.0HP 5.8L 8 Cylinder Engine Gasoline Fuel,4-Speed A/T,White,Gray,None reported,Yes,9000,5.8,210.0,0,,
Mercedes-Benz,G-Class G 550 4MATIC,2021,75151,Gasoline,416.0HP 4.0L 8 Cylinder Engine Gasoline Fuel,A/T,Black,Black,None reported,Yes,130000,4.0,416.0,0,,
Subaru,Legacy 2.5 GT spec.B,2008,94000,Gasoline,243.0HP 2.5L 4 Cylinder Engine Gasoline Fuel,6-Speed M/T,Gray,Blue,None reported,Yes,12500,2.5,243.0,0,,
Mercedes-Benz,E-Class E 350,2014,67350,Gasoline,302.0HP 3.5L V6 Cylinder Engine Gasoline Fuel,7-Speed A/T,Silver,–,At least 1 accident or damage reported,Yes,18700,3.5,302.0,0,6,
BMW,M3 Base,2001,66500,Gasoline,333.0HP 3.2L Straight 6 Cylinder Engine Gasoline Fuel,6-Speed M/T,Red,Black,None reported,Yes,21000,3.2,333.0,0,,
Mercedes-Benz,C-Class C 250 Sport,2014,70612,Gasoline,201.0HP 1.8L 4 Cylinder Engine Gasoline Fuel,7-Speed A/T,White,Beige,None reported,Yes,14500,1.8,201.0,0,,
Toyota,Sienna XLE Limited,2007,112630,Gasoline,266.0HP 3.5L V6 Cylinder Engine Gasoline Fuel,5-Speed A/T,Silver,Gray,At least 1 accident or damage reported,Yes,11500,3.5,266.0,0,6,
Dodge,Avenger SE,2014,124705,E85 Flex Fuel,283.0HP 3.6L V6 Cylinder Engine Flex Fuel Capability,A/T,Black,Black,None reported,Yes,6499,3.6,283.0,0,6,
BMW,M240 i,2018,61000,Gasoline,335.0HP 3.0L Straight 6 Cylinder Engine Gasoline Fuel,6-Speed M/T,Blue,Black,At least 1 accident or damage reported,Yes,34000,3.0,335.0,0,,
RAM,3500 SLT,2017,157272,Diesel,350.0HP 6.7L Straight 6 Cylinder Engine Diesel Fuel,6-Speed A/T,White,Gray,At least 1 accident or damage reported,Yes,32999,6.7,350.0,0,,
Mercedes-Benz,GL-Class GL 450 4MATIC,2015,84000,Gasoline,362.0HP 3.0L V6 Cylinder Engine Gasoline Fuel,7-Speed A/T,Blue,Gray,None reported,Yes,20399,3.0,362.0,0,6,
Jeep,Gladiator Rubicon,2020,27981,Gasoline,285.0HP 3.6L V6 Cylinder Engine Gasoline Fuel,A/T,Red,Black,None reported,Yes,47500,3.6,285.0,0,6,
Bentley,Continental GT Base,2009,18000,Gasoline,552.0HP 6.0L 12 Cylinder Engine Gasoline Fuel,A/T,Blue,Beige,None reported,Yes,63000,6.0,552.0,0,,
Tesla,Model 3 Long Range,2019,27123,,425.0HP Electric Motor Electric Fuel System,A/T,Red,Black,None reported,Yes,38200,,425.0,0,,
Chevrolet,Corvette Stingray w/2LT,2021,3053,Gasoline,490.0HP 6.2L 8 Cylinder Engine Gasoline Fuel,Transmission w/Dual Shift Mode,Silver,Gray,None reported,Yes,83900,6.2,490.0,0,,
Audi,Q5 3.0T Premium Plus,2015,60251,Gasoline,272.0HP 3.0L V6 Cylinder Engine Gasoline Fuel,A/T,Black,Black,At least 1 accident or damage reported,Yes,19000,3.0,272.0,0,6,
Mazda,MX-5 Miata Club,2021,5093,Gasoline,181.0HP 2.0L 4 Cylinder Engine Gasoline Fuel,6-Speed M/T,Gray,Black,None reported,Yes,28000,2.0,181.0,0,,
Bentley,Bentayga W12 Signature,2018,31875,Gasoline,600.0HP 6.0L 12 Cylinder Engine Gasoline Fuel,8-Speed A/T,White,Black,None reported,Yes,115785,6.0,600.0,0,,
Mercedes-Benz,S-Class S500,2005,175722,Gasoline,302.0HP 5.0L 8 Cylinder Engine Gasoline Fuel,A/T,White,Beige,None reported,Yes,7000,5.0,302.0,0,,
BMW,M6 Base,2015,17900,Gasoline,560.0HP 4.4L 8 Cylinder Engine Gasoline Fuel,Transmission w/Dual Shift Mode,Black,Black,None reported,Yes,59900,4.4,560.0,0,,
GMC,Yukon SLT,2015,142792,Gasoline,355.0HP 5.3L 8 Cylinder Engine Gasoline Fuel,6-Speed A/T,White,Brown,None reported,Yes,22999,5.3,355.0,0,,
BMW,750 iL,2001,53814,Gasoline,326.0HP 5.4L 12 Cylinder Engine Gasoline Fuel,5-Speed A/T,Gray,Gray,,Unknown,11800,5.4,326.0,0,,
Toyota,Tundra Limited,2010,89400,Gasoline,381.0HP 5.7L 8 Cylinder Engine Gasoline Fuel,A/T,White,Gray,None reported,Yes,26900,5.7,381.0,0,,
Chrysler,300C Base,2007,86000,Gasoline,340.0HP 5.7L 8 Cylinder Engine Gasoline Fuel,5-Speed A/T,Gray,Black,None reported,Yes,15000,5.7,340.0,0,,
smart,ForTwo Pure,2008,61595,Gasoline,70.0HP 1.0L 3 Cylinder Engine Gasoline Fuel,5-Speed A/T,Blue,Gray,None reported,Yes,5000,1.0,70.0,0,,
Toyota,Tundra SR,2018,74000,E85 Flex Fuel,381.0HP 5.7L 8 Cylinder Engine Flex Fuel Capability,6-Speed A/T,Beige,Black,At least 1 accident or damage reported,Yes,38000,5.7,381.0,0,,
Hummer,H2 Base,2004,130000,Gasoline,316.0HP 6.0L 8 Cylinder Engine Gasoline Fuel,4-Speed A/T,Black,Black,At least 1 accident or damage reported,Yes,16500,6.0,316.0,0,,
BMW,ALPINA B7 Base,2015,86000,Gasoline,540.0HP 4.4L 8 Cylinder Engine Gasoline Fuel,8-Speed A/T,Black,White,At least 1 accident or damage reported,Yes,29000,4.4,540.0,0,,
Land,Rover Range Rover Sport Supercharged,2008,140600,Gasoline,390.0HP 4.2L 8 Cylinder Engine Gasoline Fuel,6-Speed A/T,Red,Beige,None reported,Yes,7500,4.2,390.0,0,,
Audi,A4 2.0T Tech Premium,2018,27532,Gasoline,252.0HP 2.0L 4 Cylinder Engine Gasoline Fuel,7-Speed A/T,Gray,Black,None reported,Yes,27900,2.0,252.0,0,,
Ford,Focus SE,2017,91000,E85 Flex Fuel,160.0HP 2.0L 4 Cylinder Engine Flex Fuel Capability,6-Speed A/T,Gray,Black,None reported,Yes,12500,2.0,160.0,0,,
Mercedes-Benz,E-Class E 550 4MATIC,2014,63000,Gasoline,402.0HP 4.7L 8 Cylinder Engine Gasoline Fuel,7-Speed A/T,Silver,Black,None reported,Yes,28500,4.7,402.0,0,,
Jeep,Wrangler Unlimited 4xe Sahara,2022,10500,Plug-In Hybrid,375.0HP 2.0L 4 Cylinder Engine Plug-In Electric/Gas,8-Speed A/T,Green,Beige,None reported,Yes,49999,2.0,375.0,0,,
Mercedes-Benz,M-Class ML 350 4MATIC,2014,75073,E85 Flex Fuel,302.0HP 3.5L V6 Cylinder Engine Flex Fuel Capability,7-Speed A/T,Gray,Black,None reported,Yes,21500,3.5,302.0,0,6,
Jeep,Wrangler Sahara,2008,140000,Gasoline,202.0HP 3.8L V6 Cylinder Engine Gasoline Fuel,A/T,Silver,–,At least 1 accident or damage reported,Yes,9000,3.8,202.0,0,6,
Mercedes-Benz,A-Class A 220 4MATIC,2019,30300,Gasoline,188.0HP 2.0L 4 Cylinder Engine Gasoline Fuel,7-Speed A/T,Silver,Black,None reported,Yes,30500,2.0,188.0,0,,
Chevrolet,Malibu 1LT,2009,139000,Gasoline,169.0HP 2.4L 4 Cylinder Engine Gasoline Fuel,A/T,White,Black,None reported,Yes,4200,2.4,169.0,0,,
Hummer,H3 Base,2006,118000,Gasoline,220.0HP 3.5L 5 Cylinder Engine Gasoline Fuel,A/T,Gray,Black,None reported,Yes,17900,3.5,220.0,0,,
BMW,i8 Base,2015,51000,Plug-In Hybrid,357.0HP 1.5L 3 Cylinder Engine Plug-In Electric/Gas,Transmission w/Dual Shift Mode,Gray,Brown,None reported,Yes,53000,1.5,357.0,0,,
Cadillac,XLR Base,2009,69423,Gasoline,320.0HP 4.6L 8 Cylinder Engine Gasoline Fuel,A/T,Red,Beige,None reported,Yes,36500,4.6,320.0,0,,
Lincoln,MKZ Select,2017,52284,Gasoline,240.0HP 2.0L 4 Cylinder Engine Gasoline Fuel,6-Speed A/T,Blue,Beige,At least 1 accident or damage reported,Yes,12500,2.0,240.0,0,,
Chevrolet,Silverado 1500 W/T,2006,111228,Gasoline,195.0HP 4.3L V6 Cylinder Engine Gasoline Fuel,A/T,Blue,Gray,At least 1 accident or damage reported,Yes,4000,4.3,195.0,0,6,
Land,Rover Range Rover Sport HSE,2019,52300,Gasoline,340.0HP 3.0L V6 Cylinder Engine Gasoline Fuel,Transmission w/Dual Shift Mode,Black,Black,None reported,Yes,49900,3.0,340.0,0,6,
Nissan,Titan SL,2021,95993,Gasoline,5.6L V8 32V GDI DOHC,9-Speed Automatic,White,Black,None reported,Yes,32612,5.6,,0,8,32
Kia,Telluride SX,2022,26716,Gasoline,"LAMBDA II 3.8L V-6 gasoline direct injection, DOHC, D-CVVT varia",Automatic,Dark Moss,Black,None reported,Unknown,47541,3.8,,0,,
Chevrolet,Tahoe RST,2023,39517,Gasoline,5.3L V8 16V GDI OHV,10-Speed Automatic,Black,Jet Black,At least 1 accident or damage reported,Unknown,67190,5.3,,0,8,16
Ford,Mustang GT Premium,2019,31600,Gasoline,460.0HP 5.0L 8 Cylinder Engine Gasoline Fuel,6-Speed M/T,Blue,Gray,None reported,Yes,41000,5.0,460.0,0,,
BMW,330 i,2017,83298,Gasoline,248.0HP 2.0L 4 Cylinder Engine Gasoline Fuel,A/T,Black,Black,None reported,Yes,18300,2.0,248.0,0,,
Land,Rover Range Rover Sport 3.0L Supercharged HSE,2017,95212,Gasoline,340.0HP 3.0L V6 Cylinder Engine Gasoline Fuel,8-Speed A/T,Brown,Beige,None reported,Yes,31599,3.0,340.0,0,6,
Porsche,911 Carrera,2010,61600,Gasoline,345.0HP 3.6L Flat 6 Cylinder Engine Gasoline Fuel,7-Speed A/T,Black,Black,None reported,Yes,51750,3.6,345.0,0,,
INFINITI,QX56 Base,2011,130921,Gasoline,400.0HP 5.6L 8 Cylinder Engine Gasoline Fuel,Transmission Overdrive Switch,White,Beige,None reported,Yes,12000,5.6,400.0,0,,
RAM,2500 Tradesman,2020,41000,Gasoline,410.0HP 6.4L 8 Cylinder Engine Gasoline Fuel,8-Speed A/T,White,Gray,,Unknown,45515,6.4,410.0,0,,
BMW,840 i xDrive,2024,1500,Gasoline,335.0HP 3.0L Straight 6 Cylinder Engine Gasoline Fuel,A/T,Gray,Brown,None reported,Yes,90000,3.0,335.0,0,,
MINI,Clubman Cooper S ALL4,2017,79950,Gasoline,189.0HP 2.0L 4 Cylinder Engine Gasoline Fuel,A/T,Blue,Black,None reported,Yes,17390,2.0,189.0,0,,
Cadillac,Escalade ESV Premium Luxury Platinum,2021,31500,Gasoline,420.0HP 6.2L 8 Cylinder Engine Gasoline Fuel,A/T,White,Beige,None reported,Yes,95000,6.2,420.0,0,,
Audi,R8 5.2 V10 plus,2017,61000,Gasoline,610.0HP 5.2L 10 Cylinder Engine Gasoline Fuel,Transmission w/Dual Shift Mode,Gray,Black,None reported,Yes,140000,5.2,610.0,0,,
RAM,2500 Big Horn,2021,45867,Gasoline,6.4L V8 16V MPFI OHV,Automatic,Billet Silver Metallic Clearcoat,Diesel Gray / Black,None reported,Yes,43449,6.4,,0,8,16
Porsche,911 Carrera 4,2014,22700,Gasoline,350.0HP 3.4L Flat 6 Cylinder Engine Gasoline Fuel,7-Speed M/T,Silver,Black,At least 1 accident or damage reported,Yes,85500,3.4,350.0,0,,
Bentley,Continental GT Base,2009,43000,Gasoline,552.0HP 6.0L 12 Cylinder Engine Gasoline Fuel,A/T,Black,Black,None reported,Yes,48500,6.0,552.0,0,,
Toyota,Tundra SR5,2015,99000,Gasoline,310.0HP 4.6L 8 Cylinder Engine Gasoline Fuel,6-Speed A/T,Gray,Gray,None reported,Yes,27000,4.6,310.0,0,,
Toyota,4Runner SR5,2006,135000,Gasoline,236.0HP 4.0L V6 Cylinder Engine Gasoline Fuel,A/T,White,Gray,None reported,Yes,16900,4.0,236.0,0,6,
Cadillac,CTS 2.0L Turbo Luxury,2019,46000,Gasoline,265.0HP 2.0L 4 Cylinder Engine Gasoline Fuel,8-Speed A/T,Black,Beige,At least 1 accident or damage reported,Yes,29000,2.0,265.0,0,,
Ford,Focus SE,2014,79615,Gasoline,2.0L I4 16V GDI DOHC,6-Speed Automatic with Auto-Shift,Black,Charcoal Black,None reported,Yes,10995,2.0,,0,,16
BMW,M5 Base,2021,13250,Gasoline,4.4L V8 32V GDI DOHC Twin Turbo,8-Speed Automatic,Alpine White,Aragon Brown,None reported,Unknown,86900,4.4,,1,8,32
Land,Rover Range Rover 3.0L V6 Supercharged HSE,2019,41200,Gasoline,380.0HP 3.0L V6 Cylinder Engine Gasoline Fuel,Transmission w/Dual Shift Mode,Black,Black,None reported,Yes,60500,3.0,380.0,0,6,
Cadillac,Escalade ESV Luxury,2016,116500,Gasoline,420.0HP 6.2L 8 Cylinder Engine Gasoline Fuel,8-Speed A/T,Black,Brown,At least 1 accident or damage reported,Yes,30500,6.2,420.0,0,,
Acura,NSX Base,1993,75980,–,–,A/T,Silver,Black,None reported,Yes,90200,,,0,,
Chevrolet,Corvette Z06,2018,24059,Gasoline,650.0HP 6.2L 8 Cylinder Engine Gasoline Fuel,8-Speed A/T,Gray,Black,None reported,Yes,87150,6.2,650.0,0,,
Audi,Q5 2.0T Premium Plus,2015,118500,E85 Flex Fuel,220.0HP 2.0L 4 Cylinder Engine Flex Fuel Capability,A/T,Silver,Black,At least 1 accident or damage reported,Yes,15400,2.0,220.0,0,,
BMW,ALPINA B7 ALPINA B7 xDrive,2020,15097,Gasoline,4.4 Liter Twin Turbo,Automatic,Frozen Dark Silver Metallic,Black,None reported,Unknown,99998,4.4,,1,,
Maserati,Ghibli S Q4,2018,20000,Gasoline,424.0HP 3.0L V6 Cylinder Engine Gasoline Fuel,A/T,White,Brown,None reported,Yes,43000,3.0,424.0,0,6,
BMW,228 Gran Coupe i xDrive,2020,10426,Gasoline,2.0 Liter Turbo,Automatic,Black Sapphire Metallic,Oyster/Black,None reported,Unknown,30798,2.0,,1,,
Ford,Expedition Limited,2023,9500,Gasoline,400.0HP 3.5L V6 Cylinder Engine Gasoline Fuel,10-Speed A/T,Black,Red,At least 1 accident or damage reported,Yes,63500,3.5,400.0,0,6,
Nissan,Frontier SE Crew Cab,2006,134000,Gasoline,265.0HP 4.0L V6 Cylinder Engine Gasoline Fuel,A/T,Gray,Gray,At least 1 accident or damage reported,Yes,8500,4.0,265.0,0,6,
Subaru,BRZ Limited,2022,10500,Gasoline,228.0HP 2.4L 4 Cylinder Engine Gasoline Fuel,Transmission w/Dual Shift Mode,Gray,–,None reported,Yes,32500,2.4,228.0,0,,
Chevrolet,Malibu LT,2018,53100,Gasoline,160.0HP 1.5L 4 Cylinder Engine Gasoline Fuel,6-Speed A/T,Red,Black,None reported,Yes,17500,1.5,160.0,0,,
Ford,Focus SEL,2017,80134,E85 Flex Fuel,2.0L I4 16V GDI DOHC Flexible Fuel,6-Speed Automatic with Auto-Shift,White,Charcoal Black,None reported,Yes,13895,2.0,,0,,16
Nissan,Rogue Sport S,2021,24000,Gasoline,141.0HP 2.0L 4 Cylinder Engine Gasoline Fuel,A/T,Gray,Black,None reported,Yes,25500,2.0,141.0,0,,
Volvo,C70 T5,2006,61000,Gasoline,218.0HP 2.5L 5 Cylinder Engine Gasoline Fuel,6-Speed M/T,Blue,Beige,None reported,Yes,10299,2.5,218.0,0,,
Lincoln,Nautilus Reserve,2021,19700,Gasoline,335.0HP 2.7L V6 Cylinder Engine Gasoline Fuel,A/T,White,Beige,None reported,Yes,48000,2.7,335.0,0,6,
Mercedes-Benz,AMG GT Base,2018,28182,Gasoline,469.0HP 4.0L 8 Cylinder Engine Gasoline Fuel,7-Speed A/T,White,Brown,At least 1 accident or damage reported,Yes,84500,4.0,469.0,0,,
Ford,Mustang EcoBoost Premium,2017,59500,Gasoline,310.0HP 2.3L 4 Cylinder Engine Gasoline Fuel,A/T,Black,Black,At least 1 accident or damage reported,Yes,21000,2.3,310.0,0,,
Ford,Ranger XLT,1999,115402,E85 Flex Fuel,152.0HP 3.0L V6 Cylinder Engine Flex Fuel Capability,A/T,Gold,Beige,None reported,Yes,8000,3.0,152.0,0,6,
GMC,Yukon SLT,2018,85500,Gasoline,355.0HP 5.3L 8 Cylinder Engine Gasoline Fuel,A/T,Black,Black,At least 1 accident or damage reported,Yes,35899,5.3,355.0,0,,
RAM,2500 Big Horn,2020,51000,Gasoline,410.0HP 6.4L 8 Cylinder Engine Gasoline Fuel,6-Speed A/T,Red,Black,None reported,Yes,44900,6.4,410.0,0,,
Tesla,Model Y Performance,2021,17500,,455.0HP Electric Motor Electric Fuel System,A/T,Gray,White,None reported,Yes,45000,,455.0,0,,
Lexus,ES 350 Base,2011,132000,Gasoline,272.0HP 3.5L V6 Cylinder Engine Gasoline Fuel,A/T,Black,Beige,None reported,Yes,9999,3.5,272.0,0,6,
Jeep,Wrangler Rubicon Hard Rock,2016,67882,Gasoline,3.6 Liter,Automatic,White,Black,None reported,Unknown,32798,3.6,,0,,
Volvo,XC90 T6 Momentum,2018,62000,Gasoline,316.0HP 2.0L 4 Cylinder Engine Gasoline Fuel,8-Speed A/T,Silver,Black,None reported,Yes,30500,2.0,316.0,0,,
Porsche,911 R,2016,12454,Gasoline,500.0HP 4.0L Flat 6 Cylinder Engine Gasoline Fuel,6-Speed M/T,Purple,Black,None reported,Yes,210000,4.0,500.0,0,,
BMW,M6 Gran Coupe Base,2017,27965,Gasoline,560.0HP 4.4L 8 Cylinder Engine Gasoline Fuel,7-Speed A/T,Green,Black,None reported,Yes,58000,4.4,560.0,0,,
Cadillac,Escalade ESV Platinum Edition,2013,119000,E85 Flex Fuel,403.0HP 6.2L 8 Cylinder Engine Flex Fuel Capability,A/T,Black,Black,,Unknown,20500,6.2,403.0,0,,
BMW,X5 xDrive35i,2018,48000,Gasoline,300.0HP 3.0L Straight 6 Cylinder Engine Gasoline Fuel,8-Speed A/T,Black,Black,None reported,Yes,32000,3.0,300.0,0,,
BMW,X5 xDrive40i,2020,5541,Gasoline,3.0 Liter Turbo,Automatic,White,Black,None reported,Unknown,56598,3.0,,1,,
Mitsubishi,Outlander SEL,2018,29000,Gasoline,166.0HP 2.4L 4 Cylinder Engine Gasoline Fuel,A/T,Red,Beige,None reported,Yes,19500,2.4,166.0,0,,
Dodge,Ram 1500 ST,2010,131100,E85 Flex Fuel,310.0HP 4.7L 8 Cylinder Engine Flex Fuel Capability,A/T,White,Gray,At least 1 accident or damage reported,Yes,12995,4.7,310.0,0,,
Subaru,Impreza 2.0i,2015,102242,Gasoline,"2L H-4 DOHC, variable valve control, regular unleaded, engine wi",Manual,Quartz Blue Pearl,Black,At least 1 accident or damage reported,Unknown,11498,2.0,,0,,
Mercedes-Benz,Maybach S S 600,2016,18069,Gasoline,523.0HP 6.0L 12 Cylinder Engine Gasoline Fuel,7-Speed A/T,Black,Black,None reported,Yes,79999,6.0,523.0,0,,
Kia,Sportage LX,2023,13000,Gasoline,187.0HP 2.5L 4 Cylinder Engine Gasoline Fuel,A/T,White,Black,None reported,Yes,31900,2.5,187.0,0,,
Porsche,911 Turbo Cabriolet,2008,51000,Gasoline,480.0HP 3.6L Flat 6 Cylinder Engine Gasoline Fuel,Transmission w/Dual Shift Mode,Silver,Black,At least 1 accident or damage reported,Yes,69500,3.6,480.0,0,,
Hummer,H3 Base,2007,137333,Gasoline,242.0HP 3.7L 5 Cylinder Engine Gasoline Fuel,4-Speed A/T,Blue,Black,At least 1 accident or damage reported,Yes,10000,3.7,242.0,0,,
Buick,LaCrosse Leather,2014,125559,Gasoline,304.0HP 3.6L V6 Cylinder Engine Gasoline Fuel,A/T,White,Beige,At least 1 accident or damage reported,Yes,11200,3.6,304.0,0,6,
Chevrolet,Silverado 1500 High Country,2020,88161,Gasoline,6.2L V8 16V GDI OHV,Automatic,Iridescent Pearl Tricoat,Jet Black,At least 1 accident or damage reported,Yes,48889,6.2,,0,8,16
Toyota,4Runner SR5,2016,101900,Gasoline,270.0HP 4.0L V6 Cylinder Engine Gasoline Fuel,5-Speed A/T,Black,Black,None reported,Yes,29000,4.0,270.0,0,6,
Cadillac,Escalade ESV Luxury,2015,159500,Gasoline,420.0HP 6.2L 8 Cylinder Engine Gasoline Fuel,6-Speed A/T,Black,Black,At least 1 accident or damage reported,Yes,18800,6.2,420.0,0,,
Subaru,Legacy 2.5i Premium,2015,68860,Gasoline,175.0HP 2.5L 4 Cylinder Engine Gasoline Fuel,CVT Transmission,Silver,Beige,At least 1 accident or damage reported,Yes,15000,2.5,175.0,0,,
Tesla,Model 3 Long Range,2018,43000,,271.0HP Electric Motor Electric Fuel System,1-Speed A/T,Red,Black,At least 1 accident or damage reported,Yes,30499,,271.0,0,,
Ford,Expedition EL XLT,2017,182000,Gasoline,365.0HP 3.5L V6 Cylinder Engine Gasoline Fuel,A/T,Black,Black,At least 1 accident or damage reported,Yes,16500,3.5,365.0,0,6,
Tesla,Model Y Long Range,2022,21404,,425.0HP Electric Motor Electric Fuel System,A/T,White,White,None reported,Yes,49500,,425.0,0,,
Ford,Expedition EL Limited,2017,81000,Gasoline,365.0HP 3.5L V6 Cylinder Engine Gasoline Fuel,Transmission w/Dual Shift Mode,Black,Black,None reported,Yes,27000,3.5,365.0,0,6,
Chevrolet,Silverado 1500 LTZ,2021,62257,Gasoline,5.3L V8 16V GDI OHV,8-Speed Automatic,Satin Steel Metallic,Gideon,None reported,Unknown,42590,5.3,,0,8,16
BMW,X5 xDrive40e,2016,91798,Hybrid,Electric,Automatic,Alpine White,Black,None reported,Unknown,22998,,,0,,
BMW,335 is,2011,82000,Gasoline,320.0HP 3.0L Straight 6 Cylinder Engine Gasoline Fuel,7-Speed A/T,Gray,Black,At least 1 accident or damage reported,Yes,20000,3.0,320.0,0,,
Ford,F-150 XLT,2012,207100,Gasoline,365.0HP 3.5L V6 Cylinder Engine Gasoline Fuel,6-Speed A/T,Black,Gray,At least 1 accident or damage reported,Yes,15000,3.5,365.0,0,6,
Land,Rover Range Rover Sport P400 SE Dynamic,2023,450,Hybrid,395.0HP 3.0L Straight 6 Cylinder Engine Gasoline/Mild Electric Hybrid,8-Speed A/T,Blue,Black,None reported,Yes,124000,3.0,395.0,0,,
Porsche,Panamera Edition,2016,77945,Gasoline,310.0HP 3.6L V6 Cylinder Engine Gasoline Fuel,A/T,Blue,Beige,At least 1 accident or damage reported,Yes,30000,3.6,310.0,0,6,
Kia,Sorento Plug-In Hybrid SX,2022,15583,Hybrid,1.6L I4 16V GDI DOHC Turbo Hybrid,6-Speed Automatic,Aurora Black,Gray,None reported,Unknown,40599,1.6,,1,,16
BMW,M240 i,2017,37100,Gasoline,335.0HP 3.0L Straight 6 Cylinder Engine Gasoline Fuel,8-Speed A/T,White,Black,At least 1 accident or damage reported,Yes,26125,3.0,335.0,0,,
Maserati,Quattroporte Base,2006,51000,Gasoline,394.0HP 4.2L 8 Cylinder Engine Gasoline Fuel,Transmission w/Dual Shift Mode,Blue,Beige,At least 1 accident or damage reported,Yes,18000,4.2,394.0,0,,
Ford,F-150 XLT,2017,94000,Gasoline,325.0HP 2.7L V6 Cylinder Engine Gasoline Fuel,6-Speed A/T,White,Black,None reported,Yes,26000,2.7,325.0,0,6,
Land,Rover Discovery S,2003,121886,Gasoline,217.0HP 4.6L 8 Cylinder Engine Gasoline Fuel,A/T,White,Beige,At least 1 accident or damage reported,Yes,6000,4.6,217.0,0,,
Ford,F-250 XLT Crew Cab Super Duty,2008,157500,Gasoline,300.0HP 5.4L 8 Cylinder Engine Gasoline Fuel,5-Speed A/T,Green,Gray,At least 1 accident or damage reported,Yes,15000,5.4,300.0,0,,
Ford,Taurus SHO,2014,138415,Gasoline,365.0HP 3.5L V6 Cylinder Engine Gasoline Fuel,A/T,Silver,Black,At least 1 accident or damage reported,Yes,15500,3.5,365.0,0,6,
Land,Rover Range Rover Sport HSE,2012,110000,Gasoline,375.0HP 5.0L 8 Cylinder Engine Gasoline Fuel,A/T,Silver,Black,None reported,Yes,10200,5.0,375.0,0,,
Cadillac,Escalade Sport,2023,8532,Diesel,3.0L I6 24V DDI DOHC Turbo Diesel,10-Speed Automatic with Overdrive,Black Raven,Jet Black,None reported,Unknown,109900,3.0,,1,,24
GMC,Sierra 1500 SLT,2021,12941,Gasoline,355.0HP 5.3L 8 Cylinder Engine Gasoline Fuel,A/T,White,Black,At least 1 accident or damage reported,Yes,51500,5.3,355.0,0,,
BMW,335 i xDrive,2009,69764,Gasoline,300.0HP 3.0L Straight 6 Cylinder Engine Gasoline Fuel,6-Speed M/T,Black,Black,None reported,Yes,19500,3.0,300.0,0,,
Porsche,911 Carrera 4S,2003,90000,Gasoline,315.0HP 3.6L Flat 6 Cylinder Engine Gasoline Fuel,6-Speed M/T,Silver,Black,,Unknown,24000,3.6,315.0,0,,
Audi,Q5 S line Premium,2022,8193,Hybrid,2.0 Liter TFSI,Automatic,Florett Silver,Black,None reported,Unknown,42598,2.0,,0,,
Lexus,RX 350 F Sport Performance,2020,43277,Gasoline,3.5L V6 24V PDI DOHC,8-Speed Automatic,Caviar,Black,None reported,Unknown,43599,3.5,,0,6,24
Audi,S4 3.0T Premium Plus,2018,26500,Gasoline,354.0HP 3.0L V6 Cylinder Engine Gasoline Fuel,8-Speed A/T,Gray,Black,At least 1 accident or damage reported,Yes,38000,3.0,354.0,0,6,
Chevrolet,Silverado 1500 LT,2019,36021,Gasoline,2.7L I4 16V GDI DOHC Turbo,Automatic,Cajun Red Tintcoat,Jet Black,,Unknown,35670,2.7,,1,,16
Chevrolet,Colorado Z71,2019,25462,Gasoline,3.6L V6 24V GDI DOHC,Automatic,Shadow Gray Metallic,Jet Black,None reported,Unknown,36139,3.6,,0,6,24
Audi,A5 2.0T Prestige,2018,35850,Gasoline,252.0HP 2.0L 4 Cylinder Engine Gasoline Fuel,7-Speed A/T,White,Black,None reported,Yes,33000,2.0,252.0,0,,
Mazda,Mazda3 s Sport,2008,77700,Gasoline,156.0HP 2.3L 4 Cylinder Engine Gasoline Fuel,5-Speed M/T,Red,Black,None reported,Yes,6300,2.3,156.0,0,,
Jaguar,E-PACE 300 Sport,2021,23600,Hybrid,296.0HP 2.0L 4 Cylinder Engine Gasoline/Mild Electric Hybrid,9-Speed A/T,Black,Black,None reported,Yes,42999,2.0,296.0,0,,
Ferrari,GTC4Lusso T,2019,8870,Gasoline,3.9L V8 32V GDI DOHC Twin Turbo,7-Speed DCT Automatic,Nero Daytona,–,None reported,Yes,215000,3.9,,1,8,32
Toyota,Celica GT,2001,122000,Gasoline,140.0HP 1.8L 4 Cylinder Engine Gasoline Fuel,5-Speed M/T,Blue,Gray,None reported,Yes,7800,1.8,140.0,0,,
Ford,Excursion Limited 4WD,2003,245000,Diesel,325.0HP 6.0L 8 Cylinder Engine Diesel Fuel,A/T,Black,Beige,At least 1 accident or damage reported,Yes,17999,6.0,325.0,0,,
Porsche,718 Spyder Base,2022,4700,Gasoline,414.0HP 4.0L Flat 6 Cylinder Engine Gasoline Fuel,6-Speed M/T,White,Black,None reported,Yes,134000,4.0,414.0,0,,
Subaru,WRX STI Base,2016,84100,Gasoline,305.0HP 2.5L 4 Cylinder Engine Gasoline Fuel,M/T,Gray,Black,None reported,Yes,34000,2.5,305.0,0,,
Audi,A6 45 Premium Plus,2021,33000,Hybrid,248.0HP 2.0L 4 Cylinder Engine Gasoline/Mild Electric Hybrid,A/T,Black,Black,None reported,Yes,40000,2.0,248.0,0,,
Tesla,Model S P100D,2018,10065,,Electric,1-Speed Automatic,Red Multi,White,None reported,Unknown,59999,,,0,,
Mercedes-Benz,AMG GT R,2018,3811,Gasoline,577.0HP 4.0L 8 Cylinder Engine Gasoline Fuel,7-Speed A/T,Black,Black,None reported,Yes,148500,4.0,577.0,0,,
Acura,RDX PMC Edition,2021,44457,Gasoline,2.0 Liter Turbo,2,Majestic Black Pearl,Ebony,None reported,Unknown,40598,2.0,,1,,
Audi,S4 3.0T Premium Plus,2013,139355,Gasoline,333.0HP 3.0L V6 Cylinder Engine Gasoline Fuel,7-Speed A/T,Black,Black,None reported,Yes,20900,3.0,333.0,0,6,
Lotus,Evora Base,2010,9100,Gasoline,276.0HP 3.5L V6 Cylinder Engine Gasoline Fuel,6-Speed M/T,Black,White,None reported,Yes,55000,3.5,276.0,0,6,
Mercedes-Benz,S-Class S 560 4MATIC,2019,10500,Gasoline,463.0HP 4.0L 8 Cylinder Engine Gasoline Fuel,9-Speed A/T,Silver,Brown,None reported,Yes,77900,4.0,463.0,0,,
Chevrolet,Silverado 1500 RST,2023,5006,Gasoline,5.3L V8 16V GDI OHV,10-Speed Automatic,Dark Ash Metallic,Black,None reported,Unknown,59590,5.3,,0,8,16
Hyundai,Genesis Coupe 2.0T R-Spec,2013,55000,Gasoline,260.0HP 2.0L 4 Cylinder Engine Gasoline Fuel,6-Speed M/T,White,Red,,Unknown,18000,2.0,260.0,0,,
BMW,M3 Competition,2021,33500,Gasoline,503.0HP 3.0L Straight 6 Cylinder Engine Gasoline Fuel,8-Speed A/T,Gray,Black,None reported,Yes,71000,3.0,503.0,0,,
BMW,435 i,2014,126500,Gasoline,300.0HP 3.0L Straight 6 Cylinder Engine Gasoline Fuel,A/T,White,Black,None reported,Yes,15000,3.0,300.0,0,,
Land,Rover Range Rover Evoque HSE Dynamic,2016,79000,Gasoline,240.0HP 2.0L 4 Cylinder Engine Gasoline Fuel,9-Speed A/T,Red,Red,None reported,Yes,24000,2.0,240.0,0,,
Porsche,911 Targa 4 GTS,2018,19000,Gasoline,450.0HP 3.0L Flat 6 Cylinder Engine Gasoline Fuel,7-Speed A/T,Gray,Black,None reported,Yes,145000,3.0,450.0,0,,
RAM,3500 Tradesman,2021,57000,Diesel,400.0HP 6.7L Straight 6 Cylinder Engine Diesel Fuel,6-Speed A/T,Blue,Gray,None reported,Yes,52000,6.7,400.0,0,,
BMW,X5 xDrive40i,2020,4880,Gasoline,3.0 Liter Turbo,Automatic,White,Black,None reported,Unknown,57998,3.0,,1,,
Acura,NSX Base,2018,6523,Hybrid,3.5L V6 24V PDI DOHC Twin Turbo Hybrid,9-Speed Automatic with Auto-Shift,White,Ebony,None reported,Unknown,143900,3.5,,1,6,24
Mercedes-Benz,SL-Class SL500 Roadster,2005,127000,Gasoline,302.0HP 5.0L 8 Cylinder Engine Gasoline Fuel,7-Speed A/T,White,Beige,None reported,Yes,14000,5.0,302.0,0,,
Lexus,SC 430 Base,2002,89500,Gasoline,300.0HP 4.3L 8 Cylinder Engine Gasoline Fuel,A/T,Black,Black,None reported,Yes,15999,4.3,300.0,0,,
Chevrolet,Silverado 1500 Base,2000,97000,Gasoline,200.0HP 4.3L V6 Cylinder Engine Gasoline Fuel,A/T,White,Gray,None reported,Yes,27500,4.3,200.0,0,6,
Buick,Enclave Avenir,2021,31181,Gasoline,3.6L V6 24V GDI DOHC,9-Speed Automatic,Rich Garnet Metallic,Chestnut,At least 1 accident or damage reported,Yes,42442,3.6,,0,6,24
Lexus,NX 300h Base,2020,16425,Hybrid,2.5L I4 16V MPFI DOHC Hybrid,Automatic CVT,Gray,Black,At least 1 accident or damage reported,Unknown,33200,2.5,,0,,16
Lexus,RX 350 RX 350 F SPORT Handling,2022,11238,Gasoline,3.5 Liter DOHC,Automatic,Atomic Silver,Black,None reported,Unknown,54798,3.5,,0,,
Chevrolet,Avalanche 1500 LS,2005,97146,E85 Flex Fuel,295.0HP 5.3L 8 Cylinder Engine Flex Fuel Capability,Transmission Overdrive Switch,Black,Gray,At least 1 accident or damage reported,Yes,7999,5.3,295.0,0,,
Mercedes-Benz,SL-Class SL400,2015,36670,Gasoline,3.0 Liter,Automatic,White,Tan,None reported,Unknown,39998,3.0,,0,,
Chevrolet,Suburban Premier,2019,44800,Gasoline,420.0HP 6.2L 8 Cylinder Engine Gasoline Fuel,6-Speed A/T,Black,Black,None reported,Yes,52500,6.2,420.0,0,,
Ford,Transit-350 Base,2015,150000,Gasoline,310.0HP 3.5L V6 Cylinder Engine Gasoline Fuel,A/T,Black,Gray,At least 1 accident or damage reported,Yes,17100,3.5,310.0,0,6,
INFINITI,QX60 Luxe,2020,38400,Gasoline,295.0HP 3.5L V6 Cylinder Engine Gasoline Fuel,A/T,Blue,Beige,None reported,Yes,32100,3.5,295.0,0,6,
Bentley,Continental GTC Base,2008,7960,Gasoline,552.0HP 6.0L 12 Cylinder Engine Gasoline Fuel,6-Speed A/T,White,White,None reported,Yes,81500,6.0,552.0,0,,
Nissan,350Z Enthusiast,2007,117000,Gasoline,306.0HP 3.5L V6 Cylinder Engine Gasoline Fuel,A/T,Silver,Black,At least 1 accident or damage reported,Yes,9975,3.5,306.0,0,6,
Rivian,R1S Adventure Package,2023,159,,533.0HP Electric Motor Electric Fuel System,A/T,White,Black,None reported,Yes,95500,,533.0,0,,
McLaren,570S Base,2017,30200,Gasoline,562.0HP 3.8L 8 Cylinder Engine Gasoline Fuel,Transmission w/Dual Shift Mode,Orange,Black,None reported,Yes,139000,3.8,562.0,0,,
Nissan,Altima 2.5 SL,2012,91545,Gasoline,175.0HP 2.5L 4 Cylinder Engine Gasoline Fuel,CVT Transmission,Silver,Black,None reported,Yes,8999,2.5,175.0,0,,
Land,Rover Range Rover 5.0L Supercharged,2015,110000,E85 Flex Fuel,510.0HP 5.0L 8 Cylinder Engine Flex Fuel Capability,A/T,Black,–,At least 1 accident or damage reported,Yes,26499,5.0,510.0,0,,
BMW,X5 xDrive35i,2017,105100,Gasoline,300.0HP 3.0L Straight 6 Cylinder Engine Gasoline Fuel,8-Speed A/T,Gray,Black,At least 1 accident or damage reported,Yes,23300,3.0,300.0,0,,
INFINITI,QX56 Base,2012,110000,Gasoline,400.0HP 5.6L 8 Cylinder Engine Gasoline Fuel,Transmission w/Dual Shift Mode,White,Beige,None reported,Yes,15600,5.6,400.0,0,,
Ford,F-150 XLT,2019,81778,Gasoline,3.5L V6 24V PDI DOHC Twin Turbo,Automatic,Black,Medium Earth Gray,None reported,Yes,32769,3.5,,1,6,24
Lexus,RX 450h Base,2010,168422,Hybrid,245.0HP 3.5L V6 Cylinder Engine Gas/Electric Hybrid,A/T,Black,Beige,At least 1 accident or damage reported,Yes,10900,3.5,245.0,0,6,
Maserati,Ghibli S Q4 GranSport,2018,80500,Gasoline,424.0HP 3.0L V6 Cylinder Engine Gasoline Fuel,8-Speed A/T,Black,Black,None reported,Yes,34900,3.0,424.0,0,6,
Volvo,XC90 T6 Momentum,2018,81200,Gasoline,316.0HP 2.0L 4 Cylinder Engine Gasoline Fuel,8-Speed A/T,Black,Black,At least 1 accident or damage reported,Yes,28825,2.0,316.0,0,,
Lamborghini,Huracan EVO Base,2020,6246,Gasoline,5.2L V10 40V GDI DOHC,7-Speed Automatic with Auto-Shift,Nero Noctis,Nero Ade,None reported,Yes,267950,5.2,,0,10,40
Jeep,Wrangler Unlimited Rubicon,2017,20172,Gasoline,285.0HP 3.6L V6 Cylinder Engine Gasoline Fuel,Transmission w/Dual Shift Mode,Gray,Black,None reported,Yes,47500,3.6,285.0,0,6,
Hummer,H2 Base,2005,145000,Gasoline,325.0HP 6.0L 8 Cylinder Engine Gasoline Fuel,4-Speed A/T,Green,Black,None reported,Yes,22500,6.0,325.0,0,,
Ford,Flex Limited,2009,162000,Gasoline,262.0HP 3.5L V6 Cylinder Engine Gasoline Fuel,6-Speed A/T,Gray,Black,At least 1 accident or damage reported,Yes,7500,3.5,262.0,0,6,
Porsche,718 Cayman GT4,2020,13554,Gasoline,414.0HP 4.0L Flat 6 Cylinder Engine Gasoline Fuel,6-Speed M/T,Blue,Black,None reported,Yes,124995,4.0,414.0,0,,
Toyota,Camry XLE,2007,59700,Gasoline,268.0HP 3.5L V6 Cylinder Engine Gasoline Fuel,6-Speed A/T,Green,Gray,None reported,Yes,9500,3.5,268.0,0,6,
Mercedes-Benz,A-Class A 220 4MATIC,2020,30930,Gasoline,2.0L I4 16V GDI DOHC Turbo,7-Speed Automatic with Auto-Shift,Midnight Black,Black,None reported,Unknown,28900,2.0,,1,,16
BMW,335 i,2009,51983,Gasoline,300.0HP 3.0L Straight 6 Cylinder Engine Gasoline Fuel,6-Speed M/T,Gray,White,None reported,Yes,19999,3.0,300.0,0,,
Chevrolet,Camaro 2SS,2022,22000,Gasoline,455.0HP 6.2L 8 Cylinder Engine Gasoline Fuel,6-Speed M/T,Blue,Black,None reported,Yes,50000,6.2,455.0,0,,
Volkswagen,ID.4 Pro S,2023,16800,,295.0HP Electric Motor Electric Fuel System,1-Speed A/T,Gray,Black,None reported,Yes,45000,,295.0,0,,
Chevrolet,Silverado 2500 High Country,2022,16000,Diesel,445.0HP 6.6L 8 Cylinder Engine Diesel Fuel,A/T,Black,Black,At least 1 accident or damage reported,Yes,73995,6.6,445.0,0,,
Nissan,Altima 2.5 SV,2020,22295,Gasoline,2.5L I4 16V GDI DOHC,Automatic CVT,Scarlet Ember,Gray,None reported,Unknown,23599,2.5,,0,,16
Bentley,Continental GT V8,2020,33000,Gasoline,542.0HP 4.0L 8 Cylinder Engine Gasoline Fuel,A/T,Beige,Beige,None reported,Yes,188500,4.0,542.0,0,,
Toyota,Sequoia Platinum,2023,1025,Hybrid,437.0HP 3.4L V6 Cylinder Engine Gas/Electric Hybrid,10-Speed A/T,Black,Black,None reported,Yes,85000,3.4,437.0,0,6,
Acura,TL Technology,2013,89190,Gasoline,305.0HP 3.7L V6 Cylinder Engine Gasoline Fuel,6-Speed A/T,Gray,White,At least 1 accident or damage reported,Yes,15499,3.7,305.0,0,6,
Toyota,Highlander Limited,2020,53550,Gasoline,3.5L V6 24V PDI DOHC,8-Speed Automatic,Blue,Gray,None reported,Yes,39687,3.5,,0,6,24
Ford,Edge SEL,2021,56946,Gasoline,2.0L I4 16V GDI DOHC Turbo,8-Speed Automatic,Silver,Ebony,None reported,Yes,26299,2.0,,1,,16
Jaguar,F-TYPE R,2016,11684,Gasoline,550.0HP 5.0L 8 Cylinder Engine Gasoline Fuel,8-Speed A/T,Black,Black,None reported,Yes,54900,5.0,550.0,0,,
GMC,Yukon XL Denali,2018,45617,Gasoline,420.0HP 6.2L 8 Cylinder Engine Gasoline Fuel,A/T,White,Gray,None reported,Yes,51000,6.2,420.0,0,,
Chevrolet,Suburban LT,2018,75466,Gasoline,355.0HP 5.3L 8 Cylinder Engine Gasoline Fuel,6-Speed A/T,Gray,Black,None reported,Yes,34500,5.3,355.0,0,,
Maserati,Levante GTS,2021,19513,Gasoline,3.8L V8 32V GDI DOHC Twin Turbo,8-Speed Automatic,Black,Red / Black,At least 1 accident or damage reported,Yes,84645,3.8,,1,8,32
Subaru,Outback Limited,2021,15636,Gasoline,2.5L H4 16V GDI DOHC,Automatic CVT,Crystal Black Silica,Black,None reported,Unknown,33531,2.5,,0,,16
Mercedes-Benz,S-Class S 450,2018,69600,Gasoline,362.0HP 3.0L V6 Cylinder Engine Gasoline Fuel,9-Speed A/T,Black,Black,None reported,Yes,40888,3.0,362.0,0,6,
Mercedes-Benz,GL-Class GL 450,2011,138050,Gasoline,335.0HP 4.7L 8 Cylinder Engine Gasoline Fuel,A/T,White,Beige,None reported,Yes,16500,4.7,335.0,0,,
Ford,F-250 Lariat,2017,132269,E85 Flex Fuel,385.0HP 6.2L 8 Cylinder Engine Flex Fuel Capability,A/T,Gray,Black,None reported,Yes,35900,6.2,385.0,0,,
Hyundai,Palisade Limited,2020,45815,Gasoline,291.0HP 3.8L V6 Cylinder Engine Gasoline Fuel,Transmission w/Dual Shift Mode,Silver,Black,None reported,Yes,37700,3.8,291.0,0,6,
Ford,F-150 XLT,2021,25352,Gasoline,3.5L V6 24V PDI DOHC Twin Turbo,10-Speed Automatic,Gray,Black,None reported,Yes,48459,3.5,,1,6,24
Mercedes-Benz,R-Class R 350 4MATIC,2008,120000,Gasoline,268.0HP 3.5L V6 Cylinder Engine Gasoline Fuel,7-Speed A/T,Silver,Black,None reported,Yes,8995,3.5,268.0,0,6,
Chevrolet,Camaro 2SS,2018,75151,Gasoline,455.0HP 6.2L 8 Cylinder Engine Gasoline Fuel,6-Speed M/T,Gray,Black,At least 1 accident or damage reported,Yes,45000,6.2,455.0,0,,
Jeep,Wrangler Sport,2016,74139,Gasoline,285.0HP 3.6L V6 Cylinder Engine Gasoline Fuel,6-Speed M/T,Red,Black,None reported,Yes,23000,3.6,285.0,0,6,
Chevrolet,1500 Cheyenne,1994,170443,–,–,A/T,Red,–,At least 1 accident or damage reported,Yes,6000,,,0,,
Jaguar,XJ6 Vanden Plas,1995,70000,–,–,A/T,Gold,–,None reported,Yes,19000,,,0,,
BMW,550 i xDrive,2012,68500,Gasoline,400.0HP 4.4L 8 Cylinder Engine Gasoline Fuel,Transmission w/Dual Shift Mode,Black,Black,None reported,Yes,17800,4.4,400.0,0,,
Lexus,GX 460 Luxury,2020,37366,Gasoline,4.6L V8 32V MPFI DOHC,6-Speed Automatic,White,–,,Unknown,51890,4.6,,0,8,32
Tesla,Model S Long Range,2021,35315,,670.0HP Electric Motor Electric Fuel System,1-Speed A/T,White,Black,None reported,Yes,66900,,670.0,0,,
Volkswagen,Jetta 1.4T SE,2017,61000,Gasoline,150.0HP 1.4L 4 Cylinder Engine Gasoline Fuel,A/T,White,Black,None reported,Yes,15995,1.4,150.0,0,,
Jeep,Grand Cherokee Limited,2022,12050,Gasoline,3.6L V6 24V MPFI DOHC,8-Speed Automatic,Bright White Clearcoat,Global Black,None reported,Unknown,41599,3.6,,0,6,24
Jaguar,XK8 Base,2001,150000,Gasoline,290.0HP 4.0L 8 Cylinder Engine Gasoline Fuel,5-Speed A/T,Green,White,At least 1 accident or damage reported,Yes,9875,4.0,290.0,0,,
Porsche,Macan S,2016,46200,Gasoline,340.0HP 3.0L V6 Cylinder Engine Gasoline Fuel,Transmission w/Dual Shift Mode,Gray,Gray,At least 1 accident or damage reported,Yes,41500,3.0,340.0,0,6,
Mercedes-Benz,E-Class E 350,2014,88000,Gasoline,302.0HP 3.5L V6 Cylinder Engine Gasoline Fuel,A/T,Silver,Black,None reported,Yes,15500,3.5,302.0,0,6,
Mercedes-Benz,GL-Class GL 450 4MATIC,2015,47000,Gasoline,362.0HP 3.0L V6 Cylinder Engine Gasoline Fuel,7-Speed A/T,Silver,Black,None reported,Yes,30089,3.0,362.0,0,6,
Land,Rover Range Rover 3.0L Supercharged HSE,2017,50340,Gasoline,380.0HP 3.0L V6 Cylinder Engine Gasoline Fuel,8-Speed A/T,White,Beige,At least 1 accident or damage reported,Yes,47000,3.0,380.0,0,6,
Mercedes-Benz,E-Class E 350 4MATIC,2010,67800,Gasoline,268.0HP 3.5L V6 Cylinder Engine Gasoline Fuel,7-Speed A/T,Black,Black,None reported,Yes,13999,3.5,268.0,0,6,
Dodge,Dakota Sport,2002,150000,Gasoline,175.0HP 3.9L V6 Cylinder Engine Gasoline Fuel,5-Speed M/T,Black,Gray,At least 1 accident or damage reported,Yes,5500,3.9,175.0,0,6,
Chevrolet,Camaro ZL1,2018,13500,Gasoline,650.0HP 6.2L 8 Cylinder Engine Gasoline Fuel,6-Speed M/T,Black,Black,At least 1 accident or damage reported,Yes,54000,6.2,650.0,0,,
Hummer,H3 Base,2007,101750,Gasoline,242.0HP 3.7L 5 Cylinder Engine Gasoline Fuel,A/T,White,Black,None reported,Yes,12900,3.7,242.0,0,,
Honda,Odyssey EX-L,2022,18385,Gasoline,280.0HP 3.5L V6 Cylinder Engine Gasoline Fuel,10-Speed A/T,Red,Beige,None reported,Yes,37950,3.5,280.0,0,6,
Nissan,350Z Touring,2008,123500,Gasoline,306.0HP 3.5L V6 Cylinder Engine Gasoline Fuel,5-Speed A/T,Gray,Beige,At least 1 accident or damage reported,Yes,13500,3.5,306.0,0,6,
GMC,Savana 2500 Work Van,2017,117000,E85 Flex Fuel,342.0HP 6.0L 8 Cylinder Engine Flex Fuel Capability,6-Speed A/T,Silver,Silver,None reported,Yes,38000,6.0,342.0,0,,
Mercedes-Benz,E-Class E 350 4MATIC,2010,86121,Gasoline,268.0HP 3.5L V6 Cylinder Engine Gasoline Fuel,7-Speed A/T,Gray,Black,None reported,Yes,13600,3.5,268.0,0,6,
Lexus,GX 460 Premium,2020,22466,Gasoline,301.0HP 4.6L 8 Cylinder Engine Gasoline Fuel,6-Speed A/T,White,Black,None reported,Yes,45900,4.6,301.0,0,,
Nissan,Titan XD SV,2017,80000,Gasoline,390.0HP 5.6L 8 Cylinder Engine Gasoline Fuel,7-Speed A/T,Silver,Black,None reported,Yes,23800,5.6,390.0,0,,
Chrysler,300 Touring,2020,23152,Gasoline,292.0HP 3.6L V6 Cylinder Engine Gasoline Fuel,8-Speed A/T,White,White,None reported,Yes,28250,3.6,292.0,0,6,
Dodge,Charger R/T,2006,91300,Gasoline,350.0HP 5.7L 8 Cylinder Engine Gasoline Fuel,5-Speed A/T,Yellow,–,None reported,Yes,9200,5.7,350.0,0,,
Nissan,Pathfinder SL,2020,45000,Gasoline,284.0HP 3.5L V6 Cylinder Engine Gasoline Fuel,CVT Transmission,Black,Black,None reported,Yes,28999,3.5,284.0,0,6,
Rivian,R1S Launch Edition,2023,1885,,835.0HP Electric Motor Electric Fuel System,1-Speed A/T,Green,White,None reported,Yes,93500,,835.0,0,,
Ford,Explorer Platinum,2018,73049,Gasoline,3.5L V6 24V GDI DOHC Twin Turbo,6-Speed Automatic,Gray,Ebony Black,At least 1 accident or damage reported,Yes,30510,3.5,,1,6,24
Nissan,Titan SV,2021,7250,Gasoline,400.0HP 5.6L 8 Cylinder Engine Gasoline Fuel,9-Speed A/T,Black,Black,None reported,Yes,38000,5.6,400.0,0,,
Jaguar,E-PACE S,2019,44000,Gasoline,246.0HP 2.0L 4 Cylinder Engine Gasoline Fuel,A/T,Black,Black,None reported,Yes,29000,2.0,246.0,0,,
Ford,F-150 FX4,2014,85500,Gasoline,411.0HP 6.2L 8 Cylinder Engine Gasoline Fuel,Transmission w/Dual Shift Mode,Black,Black,None reported,Yes,26900,6.2,411.0,0,,
GMC,Acadia Denali,2021,18083,Gasoline,3.6L V6 24V GDI DOHC,9-Speed Automatic,Ebony Twilight Metallic,Jet Black,None reported,Yes,43999,3.6,,0,6,24
Lamborghini,Murcielago Base,2005,22703,Gasoline,571.0HP 6.2L 12 Cylinder Engine Gasoline Fuel,M/T,Black,Black,None reported,Yes,220000,6.2,571.0,0,,
Chevrolet,Camaro 1LT,2011,111000,Gasoline,312.0HP 3.6L V6 Cylinder Engine Gasoline Fuel,A/T,Blue,Black,None reported,Yes,10900,3.6,312.0,0,6,
GMC,Acadia SLT-2,2013,115000,Gasoline,288.0HP 3.6L V6 Cylinder Engine Gasoline Fuel,6-Speed A/T,White,Brown,None reported,Yes,14000,3.6,288.0,0,6,
Chevrolet,Malibu Premier,2021,33400,Gasoline,250.0HP 2.0L 4 Cylinder Engine Gasoline Fuel,A/T,White,Black,None reported,Yes,28000,2.0,250.0,0,,
Toyota,Sequoia SR5,2007,136000,Gasoline,273.0HP 4.7L 8 Cylinder Engine Gasoline Fuel,A/T,Black,Beige,None reported,Yes,12500,4.7,273.0,0,,
Lexus,IS 350 F Sport,2021,26800,Gasoline,311.0HP 3.5L V6 Cylinder Engine Gasoline Fuel,8-Speed A/T,Black,Red,None reported,Yes,44000,3.5,311.0,0,6,
Tesla,Model Y Performance,2022,30000,,455.0HP Electric Motor Electric Fuel System,A/T,White,White,None reported,Yes,51999,,455.0,0,,
Dodge,Challenger SRT8,2008,251634,Gasoline,425.0HP 6.1L 8 Cylinder Engine Gasoline Fuel,A/T,Silver,Black,None reported,Yes,10500,6.1,425.0,0,,
Chrysler,300 Touring,2005,119000,Gasoline,250.0HP 3.5L V6 Cylinder Engine Gasoline Fuel,A/T,Blue,Beige,None reported,Yes,3500,3.5,250.0,0,6,
Cadillac,Escalade Sport Platinum,2021,28121,Gasoline,6.2L V8 16V GDI OHV,10-Speed Automatic,Black Raven,Jet Black,None reported,Unknown,89000,6.2,,0,8,16
Chrysler,Town & Country Touring,2009,111000,Gasoline,197.0HP 3.8L V6 Cylinder Engine Gasoline Fuel,A/T,Blue,Gray,None reported,Yes,7900,3.8,197.0,0,6,
Mazda,CX-5 Touring,2016,116500,Gasoline,2.5L I4 16V GDI DOHC,6-Speed Automatic,Blue Reflex Mica,Black,None reported,Yes,14311,2.5,,0,,16
Acura,TL 3.2,2005,199296,Gasoline,270.0HP 3.2L V6 Cylinder Engine Gasoline Fuel,A/T,Black,Gray,None reported,Yes,4900,3.2,270.0,0,6,
Chevrolet,Corvette Z06 w/2LZ,2023,202,Gasoline,670.0HP 5.5L 8 Cylinder Engine Gasoline Fuel,Transmission w/Dual Shift Mode,White,Red,None reported,Yes,179000,5.5,670.0,0,,
Tesla,Model Y Performance,2021,11200,,455.0HP Electric Motor Electric Fuel System,1-Speed A/T,White,Black,None reported,Yes,47500,,455.0,0,,
Volvo,XC40 T5 Momentum,2020,56536,Gasoline,2.0L I4 16V GDI DOHC Turbo,8-Speed Automatic,White,Charcoal,None reported,Unknown,26599,2.0,,1,,16
Chevrolet,Camaro 2SS,2016,49600,Gasoline,455.0HP 6.2L 8 Cylinder Engine Gasoline Fuel,8-Speed A/T,Blue,Black,None reported,Yes,32500,6.2,455.0,0,,
Acura,TLX Type S PMC Edition,2023,13600,Gasoline,355.0HP 3.0L V6 Cylinder Engine Gasoline Fuel,10-Speed A/T,Blue,White,None reported,Yes,65000,3.0,355.0,0,6,
Volkswagen,Eos 2.0T,2007,59700,Gasoline,200.0HP 2.0L 4 Cylinder Engine Gasoline Fuel,6-Speed A/T,Blue,White,None reported,Yes,10000,2.0,200.0,0,,
Dodge,Charger R/T Scat Pack,2018,19000,Gasoline,485.0HP 6.4L 8 Cylinder Engine Gasoline Fuel,Transmission w/Dual Shift Mode,Purple,Gray,None reported,Yes,44888,6.4,485.0,0,,
Chevrolet,Corvette Z06,2002,17300,Gasoline,405.0HP 5.7L 8 Cylinder Engine Gasoline Fuel,6-Speed M/T,Black,Black,None reported,Yes,33999,5.7,405.0,0,,
Mercedes-Benz,CLA-Class CLA 250,2014,91140,Gasoline,208.0HP 2.0L 4 Cylinder Engine Gasoline Fuel,7-Speed A/T,Gray,Black,None reported,Yes,13500,2.0,208.0,0,,
BMW,M5 Base,2015,33000,Gasoline,560.0HP 4.4L 8 Cylinder Engine Gasoline Fuel,7-Speed A/T,Gray,Black,None reported,Yes,65000,4.4,560.0,0,,
Jeep,Wrangler Unlimited Sport,2019,52775,Gasoline,285.0HP 3.6L V6 Cylinder Engine Gasoline Fuel,8-Speed A/T,Gray,Black,None reported,Yes,39799,3.6,285.0,0,6,
Mitsubishi,Lancer Sportback ES,2011,113000,Gasoline,148.0HP 2.0L 4 Cylinder Engine Gasoline Fuel,5-Speed M/T,White,Black,None reported,Yes,5800,2.0,148.0,0,,
Porsche,Macan Base,2022,13000,Gasoline,261.0HP 2.0L 4 Cylinder Engine Gasoline Fuel,A/T,Black,Beige,None reported,Yes,60000,2.0,261.0,0,,
Mercedes-Benz,CLK-Class CLK 350,2009,77925,Gasoline,268.0HP 3.5L V6 Cylinder Engine Gasoline Fuel,Transmission w/Dual Shift Mode,Silver,Black,None reported,Yes,16500,3.5,268.0,0,6,
Dodge,Challenger SRT8,2011,106500,–,–,5-Speed A/T,White,White,At least 1 accident or damage reported,Yes,22500,,,0,,
Mazda,Mazda3 Grand Touring,2018,15175,Gasoline,2.5L I4 16V GDI DOHC,6-Speed Automatic,Snowflake White Pearl Metallic,Parchment,At least 1 accident or damage reported,Unknown,19212,2.5,,0,,16
Audi,A3 2.0T Premium,2017,137000,Gasoline,186.0HP 2.0L 4 Cylinder Engine Gasoline Fuel,7-Speed A/T,White,Gray,None reported,Yes,10995,2.0,186.0,0,,
BMW,528 i,2015,111000,Gasoline,240.0HP 2.0L 4 Cylinder Engine Gasoline Fuel,8-Speed A/T,Gray,–,At least 1 accident or damage reported,Yes,15000,2.0,240.0,0,,
Land,Rover Range Rover 3.0L V6 Supercharged HSE,2019,49208,Gasoline,380.0HP 3.0L V6 Cylinder Engine Gasoline Fuel,Transmission w/Dual Shift Mode,Black,Black,None reported,Yes,62425,3.0,380.0,0,6,
Audi,S5 3.0T Prestige,2018,44000,Gasoline,354.0HP 3.0L V6 Cylinder Engine Gasoline Fuel,8-Speed A/T,Gray,Black,None reported,Yes,39000,3.0,354.0,0,6,
Porsche,718 Boxster Base,2017,26000,Gasoline,300.0HP 2.0L 4 Cylinder Engine Gasoline Fuel,A/T,Gray,Black,None reported,Yes,45500,2.0,300.0,0,,
Chevrolet,Corvette Stingray w/2LT,2020,1800,Gasoline,490.0HP 6.2L 8 Cylinder Engine Gasoline Fuel,8-Speed A/T,Blue,Black,None reported,Yes,76000,6.2,490.0,0,,
Lamborghini,Urus Pearl Capsule,2021,3771,Gasoline,"4L V-8 gasoline direct injection, DOHC, variable valve control,",Automatic,Grigio Nimbus,Bianco Polar,None reported,Unknown,259991,4.0,,0,,
Maserati,Quattroporte S,2012,50000,Gasoline,425.0HP 4.7L 8 Cylinder Engine Gasoline Fuel,6-Speed A/T,White,Black,None reported,Yes,26497,4.7,425.0,0,,
Subaru,Impreza 2.0i,2018,93000,Gasoline,152.0HP 2.0L 4 Cylinder Engine Gasoline Fuel,CVT Transmission,Silver,Black,At least 1 accident or damage reported,Yes,16000,2.0,152.0,0,,
Mercedes-Benz,AMG GT C,2020,15000,Gasoline,550.0HP 4.0L 8 Cylinder Engine Gasoline Fuel,7-Speed A/T,Gray,Black,None reported,Yes,129000,4.0,550.0,0,,
Mazda,Mazda6 i Touring,2016,119500,Gasoline,184.0HP 2.5L 4 Cylinder Engine Gasoline Fuel,Transmission w/Dual Shift Mode,Silver,Black,None reported,Yes,15000,2.5,184.0,0,,
Porsche,Macan S,2016,50000,Gasoline,340.0HP 3.0L V6 Cylinder Engine Gasoline Fuel,7-Speed A/T,Blue,Red,None reported,Yes,36000,3.0,340.0,0,6,
Porsche,Panamera 4,2011,85000,Gasoline,300.0HP 3.6L V6 Cylinder Engine Gasoline Fuel,A/T,Gray,Beige,,Unknown,21500,3.6,300.0,0,6,
Genesis,G70 3.3T Advanced,2019,48000,Gasoline,365.0HP 3.3L V6 Cylinder Engine Gasoline Fuel,8-Speed A/T,Black,Black,None reported,Yes,29999,3.3,365.0,0,6,
Jeep,Wrangler Sport,2021,11756,Gasoline,"2L I-4 gasoline direct injection, DOHC, intercooled turbo, engin",Automatic,Granite Crystal Metallic Clearcoat,Black,At least 1 accident or damage reported,Unknown,33400,2.0,,1,,
Audi,Q5 2.0T Premium Plus,2018,50400,Gasoline,252.0HP 2.0L 4 Cylinder Engine Gasoline Fuel,Transmission w/Dual Shift Mode,White,Beige,None reported,Yes,28500,2.0,252.0,0,,
BMW,335 i xDrive,2012,153600,Gasoline,300.0HP 3.0L Straight 6 Cylinder Engine Gasoline Fuel,6-Speed M/T,Black,Black,None reported,Yes,17500,3.0,300.0,0,,
Land,Rover Range Rover P530 SE,2023,1869,Gasoline,4.4L V8 32V GDI DOHC Twin Turbo,Automatic,Eiger Grey,Deep Garnet,None reported,Yes,164725,4.4,,1,8,32
Dodge,Durango SRT 392,2022,31917,Gasoline,475.0HP 6.4L 8 Cylinder Engine Gasoline Fuel,8-Speed A/T,Gray,Black,None reported,Yes,64683,6.4,475.0,0,,
BMW,M3 Base,2016,56235,Gasoline,425.0HP 3.0L Straight 6 Cylinder Engine Gasoline Fuel,6-Speed M/T,Orange,Orange,None reported,Yes,50500,3.0,425.0,0,,
Ford,Fiesta ST,2019,28724,Gasoline,197.0HP 1.6L 4 Cylinder Engine Gasoline Fuel,6-Speed M/T,Gray,Black,At least 1 accident or damage reported,Yes,18300,1.6,197.0,0,,
Lincoln,MKS Base,2015,124400,Gasoline,305.0HP 3.7L V6 Cylinder Engine Gasoline Fuel,6-Speed A/T,White,Black,At least 1 accident or damage reported,Yes,9500,3.7,305.0,0,6,
Chevrolet,Tahoe Premier,2020,137000,Gasoline,355.0HP 5.3L 8 Cylinder Engine Gasoline Fuel,6-Speed A/T,Black,Black,None reported,Yes,46000,5.3,355.0,0,,
Ferrari,F430 Berlinetta,2005,38686,Gasoline,483.0HP 4.3L 8 Cylinder Engine Gasoline Fuel,Transmission w/Dual Shift Mode,White,Red,None reported,Yes,99999,4.3,483.0,0,,
Ford,F-250 Platinum,2022,6600,Gasoline,430.0HP 7.3L 8 Cylinder Engine Gasoline Fuel,10-Speed A/T,Blue,Black,At least 1 accident or damage reported,Yes,72900,7.3,430.0,0,,
Mercedes-Benz,SLK-Class SLK280 Roadster,2007,67200,Gasoline,228.0HP 3.0L V6 Cylinder Engine Gasoline Fuel,A/T,Silver,Black,None reported,Yes,11500,3.0,228.0,0,6,
Porsche,Macan,2021,16554,Gasoline,2.0 Liter,Automatic,White,Beige,None reported,Unknown,51698,2.0,,0,,
BMW,X5 PHEV xDrive45e,2023,15736,Plug-In Hybrid,389.0HP 3.0L Straight 6 Cylinder Engine Plug-In Electric/Gas,8-Speed A/T,Blue,Brown,None reported,Yes,67900,3.0,389.0,0,,
Mercedes-Benz,E-Class E500,2005,153460,Gasoline,302.0HP 5.0L 8 Cylinder Engine Gasoline Fuel,A/T,Gold,Gold,At least 1 accident or damage reported,Yes,5800,5.0,302.0,0,,
Acura,TL 3.7,2012,70000,Gasoline,305.0HP 3.7L V6 Cylinder Engine Gasoline Fuel,A/T,Black,Black,At least 1 accident or damage reported,Yes,15051,3.7,305.0,0,6,
Hyundai,Equus Signature,2011,143898,Gasoline,378.0HP 4.6L 8 Cylinder Engine Gasoline Fuel,6-Speed A/T,Gray,Brown,None reported,Yes,9950,4.6,378.0,0,,
Mercedes-Benz,SL-Class SL500 Roadster,2003,26190,Gasoline,302.0HP 5.0L 8 Cylinder Engine Gasoline Fuel,A/T,Gold,Beige,None reported,Yes,22000,5.0,302.0,0,,
Toyota,Land Cruiser Base,2000,209193,Gasoline,230.0HP 4.7L 8 Cylinder Engine Gasoline Fuel,A/T,Black,Beige,None reported,Yes,15900,4.7,230.0,0,,
RAM,2500 Big Horn,2018,27839,Gasoline,6.4L V8 16V MPFI OHV,6-Speed Automatic,Granite Crystal Clearcoat Metallic,Diesel Gray / Black,None reported,Yes,41688,6.4,,0,8,16
Chevrolet,Silverado 2500 WT,2018,141195,E85 Flex Fuel,6.0L V8 16V MPFI OHV Flexible Fuel,6-Speed Automatic,Summit White,Dark Ash,,Unknown,28499,6.0,,0,8,16
Porsche,Macan S,2022,20250,Gasoline,375.0HP 2.9L V6 Cylinder Engine Gasoline Fuel,7-Speed A/T,White,Beige,None reported,Yes,68500,2.9,375.0,0,6,
Jeep,Grand Cherokee L Limited,2022,18333,Gasoline,3.6L V6 24V MPFI DOHC,8-Speed Automatic,Velvet Red Pearlcoat,Global Black,None reported,Unknown,41599,3.6,,0,6,24
Mercedes-Benz,E-Class E 350,2014,35000,Gasoline,302.0HP 3.5L V6 Cylinder Engine Gasoline Fuel,7-Speed A/T,Red,Beige,None reported,Yes,29998,3.5,302.0,0,6,
Dodge,Magnum Base,2006,133255,Gasoline,250.0HP 3.5L V6 Cylinder Engine Gasoline Fuel,A/T,Silver,Gray,None reported,Yes,4000,3.5,250.0,0,6,
Porsche,Macan Turbo,2021,14526,Gasoline,2.9 Liter Turbo,Automatic,Black,–,None reported,Unknown,79998,2.9,,1,,
Mercedes-Benz,E-Class E 550,2014,43690,Gasoline,402.0HP 4.7L 8 Cylinder Engine Gasoline Fuel,A/T,Black,Black,None reported,Yes,23500,4.7,402.0,0,,
Porsche,Macan S,2020,29136,Gasoline,3.0 Liter Turbo,Automatic,White,Red,None reported,Unknown,58598,3.0,,1,,
Cadillac,XT5 Luxury,2017,72060,Gasoline,3.6L V6 24V GDI DOHC,8-Speed Automatic,Stellar Black Metallic,Shara Beige,None reported,Unknown,24590,3.6,,0,6,24
Toyota,Tundra Platinum,2023,8800,Gasoline,389.0HP 3.4L V6 Cylinder Engine Gasoline Fuel,A/T,Silver,Black,None reported,Yes,68500,3.4,389.0,0,6,
Nissan,Versa 1.6 SL,2015,85768,Gasoline,109.0HP 1.6L 4 Cylinder Engine Gasoline Fuel,CVT Transmission,White,Black,At least 1 accident or damage reported,Yes,8250,1.6,109.0,0,,
Mercedes-Benz,AMG GT 53 Base,2022,2235,Hybrid,429.0HP 3.0L Straight 6 Cylinder Engine Gasoline/Mild Electric Hybrid,Transmission w/Dual Shift Mode,Gray,Red,None reported,Yes,110000,3.0,429.0,0,,
Buick,Enclave Avenir,2019,121521,Gasoline,3.6L V6 24V GDI DOHC,9-Speed Automatic,Dark Slate Metallic,Ebony / Ebony Accents,None reported,Yes,26772,3.6,,0,6,24
Porsche,911 GT3,2015,23700,Gasoline,475.0HP 3.8L Flat 6 Cylinder Engine Gasoline Fuel,Transmission w/Dual Shift Mode,Black,Black,None reported,Yes,144940,3.8,475.0,0,,
BMW,328 i,2013,124000,Gasoline,230.0HP 3.0L Straight 6 Cylinder Engine Gasoline Fuel,A/T,White,Beige,None reported,Yes,11900,3.0,230.0,0,,
Acura,ILX Premium Package,2018,32260,Gasoline,201.0HP 2.4L 4 Cylinder Engine Gasoline Fuel,A/T,Black,Black,None reported,Yes,20999,2.4,201.0,0,,
Lexus,GX 460 Base,2015,92000,Gasoline,301.0HP 4.6L 8 Cylinder Engine Gasoline Fuel,6-Speed A/T,Black,Black,None reported,Yes,28000,4.6,301.0,0,,
Toyota,Land Cruiser Base,2010,269885,Gasoline,381.0HP 5.7L 8 Cylinder Engine Gasoline Fuel,6-Speed A/T,Black,Beige,At least 1 accident or damage reported,Yes,22500,5.7,381.0,0,,
Chevrolet,Corvette Base,2008,51855,Gasoline,430.0HP 6.2L 8 Cylinder Engine Gasoline Fuel,6-Speed A/T,Red,Red,None reported,Yes,35900,6.2,430.0,0,,
Mazda,Mazda6 i Touring,2015,124000,Gasoline,184.0HP 2.5L 4 Cylinder Engine Gasoline Fuel,6-Speed M/T,White,Beige,At least 1 accident or damage reported,Yes,12900,2.5,184.0,0,,
Jaguar,F-TYPE R,2015,26000,Gasoline,550.0HP 5.0L 8 Cylinder Engine Gasoline Fuel,8-Speed A/T,Blue,Red,None reported,Yes,52500,5.0,550.0,0,,
Audi,A3 2.0T Premium,2018,36500,Gasoline,220.0HP 2.0L 4 Cylinder Engine Gasoline Fuel,6-Speed A/T,Gray,Silver,At least 1 accident or damage reported,Yes,25500,2.0,220.0,0,,
Chevrolet,Camaro 2SS,2022,1400,Gasoline,455.0HP 6.2L 8 Cylinder Engine Gasoline Fuel,10-Speed A/T,Black,Black,None reported,Yes,54900,6.2,455.0,0,,
Jeep,Wrangler Unlimited Sport S,2018,17000,Gasoline,285.0HP 3.6L V6 Cylinder Engine Gasoline Fuel,A/T,Black,Black,None reported,Yes,38500,3.6,285.0,0,6,
Honda,Civic Sport,2021,42750,Gasoline,1.5L I4 16V GDI DOHC Turbo,Automatic CVT,Black,Black,None reported,Yes,25698,1.5,,1,,16
Porsche,Cayman Base,2011,67998,Gasoline,265.0HP 2.9L Flat 6 Cylinder Engine Gasoline Fuel,6-Speed M/T,White,Beige,None reported,Yes,30000,2.9,265.0,0,,
Ford,Mustang GT,2008,64500,Gasoline,300.0HP 4.6L 8 Cylinder Engine Gasoline Fuel,5-Speed M/T,Black,Red,At least 1 accident or damage reported,Yes,16000,4.6,300.0,0,,
Toyota,FJ Cruiser Base,2007,102000,Gasoline,239.0HP 4.0L V6 Cylinder Engine Gasoline Fuel,6-Speed M/T,Blue,Black,None reported,Yes,24900,4.0,239.0,0,6,
Land,Rover Discovery SE,2004,145000,Gasoline,217.0HP 4.6L 8 Cylinder Engine Gasoline Fuel,A/T,Green,Beige,None reported,Yes,15500,4.6,217.0,0,,
Porsche,718 Boxster S,2018,50000,Gasoline,350.0HP 2.5L 4 Cylinder Engine Gasoline Fuel,A/T,Blue,Black,At least 1 accident or damage reported,Yes,55000,2.5,350.0,0,,
Chevrolet,Corvette Base,2004,37622,Gasoline,350.0HP 5.7L 8 Cylinder Engine Gasoline Fuel,A/T,Blue,Beige,None reported,Yes,25500,5.7,350.0,0,,
Toyota,Avalon Limited,2006,89987,Gasoline,268.0HP 3.5L V6 Cylinder Engine Gasoline Fuel,5-Speed A/T,Green,Beige,None reported,Yes,9499,3.5,268.0,0,6,
INFINITI,QX80 Base,2015,136390,Gasoline,5.6L V8 32V GDI DOHC,7-Speed Automatic,Black Obsidian,Black,None reported,Yes,20470,5.6,,0,8,32
Cadillac,DeVille Base,1994,90000,–,–,A/T,Green,Beige,At least 1 accident or damage reported,Yes,2990,,,0,,
Chevrolet,Camaro 2SS,2015,27000,Gasoline,426.0HP 6.2L 8 Cylinder Engine Gasoline Fuel,Transmission w/Dual Shift Mode,Black,Beige,None reported,Yes,33000,6.2,426.0,0,,
Jeep,Liberty Renegade,2004,144770,Gasoline,210.0HP 3.7L V6 Cylinder Engine Gasoline Fuel,4-Speed A/T,Beige,Beige,At least 1 accident or damage reported,Yes,6500,3.7,210.0,0,6,
Toyota,4Runner Trail,2011,157000,Gasoline,270.0HP 4.0L V6 Cylinder Engine Gasoline Fuel,Transmission w/Dual Shift Mode,Black,Beige,None reported,Yes,23500,4.0,270.0,0,6,
BMW,328 i xDrive,2010,132000,Gasoline,230.0HP 3.0L Straight 6 Cylinder Engine Gasoline Fuel,Transmission w/Dual Shift Mode,Silver,Black,At least 1 accident or damage reported,Yes,8500,3.0,230.0,0,,
Ford,Excursion Limited Ultimate,2002,137000,Diesel,250.0HP 7.3L 8 Cylinder Engine Diesel Fuel,4-Speed A/T,Gold,Gold,None reported,Yes,15000,7.3,250.0,0,,
Lexus,IS 300 Base,2018,50992,Gasoline,260.0HP 3.5L V6 Cylinder Engine Gasoline Fuel,A/T,White,Gray,At least 1 accident or damage reported,Yes,28000,3.5,260.0,0,6,
Cadillac,CTS Performance,2010,105760,Gasoline,270.0HP 3.0L V6 Cylinder Engine Gasoline Fuel,6-Speed A/T,Black,Black,None reported,Yes,12900,3.0,270.0,0,6,
Lexus,LC 500 Base,2018,29800,Gasoline,471.0HP 5.0L 8 Cylinder Engine Gasoline Fuel,10-Speed A/T,Black,Black,None reported,Yes,68495,5.0,471.0,0,,
BMW,540 i xDrive,2019,21000,Gasoline,335.0HP 3.0L Straight 6 Cylinder Engine Gasoline Fuel,Transmission w/Dual Shift Mode,Blue,Black,At least 1 accident or damage reported,Yes,42000,3.0,335.0,0,,
Chevrolet,Corvette Base,1998,152195,Gasoline,340.0HP 5.7L 8 Cylinder Engine Gasoline Fuel,A/T,Black,Black,None reported,Yes,9900,5.7,340.0,0,,
Hummer,H2 Base,2006,169900,Gasoline,325.0HP 6.0L 8 Cylinder Engine Gasoline Fuel,A/T,Orange,Black,At least 1 accident or damage reported,Yes,16900,6.0,325.0,0,,
Volvo,XC90 3.2,2008,196000,Gasoline,235.0HP 3.2L Straight 6 Cylinder Engine Gasoline Fuel,A/T,Black,Beige,None reported,Yes,6499,3.2,235.0,0,,
Jeep,Wrangler Unlimited Sahara,2009,180036,Gasoline,202.0HP 3.8L V6 Cylinder Engine Gasoline Fuel,A/T,Black,Black,At least 1 accident or damage reported,Yes,9100,3.8,202.0,0,6,
Land,Rover Discovery HSE LUXURY,2017,57918,Gasoline,340.0HP 3.0L V6 Cylinder Engine Gasoline Fuel,Transmission w/Dual Shift Mode,Gray,Gray,None reported,Yes,33500,3.0,340.0,0,6,
BMW,340 i,2017,98600,Gasoline,320.0HP 3.0L Straight 6 Cylinder Engine Gasoline Fuel,8-Speed A/T,Silver,Black,None reported,Yes,26500,3.0,320.0,0,,
Ford,F-250 Lariat,2018,120000,Diesel,450.0HP 6.7L 8 Cylinder Engine Diesel Fuel,6-Speed A/T,Silver,Black,At least 1 accident or damage reported,Yes,55000,6.7,450.0,0,,
BMW,M3 Competition,2022,14269,Gasoline,503.0HP 3.0L Straight 6 Cylinder Engine Gasoline Fuel,8-Speed A/T,Gray,Orange,None reported,Yes,80000,3.0,503.0,0,,
Lexus,LC 500 Base,2022,6875,Gasoline,471.0HP 5.0L 8 Cylinder Engine Gasoline Fuel,A/T,White,Black,None reported,Yes,89000,5.0,471.0,0,,
Honda,CR-V Touring,2019,55100,Gasoline,1.5L I4 16V GDI DOHC Turbo,Automatic CVT,White,Gray,None reported,Unknown,28324,1.5,,1,,16
Porsche,Panamera S,2012,49000,Gasoline,400.0HP 4.8L 8 Cylinder Engine Gasoline Fuel,7-Speed A/T,White,Black,,Unknown,41500,4.8,400.0,0,,
BMW,750 i,2009,74600,Gasoline,400.0HP 4.4L 8 Cylinder Engine Gasoline Fuel,A/T,White,Brown,None reported,Yes,15000,4.4,400.0,0,,
Audi,A7 3.0T Premium,2019,45900,Hybrid,335.0HP 3.0L V6 Cylinder Engine Gasoline/Mild Electric Hybrid,Transmission w/Dual Shift Mode,Black,Black,At least 1 accident or damage reported,Yes,41500,3.0,335.0,0,6,
Chrysler,200 Limited,2015,95271,E85 Flex Fuel,184.0HP 2.4L 4 Cylinder Engine Flex Fuel Capability,A/T,Black,Black,,Unknown,12468,2.4,184.0,0,,
Ford,F-150 XL,2021,88883,Gasoline,2.7L V6 24V PDI DOHC Twin Turbo,10-Speed Automatic,Agate Black Metallic,Black,None reported,Yes,33172,2.7,,1,6,24
Dodge,Grand Caravan R/T,2013,43000,E85 Flex Fuel,283.0HP 3.6L V6 Cylinder Engine Flex Fuel Capability,6-Speed A/T,Red,Black,None reported,Yes,35000,3.6,283.0,0,6,
Ford,Focus SE,2018,33700,E85 Flex Fuel,160.0HP 2.0L 4 Cylinder Engine Flex Fuel Capability,A/T,Gray,Black,At least 1 accident or damage reported,Yes,12000,2.0,160.0,0,,
RAM,2500 Big Horn,2016,95115,Diesel,6.7L I6 24V DDI OHV Turbo Diesel,6-Speed Automatic,Bright White Clearcoat,Diesel Gray / Black,None reported,Yes,43640,6.7,,1,,24
Lotus,Elise Base,2005,25250,Gasoline,190.0HP 1.8L 4 Cylinder Engine Gasoline Fuel,M/T,Red,Black,,Unknown,44000,1.8,190.0,0,,
Chevrolet,Corvette Base,2007,20200,Gasoline,400.0HP 6.0L 8 Cylinder Engine Gasoline Fuel,6-Speed A/T,Red,Red,None reported,Yes,27500,6.0,400.0,0,,
Audi,allroad 2.0T Prestige,2013,104457,Gasoline,211.0HP 2.0L 4 Cylinder Engine Gasoline Fuel,8-Speed A/T,Silver,Black,None reported,Yes,17900,2.0,211.0,0,,
McLaren,570S Spider,2018,8984,Gasoline,3.8L V8 32V MPFI DOHC Twin Turbo,7-Speed Automatic with Auto-Shift,Vega Blue,Black,None reported,Unknown,171900,3.8,,1,8,32
Chevrolet,Express 2500 Work Van,2017,76000,Gasoline,285.0HP 4.8L 8 Cylinder Engine Gasoline Fuel,A/T,Silver,–,None reported,Yes,41400,4.8,285.0,0,,
Chevrolet,Traverse High Country,2020,56247,Gasoline,3.6L V6 24V GDI DOHC,9-Speed Automatic,Stone Gray Metallic,Jet Black,None reported,Yes,39244,3.6,,0,6,24
Jeep,Wrangler S,1994,50750,–,–,5-Speed M/T,Blue,Gray,None reported,Yes,15000,,,0,,
Acura,ILX Technology Plus Package,2016,61000,Gasoline,201.0HP 2.4L 4 Cylinder Engine Gasoline Fuel,A/T,Black,Black,At least 1 accident or damage reported,Yes,21000,2.4,201.0,0,,
Chevrolet,Camaro 1LT,2019,9111,Gasoline,3.6L V6 GDI DOHC,8-Speed Automatic,Summit White,Jet Black,None reported,Unknown,27599,3.6,,0,6,
Lexus,ES 350 Base,2015,100900,Gasoline,3.5 Liter,Automatic,Matador Red Mica,Parchment,None reported,Unknown,21998,3.5,,0,,
Ford,F-150 XLT,2021,24207,Gasoline,2.7L V6 24V PDI DOHC Twin Turbo,10-Speed Automatic,Black,–,None reported,Yes,43430,2.7,,1,6,24
Tesla,Model Y Long Range,2022,9411,,Dual Motor - Standard,Automatic,Silver,Black,None reported,Unknown,47998,,,0,,
Chevrolet,Corvette Z06,2006,21000,Gasoline,505.0HP 7.0L 8 Cylinder Engine Gasoline Fuel,6-Speed M/T,Silver,Black,None reported,Yes,47500,7.0,505.0,0,,
Cadillac,CTS 3.6L Premium Luxury,2019,136150,Gasoline,335.0HP 3.6L V6 Cylinder Engine Gasoline Fuel,Transmission w/Dual Shift Mode,Silver,Black,At least 1 accident or damage reported,Yes,22500,3.6,335.0,0,6,
BMW,M3 Base,2009,78414,Gasoline,420.0HP 4.0L 8 Cylinder Engine Gasoline Fuel,7-Speed A/T,Silver,Gray,At least 1 accident or damage reported,Yes,28750,4.0,420.0,0,,
Mazda,Mazda3 FWD w/Preferred Package,2019,60800,Gasoline,186.0HP 2.5L 4 Cylinder Engine Gasoline Fuel,6-Speed A/T,Red,Beige,None reported,Yes,19900,2.5,186.0,0,,
Ford,Maverick XLT,2022,16400,Hybrid,191.0HP 2.5L 4 Cylinder Engine Gas/Electric Hybrid,CVT Transmission,Gray,Gray,None reported,Yes,34000,2.5,191.0,0,,
Toyota,Highlander Hybrid Limited,2018,62200,Hybrid,306.0HP 3.5L V6 Cylinder Engine Gas/Electric Hybrid,CVT Transmission,Brown,Beige,None reported,Yes,35707,3.5,306.0,0,6,
BMW,X6 xDrive40i,2021,72903,Hybrid,3.0 Liter Turbo,SCHEDULED FOR OR IN PRODUCTION,Black Sapphire Metallic,Black,At least 1 accident or damage reported,Unknown,53998,3.0,,1,,
Lincoln,Town Car Signature,2003,142215,Gasoline,239.0HP 4.6L 8 Cylinder Engine Gasoline Fuel,4-Speed A/T,Gray,Beige,None reported,Yes,5000,4.6,239.0,0,,
Mercedes-Benz,SL-Class SL550 Roadster,2007,150000,Gasoline,382.0HP 5.5L 8 Cylinder Engine Gasoline Fuel,A/T,Black,Black,None reported,Yes,8000,5.5,382.0,0,,
Ford,Mustang GT,1998,49170,Gasoline,225.0HP 4.6L 8 Cylinder Engine Gasoline Fuel,A/T,Silver,Black,None reported,Yes,12500,4.6,225.0,0,,
Chevrolet,Suburban 1500 LT,2015,167500,Gasoline,355.0HP 5.3L 8 Cylinder Engine Gasoline Fuel,6-Speed A/T,Silver,Black,None reported,Yes,18000,5.3,355.0,0,,
Ford,Fusion SE,2016,110450,Gasoline,231.0HP 2.0L 4 Cylinder Engine Gasoline Fuel,6-Speed A/T,Silver,Brown,None reported,Yes,11000,2.0,231.0,0,,
Audi,S4 3.0T Premium Plus,2014,106000,Gasoline,333.0HP 3.0L V6 Cylinder Engine Gasoline Fuel,6-Speed M/T,Gray,Black,At least 1 accident or damage reported,Yes,23000,3.0,333.0,0,6,
Chevrolet,Suburban Premier,2017,92728,Gasoline,355.0HP 5.3L 8 Cylinder Engine Gasoline Fuel,6-Speed A/T,White,Black,None reported,Yes,34900,5.3,355.0,0,,
Ford,Bronco Big Bend,2022,17000,Gasoline,275.0HP 2.3L 4 Cylinder Engine Gasoline Fuel,A/T,Gray,–,None reported,Yes,44000,2.3,275.0,0,,
Ford,F-250 XL,2016,75200,E85 Flex Fuel,385.0HP 6.2L 8 Cylinder Engine Flex Fuel Capability,6-Speed A/T,White,Gray,None reported,Yes,22000,6.2,385.0,0,,
Dodge,Challenger SRT Hellcat,2015,1800,Gasoline,707.0HP 6.2L 8 Cylinder Engine Gasoline Fuel,A/T,Green,Black,None reported,Yes,64990,6.2,707.0,0,,
Toyota,Tacoma TRD Sport,2019,36283,Gasoline,3.5 Liter,Automatic,Barcelona Red,Black,None reported,Unknown,39598,3.5,,0,,
Audi,Q5 S line Premium Plus,2023,6682,Hybrid,2.0 Liter TFSI,Automatic,Mythos Black Metallic,Rock Gray,None reported,Unknown,47798,2.0,,0,,
Jeep,Wrangler Sport,2018,23399,Gasoline,2.0L I4 16V GDI DOHC Turbo,8-Speed Automatic,Black Clearcoat,Black,None reported,Unknown,28999,2.0,,1,,16
Genesis,G80 3.8,2017,29720,Gasoline,311.0HP 3.8L V6 Cylinder Engine Gasoline Fuel,8-Speed A/T,Brown,Beige,None reported,Yes,29500,3.8,311.0,0,6,
Mercedes-Benz,SL-Class SL63 AMG Roadster,2009,56000,Gasoline,518.0HP 6.3L 8 Cylinder Engine Gasoline Fuel,A/T,Black,Black,None reported,Yes,44850,6.3,518.0,0,,
Lexus,LX 570 Three-Row,2020,59419,Gasoline,383.0HP 5.7L 8 Cylinder Engine Gasoline Fuel,A/T,Silver,Beige,None reported,Yes,73000,5.7,383.0,0,,
Kia,Stinger GT2,2018,69100,Gasoline,365.0HP 3.3L V6 Cylinder Engine Gasoline Fuel,8-Speed A/T,Red,Black,None reported,Yes,32500,3.3,365.0,0,6,
Nissan,GT-R Premium,2021,22185,Gasoline,3.8L V6 24V MPFI DOHC Twin Turbo,6-Speed Automatic with Auto-Shift,Bayside Blue,Gray,None reported,Yes,131999,3.8,,1,6,24
Chevrolet,Trailblazer SS,2008,29586,Gasoline,390.0HP 6.0L 8 Cylinder Engine Gasoline Fuel,A/T,White,Black,None reported,Yes,47900,6.0,390.0,0,,
Chevrolet,Silverado 2500 WT,2021,63866,Gasoline,6.6L V8 16V GDI OHV,Automatic,Silver Ice Metallic,Jet Black,None reported,Yes,41885,6.6,,0,8,16
Chevrolet,Suburban LTZ,2016,135484,Gasoline,5.3L V8 16V GDI OHV,6-Speed Automatic,Tungsten Metallic,Cocoa / Dune,,Unknown,29748,5.3,,0,8,16
Mercedes-Benz,E-Class E 350,2014,78500,Gasoline,302.0HP 3.5L V6 Cylinder Engine Gasoline Fuel,7-Speed A/T,Silver,Black,At least 1 accident or damage reported,Yes,17900,3.5,302.0,0,6,
BMW,M3 Base,2012,7982,Gasoline,414.0HP 4.0L 8 Cylinder Engine Gasoline Fuel,7-Speed A/T,Silver,Red,,Unknown,51900,4.0,414.0,0,,
Bentley,Continental GT V8,2022,1795,Gasoline,"4L V-8 gasoline direct injection, DOHC, variable valve control,",Automatic,Onyx Black,Beluga,None reported,Unknown,269991,4.0,,0,,
Volkswagen,Golf R Base,2022,1067,Gasoline,315.0HP 2.0L 4 Cylinder Engine Gasoline Fuel,7-Speed A/T,White,Blue,None reported,Yes,48000,2.0,315.0,0,,
Ford,Explorer Limited,2017,152000,Gasoline,290.0HP 3.5L V6 Cylinder Engine Gasoline Fuel,6-Speed A/T,Gray,Black,None reported,Yes,15499,3.5,290.0,0,6,
Honda,Odyssey LX,2011,185000,Gasoline,248.0HP 3.5L V6 Cylinder Engine Gasoline Fuel,A/T,Purple,–,None reported,Yes,8900,3.5,248.0,0,6,
Dodge,Ram 2500 SLT Mega Cab,2007,97724,Diesel,350.0HP 6.7L Straight 6 Cylinder Engine Diesel Fuel,A/T,Red,Gray,None reported,Yes,19998,6.7,350.0,0,,
Honda,Civic Sport,2020,22227,Gasoline,2.0L I4 16V MPFI DOHC,Automatic CVT,Red,Black,,Unknown,25980,2.0,,0,,16
Honda,Civic LX,2016,111000,Gasoline,158.0HP 2.0L 4 Cylinder Engine Gasoline Fuel,A/T,Blue,Black,None reported,Yes,13000,2.0,158.0,0,,
Ford,F-250 XLT,2019,32268,E85 Flex Fuel,385.0HP 6.2L 8 Cylinder Engine Flex Fuel Capability,6-Speed A/T,White,Gray,None reported,Yes,46500,6.2,385.0,0,,
Nissan,Pathfinder SV,2019,122009,Gasoline,3.5 Liter,Automatic,Gray,Black,None reported,Unknown,18998,3.5,,0,,
Land,Rover Range Rover HSE SWB,2020,57785,Hybrid,395.0HP 3.0L Straight 6 Cylinder Engine Gasoline/Mild Electric Hybrid,A/T,Black,Black,None reported,Yes,63995,3.0,395.0,0,,
BMW,M3 Base,2002,204884,Gasoline,333.0HP 3.2L Straight 6 Cylinder Engine Gasoline Fuel,6-Speed M/T,Silver,Black,At least 1 accident or damage reported,Yes,21500,3.2,333.0,0,,
Hummer,H2 Base,2003,179400,Gasoline,316.0HP 6.0L 8 Cylinder Engine Gasoline Fuel,A/T,White,Brown,At least 1 accident or damage reported,Yes,15000,6.0,316.0,0,,
Mazda,RX-8 R3,2009,57000,Gasoline,232.0HP 1.3L Rotary engine Gasoline Fuel,6-Speed M/T,Red,Black,None reported,Yes,14000,1.3,232.0,0,,
Lexus,LX 570 Three-Row,2021,25997,Gasoline,383.0HP 5.7L 8 Cylinder Engine Gasoline Fuel,A/T,Green,Brown,None reported,Yes,87000,5.7,383.0,0,,
Chevrolet,Suburban Z71,2022,36555,Gasoline,5.3L V8 16V GDI OHV,Automatic,Summit White,Jet Black,None reported,Yes,64288,5.3,,0,8,16
Mercedes-Benz,S-Class S 580 4MATIC,2023,989,Gasoline,4.0L V8 32V GDI DOHC Twin Turbo,9-Speed Automatic,Black,Black,None reported,Yes,122950,4.0,,1,8,32
Chevrolet,Corvette Base,2007,28514,Gasoline,400.0HP 6.0L 8 Cylinder Engine Gasoline Fuel,Transmission w/Dual Shift Mode,Red,Gray,None reported,Yes,32000,6.0,400.0,0,,
Ford,Mustang GT Premium,2019,10400,Gasoline,460.0HP 5.0L 8 Cylinder Engine Gasoline Fuel,10-Speed A/T,Red,Gray,None reported,Yes,40000,5.0,460.0,0,,
Chevrolet,Equinox Premier w/2LZ,2020,51133,Gasoline,2.0L I4 16V GDI DOHC Turbo,9-Speed Automatic,Iridescent Pearl Tricoat,Jet Black,At least 1 accident or damage reported,Unknown,25800,2.0,,1,,16
Chevrolet,Camaro Z28,1999,58800,Gasoline,305.0HP 5.7L 8 Cylinder Engine Gasoline Fuel,A/T,White,White,None reported,Yes,15000,5.7,305.0,0,,
Land,Rover Discovery HSE,2018,85000,Gasoline,340.0HP 3.0L V6 Cylinder Engine Gasoline Fuel,8-Speed A/T,Gray,Black,None reported,Yes,33000,3.0,340.0,0,6,
Jeep,Wrangler SE,2000,95200,Gasoline,120.0HP 2.5L 4 Cylinder Engine Gasoline Fuel,5-Speed M/T,Black,Black,None reported,Yes,11999,2.5,120.0,0,,
Toyota,Highlander XLE,2015,68575,Gasoline,270.0HP 3.5L V6 Cylinder Engine Gasoline Fuel,A/T,Silver,Gray,At least 1 accident or damage reported,Yes,26000,3.5,270.0,0,6,
Chevrolet,Corvette Grand Sport,2011,12300,Gasoline,430.0HP 6.2L 8 Cylinder Engine Gasoline Fuel,6-Speed A/T,Red,Black,None reported,Yes,45000,6.2,430.0,0,,
Chevrolet,Corvette Stingray,2018,13900,Gasoline,455.0HP 6.2L 8 Cylinder Engine Gasoline Fuel,8-Speed A/T,White,Red,None reported,Yes,54490,6.2,455.0,0,,
Mercedes-Benz,SLK-Class SLK230 Kompressor,2001,58800,Gasoline,190.0HP 2.3L 4 Cylinder Engine Gasoline Fuel,A/T,Silver,Black,None reported,Yes,9000,2.3,190.0,0,,
Nissan,Juke NISMO RS,2016,30700,Gasoline,215.0HP 1.6L 4 Cylinder Engine Gasoline Fuel,6-Speed M/T,Black,Black,At least 1 accident or damage reported,Yes,21500,1.6,215.0,0,,
Porsche,911 Carrera C2S,2005,104000,Gasoline,355.0HP 3.8L Flat 6 Cylinder Engine Gasoline Fuel,6-Speed M/T,Silver,Black,None reported,Yes,44800,3.8,355.0,0,,
Chevrolet,Colorado LT,2019,139116,Gasoline,3.6L V6 24V GDI DOHC,Automatic,Red,Jet Black,At least 1 accident or damage reported,Yes,24899,3.6,,0,6,24
Porsche,Macan S,2019,36700,Gasoline,348.0HP 3.0L V6 Cylinder Engine Gasoline Fuel,7-Speed A/T,Blue,Blue,At least 1 accident or damage reported,Yes,48990,3.0,348.0,0,6,
Mercedes-Benz,GLE 350 Base 4MATIC,2022,24500,Gasoline,255.0HP 2.0L 4 Cylinder Engine Gasoline Fuel,9-Speed A/T,White,Beige,None reported,Yes,82150,2.0,255.0,0,,
Toyota,Land Cruiser Base,2017,65000,Gasoline,381.0HP 5.7L 8 Cylinder Engine Gasoline Fuel,A/T,Black,Brown,At least 1 accident or damage reported,Yes,65000,5.7,381.0,0,,
BMW,X6 xDrive40i,2021,27654,Hybrid,3.0 Liter Turbo,Automatic,Mineral White,Black,None reported,Unknown,61998,3.0,,1,,
Rivian,R1S Adventure Package,2023,542,,835.0HP Electric Motor Electric Fuel System,A/T,Black,Black,None reported,Yes,92500,,835.0,0,,
Toyota,Highlander Platinum,2020,41000,Gasoline,295.0HP 3.5L V6 Cylinder Engine Gasoline Fuel,8-Speed A/T,Blue,Black,None reported,Yes,38700,3.5,295.0,0,6,
Mercedes-Benz,SL-Class SL 63 AMG,2011,47400,Gasoline,518.0HP 6.3L 8 Cylinder Engine Gasoline Fuel,7-Speed A/T,White,Black,At least 1 accident or damage reported,Yes,41000,6.3,518.0,0,,
Ford,Thunderbird Deluxe,2002,40110,Gasoline,252.0HP 3.9L 8 Cylinder Engine Gasoline Fuel,A/T,Yellow,Black,None reported,Yes,18500,3.9,252.0,0,,
RAM,2500 Big Horn,2014,124700,Gasoline,410.0HP 6.4L 8 Cylinder Engine Gasoline Fuel,6-Speed A/T,Silver,–,None reported,Yes,30000,6.4,410.0,0,,
Ford,F-350 XLT,2013,31000,E85 Flex Fuel,316.0HP 6.2L 8 Cylinder Engine Flex Fuel Capability,A/T,Black,Gray,At least 1 accident or damage reported,Yes,35000,6.2,316.0,0,,
Toyota,RAV4 Prime XSE,2022,7100,Plug-In Hybrid,302.0HP 2.5L 4 Cylinder Engine Plug-In Electric/Gas,A/T,Gray,Black,None reported,Yes,49000,2.5,302.0,0,,
Jeep,Grand Cherokee Limited,2018,91677,Gasoline,3.6L V6 24V MPFI DOHC,8-Speed Automatic,Granite Crystal Clearcoat Metallic,Black,None reported,Unknown,26816,3.6,,0,6,24
Ford,Focus SE,2009,107500,Gasoline,132.0HP 2.0L 4 Cylinder Engine Gasoline Fuel,A/T,White,Black,None reported,Yes,9500,2.0,132.0,0,,
Porsche,911 Carrera 4 GTS,2023,1518,Gasoline,473.0HP 3.0L Flat 6 Cylinder Engine Gasoline Fuel,8-Speed A/T,Beige,Brown,None reported,Yes,194965,3.0,473.0,0,,
Chevrolet,Corvette Stingray w/2LT,2023,5200,Gasoline,490.0HP 6.2L 8 Cylinder Engine Gasoline Fuel,8-Speed A/T,White,Red,None reported,Yes,88900,6.2,490.0,0,,
Ford,F-150 XLT SuperCab,1999,48054,Gasoline,220.0HP 4.6L 8 Cylinder Engine Gasoline Fuel,A/T,White,Gray,None reported,Yes,9500,4.6,220.0,0,,
Porsche,Macan Base,2018,87500,Gasoline,252.0HP 2.0L 4 Cylinder Engine Gasoline Fuel,Transmission w/Dual Shift Mode,Blue,Beige,None reported,Yes,28000,2.0,252.0,0,,
Acura,ZDX Base,2012,106335,Gasoline,300.0HP 3.7L V6 Cylinder Engine Gasoline Fuel,6-Speed A/T,White,Gray,None reported,Yes,19000,3.7,300.0,0,6,
Chevrolet,Suburban Premier,2017,133598,Gasoline,5.3L V8 16V GDI OHV,6-Speed Automatic,Siren Red Tintcoat,Jet Black,At least 1 accident or damage reported,Yes,29999,5.3,,0,8,16
Chevrolet,Traverse Premier,2018,68455,Gasoline,3.6L V6 24V GDI DOHC,9-Speed Automatic,Silver Ice Metallic,Jet Black,None reported,Yes,30989,3.6,,0,6,24
Mercedes-Benz,E-Class E 400,2018,28690,Gasoline,329.0HP 3.0L V6 Cylinder Engine Gasoline Fuel,A/T,White,Beige,None reported,Yes,38880,3.0,329.0,0,6,
BMW,M3 Base,2012,83000,Gasoline,414.0HP 4.0L 8 Cylinder Engine Gasoline Fuel,7-Speed A/T,Black,Red,At least 1 accident or damage reported,Yes,31000,4.0,414.0,0,,
Ford,F-250 XLT,2019,38600,Diesel,450.0HP 6.7L 8 Cylinder Engine Diesel Fuel,6-Speed A/T,Blue,–,None reported,Yes,54500,6.7,450.0,0,,
Toyota,Highlander SE,2019,92000,Gasoline,295.0HP 3.5L V6 Cylinder Engine Gasoline Fuel,A/T,Red,Beige,At least 1 accident or damage reported,Yes,30000,3.5,295.0,0,6,
Saturn,Sky Red Line,2009,134000,Gasoline,260.0HP 2.0L 4 Cylinder Engine Gasoline Fuel,5-Speed M/T,Blue,Black,At least 1 accident or damage reported,Yes,9500,2.0,260.0,0,,
Lexus,LS 460 Base,2012,103000,Gasoline,380.0HP 4.6L 8 Cylinder Engine Gasoline Fuel,A/T,White,Beige,None reported,Yes,20500,4.6,380.0,0,,
Honda,CR-V LX,2004,176261,Gasoline,160.0HP 2.4L 4 Cylinder Engine Gasoline Fuel,M/T,Gray,Gray,None reported,Yes,3750,2.4,160.0,0,,
Ford,Mustang GT Premium,2010,58500,Gasoline,315.0HP 4.6L 8 Cylinder Engine Gasoline Fuel,5-Speed M/T,White,Red,At least 1 accident or damage reported,Yes,20000,4.6,315.0,0,,
Ford,F-250 Limited,2018,64000,Diesel,450.0HP 6.7L 8 Cylinder Engine Diesel Fuel,A/T,Red,Beige,None reported,Yes,64000,6.7,450.0,0,,
Porsche,Boxster Black Edition,2016,24881,Gasoline,265.0HP 2.7L Flat 6 Cylinder Engine Gasoline Fuel,Transmission w/Dual Shift Mode,Black,Black,At least 1 accident or damage reported,Yes,49999,2.7,265.0,0,,
Chevrolet,Corvette Base,1998,134000,Gasoline,340.0HP 5.7L 8 Cylinder Engine Gasoline Fuel,A/T,Red,Beige,None reported,Yes,11500,5.7,340.0,0,,
Ford,Explorer XLT,2013,82900,Gasoline,290.0HP 3.5L V6 Cylinder Engine Gasoline Fuel,6-Speed A/T,White,Gray,At least 1 accident or damage reported,Yes,16000,3.5,290.0,0,6,
BMW,Z4 3.0si,2008,59257,Gasoline,255.0HP 3.0L Straight 6 Cylinder Engine Gasoline Fuel,6-Speed M/T,Gray,Black,None reported,Yes,18200,3.0,255.0,0,,
Lexus,RX 350 F Sport,2016,81400,Gasoline,295.0HP 3.5L V6 Cylinder Engine Gasoline Fuel,8-Speed A/T,Gray,Red,At least 1 accident or damage reported,Yes,26000,3.5,295.0,0,6,
Hyundai,Accent SEL,2022,5100,Gasoline,120.0HP 1.6L 4 Cylinder Engine Gasoline Fuel,A/T,Blue,Black,None reported,Yes,19500,1.6,120.0,0,,
Ford,Expedition Max XLT,2020,67072,Gasoline,375.0HP 3.5L V6 Cylinder Engine Gasoline Fuel,A/T,Purple,Black,None reported,Yes,38500,3.5,375.0,0,6,
BMW,328 i xDrive,2016,65000,Gasoline,240.0HP 2.0L 4 Cylinder Engine Gasoline Fuel,Transmission w/Dual Shift Mode,Silver,Black,None reported,Yes,19500,2.0,240.0,0,,
Ford,Fusion SE,2014,80800,Gasoline,175.0HP 2.5L 4 Cylinder Engine Gasoline Fuel,A/T,Blue,Beige,None reported,Yes,10000,2.5,175.0,0,,
Ford,F-150 XLT,2020,53401,Gasoline,375.0HP 3.5L V6 Cylinder Engine Gasoline Fuel,10-Speed A/T,Gray,Black,None reported,Yes,39500,3.5,375.0,0,6,
Ford,F-150 Platinum,2021,15555,Gasoline,5.0L 8 Cylinder,10-Speed Automatic,Blue,Black,None reported,Yes,62890,5.0,,0,,
Dodge,Ram 1500 SLT Mega Cab,2006,201509,Gasoline,345.0HP 5.7L 8 Cylinder Engine Gasoline Fuel,5-Speed A/T,Gray,Gray,At least 1 accident or damage reported,Yes,11000,5.7,345.0,0,,
Honda,Civic EX,2013,107000,Gasoline,140.0HP 1.8L 4 Cylinder Engine Gasoline Fuel,A/T,Silver,Black,None reported,Yes,14000,1.8,140.0,0,,
Land,Rover Range Rover Velar P250 S R-Dynamic,2020,30500,Gasoline,247.0HP 2.0L 4 Cylinder Engine Gasoline Fuel,A/T,Silver,Beige,None reported,Yes,44000,2.0,247.0,0,,
Toyota,Tacoma Base,2011,36000,Gasoline,159.0HP 2.7L 4 Cylinder Engine Gasoline Fuel,5-Speed M/T,Gray,Gray,None reported,Yes,20000,2.7,159.0,0,,
Ford,F-250 XLT,2019,38514,E85 Flex Fuel,385.0HP 6.2L 8 Cylinder Engine Flex Fuel Capability,A/T,Black,Gray,At least 1 accident or damage reported,Yes,45998,6.2,385.0,0,,
Mercedes-Benz,Sprinter 2500 Standard Roof,2022,4590,Gasoline,188.0HP 2.0L 4 Cylinder Engine Gasoline Fuel,A/T,White,Black,None reported,Yes,64000,2.0,188.0,0,,
RAM,2500 Big Horn,2019,97000,Diesel,370.0HP 6.7L Straight 6 Cylinder Engine Diesel Fuel,A/T,White,Gray,At least 1 accident or damage reported,Yes,45000,6.7,370.0,0,,
BMW,328 i xDrive,2011,110000,Gasoline,230.0HP 3.0L Straight 6 Cylinder Engine Gasoline Fuel,6-Speed A/T,Black,Beige,At least 1 accident or damage reported,Yes,6000,3.0,230.0,0,,
Ford,Explorer XLT,2017,53000,E85 Flex Fuel,290.0HP 3.5L V6 Cylinder Engine Flex Fuel Capability,6-Speed A/T,Red,Gray,At least 1 accident or damage reported,Yes,25000,3.5,290.0,0,6,
Chevrolet,Suburban LTZ,2016,110000,E85 Flex Fuel,355.0HP 5.3L 8 Cylinder Engine Flex Fuel Capability,A/T,Brown,Brown,None reported,Yes,30999,5.3,355.0,0,,
Mazda,MX-5 Miata Sport,2006,218000,Gasoline,170.0HP 2.0L 4 Cylinder Engine Gasoline Fuel,6-Speed M/T,Black,Black,At least 1 accident or damage reported,Yes,4999,2.0,170.0,0,,
INFINITI,G35 Base,2003,106500,Gasoline,280.0HP 3.5L V6 Cylinder Engine Gasoline Fuel,6-Speed M/T,Red,Beige,None reported,Yes,9500,3.5,280.0,0,6,
Chevrolet,Express 2500 Work Van,2012,140500,E85 Flex Fuel,324.0HP 6.0L 8 Cylinder Engine Flex Fuel Capability,A/T,White,Gray,None reported,Yes,11800,6.0,324.0,0,,
Ford,Explorer Eddie Bauer,2010,144200,Gasoline,210.0HP 4.0L V6 Cylinder Engine Gasoline Fuel,5-Speed A/T,Black,Beige,None reported,Yes,9999,4.0,210.0,0,6,
Chevrolet,Suburban RST,2022,21400,Diesel,277.0HP 3.0L Straight 6 Cylinder Engine Diesel Fuel,10-Speed A/T,Gray,Black,None reported,Yes,69000,3.0,277.0,0,,
Mercedes-Benz,GL-Class GL 550 4MATIC,2015,130000,Gasoline,429.0HP 4.7L 8 Cylinder Engine Gasoline Fuel,7-Speed A/T,Blue,Black,None reported,Yes,24500,4.7,429.0,0,,
Ford,Focus SE,2012,108045,Gasoline,160.0HP 2.0L 4 Cylinder Engine Gasoline Fuel,6-Speed A/T,Blue,Gray,None reported,Yes,6500,2.0,160.0,0,,
Subaru,Crosstrek Premium,2022,10000,Gasoline,152.0HP 2.0L 4 Cylinder Engine Gasoline Fuel,CVT Transmission,White,Black,None reported,Yes,28000,2.0,152.0,0,,
Hyundai,Genesis Coupe 3.8 Track,2011,75000,Gasoline,306.0HP 3.8L V6 Cylinder Engine Gasoline Fuel,Transmission w/Dual Shift Mode,Red,Black,At least 1 accident or damage reported,Yes,12000,3.8,306.0,0,6,
Chrysler,Town & Country LX,2009,73500,Gasoline,170.0HP 3.3L V6 Cylinder Engine Gasoline Fuel,A/T,Silver,Gray,At least 1 accident or damage reported,Yes,7858,3.3,170.0,0,6,
Porsche,Panamera Turbo,2018,29850,Gasoline,550.0HP 4.0L 8 Cylinder Engine Gasoline Fuel,8-Speed A/T,Silver,Red,None reported,Yes,89750,4.0,550.0,0,,
Honda,Pilot EX-L,2016,135350,Gasoline,280.0HP 3.5L V6 Cylinder Engine Gasoline Fuel,6-Speed A/T,White,Beige,At least 1 accident or damage reported,Yes,19900,3.5,280.0,0,6,
Mercedes-Benz,GLC 300 GLC 300,2022,16983,Gasoline,2.0 Liter Turbo,Automatic,Black,Black,None reported,Unknown,40998,2.0,,1,,
Audi,A8 L 55,2019,35580,Hybrid,335.0HP 3.0L V6 Cylinder Engine Gasoline/Mild Electric Hybrid,8-Speed A/T,Black,Black,None reported,Yes,49500,3.0,335.0,0,6,
Ford,Edge SE,2020,71200,Gasoline,250.0HP 2.0L 4 Cylinder Engine Gasoline Fuel,8-Speed A/T,White,Beige,None reported,Yes,18900,2.0,250.0,0,,
Dodge,Durango GT,2022,24778,Gasoline,3.6L V6 24V MPFI DOHC,8-Speed Automatic,Octane Red Pearlcoat,Black,At least 1 accident or damage reported,Unknown,36599,3.6,,0,6,24
BMW,328 i,2015,109330,Gasoline,240.0HP 2.0L 4 Cylinder Engine Gasoline Fuel,A/T,Black,Beige,None reported,Yes,13349,2.0,240.0,0,,
Alfa,Romeo Stelvio Ti,2023,6645,Gasoline,2.0L I4 16V GDI SOHC Turbo,8-Speed Automatic,Alfa White,Black,None reported,Unknown,43900,2.0,,1,,16
Mercedes-Benz,GL-Class GL 450 4MATIC,2007,90400,Gasoline,335.0HP 4.7L 8 Cylinder Engine Gasoline Fuel,7-Speed A/T,Silver,Beige,None reported,Yes,10199,4.7,335.0,0,,
Ford,Ranger XLT SuperCab,2002,192100,Gasoline,207.0HP 4.0L V6 Cylinder Engine Gasoline Fuel,5-Speed A/T,Gold,Beige,At least 1 accident or damage reported,Yes,6450,4.0,207.0,0,6,
BMW,M3 CS,2018,32000,Gasoline,453.0HP 3.0L Straight 6 Cylinder Engine Gasoline Fuel,Transmission w/Dual Shift Mode,White,Black,None reported,Yes,70000,3.0,453.0,0,,
Volkswagen,Golf GTI 2.0T Autobahn,2022,6400,Gasoline,241.0HP 2.0L 4 Cylinder Engine Gasoline Fuel,A/T,Green,Black,None reported,Yes,41500,2.0,241.0,0,,
Toyota,4Runner SR5 Premium,2021,36180,Gasoline,270.0HP 4.0L V6 Cylinder Engine Gasoline Fuel,A/T,Black,–,None reported,Yes,36990,4.0,270.0,0,6,
GMC,Yukon SLT,2014,142400,E85 Flex Fuel,320.0HP 5.3L 8 Cylinder Engine Flex Fuel Capability,A/T,Black,Black,At least 1 accident or damage reported,Yes,13500,5.3,320.0,0,,
Cadillac,ATS 2.0L Turbo Luxury,2016,83000,Gasoline,272.0HP 2.0L 4 Cylinder Engine Gasoline Fuel,8-Speed A/T,Red,Beige,None reported,Yes,16500,2.0,272.0,0,,
Nissan,Xterra S,2012,80000,Gasoline,261.0HP 4.0L V6 Cylinder Engine Gasoline Fuel,A/T,Black,Gray,None reported,Yes,14800,4.0,261.0,0,6,
Ford,Bronco Badlands,2021,32437,Gasoline,315.0HP 2.7L V6 Cylinder Engine Gasoline Fuel,10-Speed A/T,Gray,Black,None reported,Yes,51000,2.7,315.0,0,6,
BMW,328 i,2011,67500,Gasoline,230.0HP 3.0L Straight 6 Cylinder Engine Gasoline Fuel,6-Speed A/T,White,Beige,None reported,Yes,18000,3.0,230.0,0,,
Toyota,4Runner Limited,2021,25882,Gasoline,"4L V-6 DOHC, VVT-i variable valve control, engine with 270HP",Automatic,Midnight Black Metallic,–,None reported,Unknown,43837,4.0,,0,,
Porsche,911 Turbo,2018,12088,Gasoline,540.0HP 3.8L Flat 6 Cylinder Engine Gasoline Fuel,A/T,Gray,Black,None reported,Yes,169000,3.8,540.0,0,,
Toyota,Tundra SR5 Double Cab,2005,170000,Gasoline,282.0HP 4.7L 8 Cylinder Engine Gasoline Fuel,A/T,Silver,Beige,At least 1 accident or damage reported,Yes,11200,4.7,282.0,0,,
Ford,F-250 Lariat,2023,3763,Diesel,475.0HP 6.7L 8 Cylinder Engine Diesel Fuel,10-Speed A/T,Red,Black,None reported,Yes,92000,6.7,475.0,0,,
Land,Rover Range Rover Velar P380 S,2018,46000,Gasoline,380.0HP 3.0L V6 Cylinder Engine Gasoline Fuel,A/T,Red,Beige,None reported,Yes,40000,3.0,380.0,0,6,
Ford,F-250 XLT Crew Cab Super Duty,2008,190321,Diesel,350.0HP 6.4L 8 Cylinder Engine Diesel Fuel,A/T,White,Beige,None reported,Yes,15900,6.4,350.0,0,,
Porsche,Macan S,2018,40950,Gasoline,340.0HP 3.0L V6 Cylinder Engine Gasoline Fuel,7-Speed A/T,Black,Black,None reported,Yes,39750,3.0,340.0,0,6,
Mercedes-Benz,C-Class C 63 AMG,2014,42000,Gasoline,451.0HP 6.2L 8 Cylinder Engine Gasoline Fuel,7-Speed A/T,Gray,Black,None reported,Yes,45000,6.2,451.0,0,,
Nissan,Pathfinder S,2014,135000,Gasoline,260.0HP 3.5L V6 Cylinder Engine Gasoline Fuel,A/T,White,Brown,None reported,Yes,8500,3.5,260.0,0,6,
Jeep,Gladiator Overland,2020,20655,Gasoline,3.6L V6 24V MPFI DOHC,8-Speed Automatic,Firecracker Red Clearcoat,Black,,Unknown,42850,3.6,,0,6,24
Porsche,911 Carrera S,2023,1877,Gasoline,443.0HP 3.0L Flat 6 Cylinder Engine Gasoline Fuel,8-Speed A/T,Red,Red,None reported,Yes,185950,3.0,443.0,0,,
Ford,F-250 XLT,2019,33000,Diesel,450.0HP 6.7L 8 Cylinder Engine Diesel Fuel,6-Speed A/T,Black,Gray,None reported,Yes,59000,6.7,450.0,0,,
Ford,Fusion SE,2016,68000,Gasoline,175.0HP 2.5L 4 Cylinder Engine Gasoline Fuel,A/T,Black,Black,None reported,Yes,12500,2.5,175.0,0,,
Honda,Accord Sport,2013,405000,Gasoline,185.0HP 2.4L 4 Cylinder Engine Gasoline Fuel,CVT Transmission,Black,Black,None reported,Yes,6000,2.4,185.0,0,,
BMW,330 i xDrive,2018,117000,Gasoline,248.0HP 2.0L 4 Cylinder Engine Gasoline Fuel,8-Speed A/T,Black,Beige,None reported,Yes,17000,2.0,248.0,0,,
Acura,MDX Sport,2007,183455,Gasoline,300.0HP 3.7L V6 Cylinder Engine Gasoline Fuel,5-Speed A/T,White,Beige,At least 1 accident or damage reported,Yes,7700,3.7,300.0,0,6,
Chevrolet,Suburban Premier,2021,51890,Gasoline,5.3L V8 16V GDI OHV,10-Speed Automatic,Shadow Gray Metallic,Jet Black,None reported,Yes,59980,5.3,,0,8,16
Chevrolet,Suburban High Country,2021,59528,Gasoline,6.2L V8 16V GDI OHV,10-Speed Automatic,Satin Steel Metallic,Jet Black,None reported,Yes,68995,6.2,,0,8,16
Cadillac,CTS-V Base,2006,123000,Gasoline,400.0HP 6.0L 8 Cylinder Engine Gasoline Fuel,6-Speed M/T,Black,Black,None reported,Yes,15000,6.0,400.0,0,,
Kia,Niro EV EX,2022,20000,,201.0HP Electric Motor Electric Fuel System,1-Speed A/T,Silver,Black,None reported,Yes,29998,,201.0,0,,
BMW,X3 xDrive30i,2021,38352,Gasoline,2.0L I4 16V GDI DOHC Turbo,8-Speed Automatic,Phytonic Blue Metallic,Canberra Beige,None reported,Unknown,37400,2.0,,1,,16
Porsche,Taycan Base,2021,13344,,321.0HP Electric Motor Electric Fuel System,2-Speed A/T,Black,Beige,At least 1 accident or damage reported,Yes,83499,,321.0,0,,
Honda,S2000 CR,2008,44300,Gasoline,237.0HP 2.2L 4 Cylinder Engine Gasoline Fuel,M/T,Yellow,Black,None reported,Yes,62000,2.2,237.0,0,,
Lexus,HS 250h Premium,2010,123500,Hybrid,147.0HP 2.4L 4 Cylinder Engine Gas/Electric Hybrid,A/T,Red,Black,At least 1 accident or damage reported,Yes,9500,2.4,147.0,0,,
Lincoln,Navigator Base,2013,134000,E85 Flex Fuel,310.0HP 5.4L 8 Cylinder Engine Flex Fuel Capability,6-Speed A/T,Red,Black,None reported,Yes,21500,5.4,310.0,0,,
Ford,F-150 XLT,2020,57000,Gasoline,375.0HP 3.5L V6 Cylinder Engine Gasoline Fuel,10-Speed A/T,Gray,Gray,At least 1 accident or damage reported,Yes,37500,3.5,375.0,0,6,
Kia,K5 GT-Line,2021,100312,Gasoline,1.6L I4 16V GDI DOHC Turbo,8-Speed Automatic,Wolf Gray,Black,None reported,Unknown,19980,1.6,,1,,16
Bentley,Continental GT W12,2021,16146,Gasoline,"6L W-12 port/direct injection, DOHC, variable valve control, twi",Automatic,Fountain Blue,Linen,None reported,Unknown,239991,6.0,,0,,
Tesla,Model S Performance,2012,61000,,416.0HP Electric Motor Electric Fuel System,A/T,Green,Black,None reported,Yes,29000,,416.0,0,,
BMW,Z4 sDrive28i,2014,15889,Gasoline,240.0HP 2.0L 4 Cylinder Engine Gasoline Fuel,8-Speed A/T,Blue,Beige,None reported,Yes,34500,2.0,240.0,0,,
BMW,528 i xDrive,2015,125500,Gasoline,240.0HP 2.0L 4 Cylinder Engine Gasoline Fuel,A/T,Black,Black,At least 1 accident or damage reported,Yes,12950,2.0,240.0,0,,
Ford,Expedition Limited,2013,163500,E85 Flex Fuel,310.0HP 5.4L 8 Cylinder Engine Flex Fuel Capability,A/T,Gray,Black,None reported,Yes,16490,5.4,310.0,0,,
Buick,Enclave Leather,2015,89726,Gasoline,288.0HP 3.6L V6 Cylinder Engine Gasoline Fuel,A/T,White,Brown,None reported,Yes,16000,3.6,288.0,0,6,
Mercedes-Benz,SL-Class SL600 Roadster,2005,93000,Gasoline,493.0HP 5.5L 12 Cylinder Engine Gasoline Fuel,A/T,Black,Black,None reported,Yes,22500,5.5,493.0,0,,
MINI,Cooper S Base,2012,128000,Gasoline,181.0HP 1.6L 4 Cylinder Engine Gasoline Fuel,6-Speed A/T,Black,Black,None reported,Yes,8500,1.6,181.0,0,,
Porsche,Cayenne Turbo,2017,70800,Gasoline,520.0HP 4.8L 8 Cylinder Engine Gasoline Fuel,Transmission w/Dual Shift Mode,White,Black,None reported,Yes,52999,4.8,520.0,0,,
Saturn,Vue Hybrid Base,2009,115000,Hybrid,172.0HP 2.4L 4 Cylinder Engine Gas/Electric Hybrid,A/T,Blue,Beige,None reported,Yes,4400,2.4,172.0,0,,
RAM,2500 Laramie,2018,98650,Diesel,350.0HP 6.7L Straight 6 Cylinder Engine Diesel Fuel,6-Speed A/T,Black,Black,None reported,Yes,56750,6.7,350.0,0,,
RAM,1500 Limited,2019,87768,Hybrid,395.0HP 5.7L 8 Cylinder Engine Gasoline/Mild Electric Hybrid,A/T,Silver,Black,None reported,Yes,44000,5.7,395.0,0,,
Chevrolet,Traverse RS,2023,6000,Gasoline,310.0HP 3.6L V6 Cylinder Engine Gasoline Fuel,9-Speed A/T,Gray,Black,None reported,Yes,48500,3.6,310.0,0,6,
Lexus,RX 350 F SPORT Appearance,2021,28262,Gasoline,3.5 Liter,Automatic,Obsidian,–,None reported,Unknown,49998,3.5,,0,,
Mazda,CX-50 2.5 Turbo Premium Package,2023,16200,Gasoline,227.0HP 2.5L 4 Cylinder Engine Gasoline Fuel,6-Speed A/T,Blue,Beige,None reported,Yes,36900,2.5,227.0,0,,
Cadillac,SRX Luxury Collection,2012,87500,E85 Flex Fuel,308.0HP 3.6L V6 Cylinder Engine Flex Fuel Capability,A/T,White,Beige,None reported,Yes,11499,3.6,308.0,0,6,
FIAT,500 Lounge,2013,85458,Gasoline,101.0HP 1.4L 4 Cylinder Engine Gasoline Fuel,A/T,White,Beige,None reported,Yes,9000,1.4,101.0,0,,
Mercedes-Benz,EQS 450+ Base,2022,16500,,329.0HP Electric Motor Electric Fuel System,A/T,Blue,White,None reported,Yes,69500,,329.0,0,,
MINI,Cooper S Clubman Base,2009,83853,Gasoline,172.0HP 1.6L 4 Cylinder Engine Gasoline Fuel,6-Speed M/T,Gray,Black,At least 1 accident or damage reported,Yes,6950,1.6,172.0,0,,
BMW,X6 M50i,2022,22500,Gasoline,523.0HP 4.4L 8 Cylinder Engine Gasoline Fuel,Transmission w/Dual Shift Mode,Black,–,At least 1 accident or damage reported,Yes,74999,4.4,523.0,0,,
Lexus,LS 460 Base,2013,99524,Gasoline,386.0HP 4.6L 8 Cylinder Engine Gasoline Fuel,8-Speed A/T,Gray,Black,At least 1 accident or damage reported,Yes,24900,4.6,386.0,0,,
Genesis,GV80 2.5T,2023,8100,Gasoline,300.0HP 2.5L 4 Cylinder Engine Gasoline Fuel,Transmission w/Dual Shift Mode,Silver,Beige,None reported,Yes,57300,2.5,300.0,0,,
MINI,Hardtop Cooper S,2016,43073,Gasoline,2.0L I4 16V GDI DOHC Turbo,6-Speed Automatic,Volcanic Orange,Carbon Black,None reported,Unknown,17999,2.0,,1,,16
Land,Rover Range Rover Velar R-Dynamic S,2023,12425,Gasoline,I4,Automatic,Firenze Red,Ebony,None reported,Unknown,57619,,,0,,
BMW,530 i xDrive,2020,23195,Gasoline,2.0L I4 16V GDI DOHC Turbo,8-Speed Automatic,Dark Graphite Metallic,Black,None reported,Unknown,38900,2.0,,1,,16
Jeep,Grand Cherokee Laredo,2011,118000,Gasoline,360.0HP 5.7L 8 Cylinder Engine Gasoline Fuel,A/T,Gold,Black,At least 1 accident or damage reported,Yes,12500,5.7,360.0,0,,
Toyota,Tacoma SR5,2018,65290,Gasoline,278.0HP 3.5L V6 Cylinder Engine Gasoline Fuel,6-Speed A/T,Blue,Black,At least 1 accident or damage reported,Yes,26450,3.5,278.0,0,6,
Porsche,911 Carrera Cabriolet,2001,47885,Gasoline,300.0HP 3.4L Flat 6 Cylinder Engine Gasoline Fuel,6-Speed M/T,Gray,Black,,Unknown,31995,3.4,300.0,0,,
Jeep,Gladiator Sport S,2020,13000,Gasoline,285.0HP 3.6L V6 Cylinder Engine Gasoline Fuel,8-Speed A/T,Gray,–,None reported,Yes,39500,3.6,285.0,0,6,
Dodge,Challenger SRT Hellcat,2018,29475,Gasoline,707.0HP 6.2L 8 Cylinder Engine Gasoline Fuel,8-Speed A/T,Orange,Black,None reported,Yes,62999,6.2,707.0,0,,
Jeep,Renegade Trailhawk,2017,78717,Gasoline,180.0HP 2.4L 4 Cylinder Engine Gasoline Fuel,A/T,Black,Black,None reported,Yes,17500,2.4,180.0,0,,
Ford,F-150 Lariat,2021,9142,Hybrid,430.0HP 3.5L V6 Cylinder Engine Gas/Electric Hybrid,10-Speed A/T,Black,Gray,None reported,Yes,61500,3.5,430.0,0,6,
Jaguar,XF Premium,2011,106000,Gasoline,385.0HP 5.0L 8 Cylinder Engine Gasoline Fuel,6-Speed A/T,Brown,Beige,At least 1 accident or damage reported,Yes,9400,5.0,385.0,0,,
RAM,1500 Laramie,2022,3521,Gasoline,5.7L V8 16V MPFI OHV,Automatic,Diamond Black,Black,None reported,Yes,51074,5.7,,0,8,16
Volkswagen,Golf GTI 2.0T SE 4-Door,2016,90000,Gasoline,210.0HP 2.0L 4 Cylinder Engine Gasoline Fuel,6-Speed A/T,Gray,Black,None reported,Yes,16750,2.0,210.0,0,,
Porsche,Macan Turbo,2016,46000,Gasoline,400.0HP 3.6L V6 Cylinder Engine Gasoline Fuel,Transmission w/Dual Shift Mode,Gray,–,None reported,Yes,38000,3.6,400.0,0,6,
BMW,X4 M Competition,2020,18362,Gasoline,503.0HP 3.0L Straight 6 Cylinder Engine Gasoline Fuel,A/T,Black,Orange,None reported,Yes,60000,3.0,503.0,0,,
Lexus,RX 350 Base,2013,164500,Gasoline,270.0HP 3.5L V6 Cylinder Engine Gasoline Fuel,6-Speed A/T,White,Black,At least 1 accident or damage reported,Yes,16500,3.5,270.0,0,6,
GMC,Terrain SLT,2020,55018,Gasoline,170.0HP 1.5L 4 Cylinder Engine Gasoline Fuel,9-Speed A/T,Black,Black,At least 1 accident or damage reported,Yes,25500,1.5,170.0,0,,
Nissan,Maxima SV,2022,36466,Gasoline,3.5L V6 24V GDI DOHC,Automatic CVT,Brilliant Silver Metallic,Charcoal,None reported,Unknown,24980,3.5,,0,6,24
Volvo,S60 B5 Inscription,2022,14280,Hybrid,247.0HP 2.0L 4 Cylinder Engine Gasoline/Mild Electric Hybrid,A/T,Blue,Black,None reported,Yes,36500,2.0,247.0,0,,
Subaru,Outback 2.5i Premium,2013,116000,Gasoline,173.0HP 2.5L 4 Cylinder Engine Gasoline Fuel,A/T,Blue,Beige,At least 1 accident or damage reported,Yes,12500,2.5,173.0,0,,
RAM,1500 Laramie,2022,16184,Gasoline,5.7L V8 16V MPFI OHV,8-Speed Automatic,Granite Crystal Clearcoat Metallic,Black,None reported,Unknown,46999,5.7,,0,8,16
Porsche,Boxster Base,1997,132800,Gasoline,201.0HP 2.5L Flat 6 Cylinder Engine Gasoline Fuel,5-Speed M/T,Red,Beige,,Unknown,8500,2.5,201.0,0,,
Ford,Explorer XLT,2020,45000,Gasoline,300.0HP 2.3L 4 Cylinder Engine Gasoline Fuel,10-Speed A/T,Silver,Black,None reported,Yes,33500,2.3,300.0,0,,
Ford,F-150 Lariat,2013,102000,Gasoline,365.0HP 3.5L V6 Cylinder Engine Gasoline Fuel,6-Speed A/T,White,Black,None reported,Yes,23000,3.5,365.0,0,6,
Ford,Excursion XLS,2004,163000,Diesel,325.0HP 6.0L 8 Cylinder Engine Diesel Fuel,5-Speed A/T,Silver,Gray,At least 1 accident or damage reported,Yes,18000,6.0,325.0,0,,
BMW,M8 Competition,2023,3500,Gasoline,617.0HP 4.4L 8 Cylinder Engine Gasoline Fuel,8-Speed A/T,Gray,Gray,None reported,Yes,129000,4.4,617.0,0,,
Porsche,Panamera GTS,2016,42526,Gasoline,440.0HP 4.8L 8 Cylinder Engine Gasoline Fuel,7-Speed A/T,Blue,Black,None reported,Yes,66200,4.8,440.0,0,,
Mazda,Mazda3 i Touring,2012,144900,Gasoline,155.0HP 2.0L 4 Cylinder Engine Gasoline Fuel,Transmission w/Dual Shift Mode,Black,–,None reported,Yes,6000,2.0,155.0,0,,
GMC,Sierra 1500 SLT,2016,85000,Gasoline,355.0HP 5.3L 8 Cylinder Engine Gasoline Fuel,A/T,White,Black,None reported,Yes,32750,5.3,355.0,0,,
Mercedes-Benz,Sprinter 2500 Standard Roof,2022,16113,Diesel,188.0HP 3.0L V6 Cylinder Engine Diesel Fuel,A/T,Gray,Black,None reported,Yes,111000,3.0,188.0,0,6,
Mercedes-Benz,GL-Class GL 450,2011,93000,Gasoline,335.0HP 4.7L 8 Cylinder Engine Gasoline Fuel,A/T,Gray,Beige,At least 1 accident or damage reported,Yes,11900,4.7,335.0,0,,
RAM,1500 Big Horn,2022,11468,Gasoline,5.7L V8 16V MPFI OHV,Automatic,Bright White Clearcoat,Black,None reported,Yes,50204,5.7,,0,8,16
Lexus,NX 300 Base,2019,25470,Gasoline,235.0HP 2.0L 4 Cylinder Engine Gasoline Fuel,Transmission w/Dual Shift Mode,Silver,Red,None reported,Yes,32500,2.0,235.0,0,,
BMW,435 i xDrive,2014,90347,Gasoline,300.0HP 3.0L Straight 6 Cylinder Engine Gasoline Fuel,8-Speed A/T,Silver,Black,None reported,Yes,21800,3.0,300.0,0,,
GMC,Yukon SLE,2017,96000,Gasoline,355.0HP 5.3L 8 Cylinder Engine Gasoline Fuel,A/T,Gray,Black,None reported,Yes,34000,5.3,355.0,0,,
Honda,Pilot EX-L,2016,80500,Gasoline,280.0HP 3.5L V6 Cylinder Engine Gasoline Fuel,6-Speed A/T,Gray,Black,None reported,Yes,23000,3.5,280.0,0,6,
Audi,A5 Sportback S line Premium Plus,2021,35000,Hybrid,261.0HP 2.0L 4 Cylinder Engine Gasoline/Mild Electric Hybrid,7-Speed A/T,Black,Black,None reported,Yes,37499,2.0,261.0,0,,
Porsche,911 Carrera,1995,49900,–,–,6-Speed M/T,Silver,Gray,At least 1 accident or damage reported,Yes,97993,,,0,,
Honda,Civic Sport,2020,121212,Gasoline,1.5L I4 16V GDI DOHC Turbo,Automatic CVT,White,Sport,At least 1 accident or damage reported,Yes,18387,1.5,,1,,16
Mercedes-Benz,G 550 4x4 Squared Base,2018,14381,Gasoline,4.0L V8 32V GDI DOHC Twin Turbo,7-Speed Automatic,Designo Magno Matte,Black,None reported,Unknown,204900,4.0,,1,8,32
Porsche,Panamera Platinum Edition,2022,13500,Gasoline,325.0HP 2.9L V6 Cylinder Engine Gasoline Fuel,8-Speed A/T,Green,Black,None reported,Yes,86999,2.9,325.0,0,6,
BMW,740e xDrive iPerformance,2019,33214,Plug-In Hybrid,322.0HP 2.0L 4 Cylinder Engine Plug-In Electric/Gas,A/T,White,Black,None reported,Yes,43500,2.0,322.0,0,,
Ford,F-250 XLT,2017,29719,E85 Flex Fuel,385.0HP 6.2L 8 Cylinder Engine Flex Fuel Capability,A/T,White,Gray,None reported,Yes,31000,6.2,385.0,0,,
Lincoln,Corsair Standard,2022,4520,Gasoline,250.0HP 2.0L 4 Cylinder Engine Gasoline Fuel,8-Speed A/T,Beige,Beige,None reported,Yes,38500,2.0,250.0,0,,
Hyundai,Sonata Sport,2017,84129,Gasoline,2.4L I4 16V GDI DOHC,6-Speed Automatic,Phantom Black,Graphite,None reported,Unknown,14599,2.4,,0,,16
Nissan,Maxima 3.5 SR,2019,72150,Gasoline,300.0HP 3.5L V6 Cylinder Engine Gasoline Fuel,CVT Transmission,White,Black,At least 1 accident or damage reported,Yes,26999,3.5,300.0,0,6,
GMC,Yukon SLT,2015,94500,Gasoline,355.0HP 5.3L 8 Cylinder Engine Gasoline Fuel,A/T,White,Beige,At least 1 accident or damage reported,Yes,30000,5.3,355.0,0,,
Mercedes-Benz,GLS 550 Base 4MATIC,2017,88454,Gasoline,449.0HP 4.7L 8 Cylinder Engine Gasoline Fuel,9-Speed A/T,White,Beige,None reported,Yes,39999,4.7,449.0,0,,
Cadillac,CTS Base,2010,81696,Gasoline,270.0HP 3.0L V6 Cylinder Engine Gasoline Fuel,6-Speed A/T,Silver,Beige,At least 1 accident or damage reported,Yes,9499,3.0,270.0,0,6,
Cadillac,CTS Base,2005,94100,Gasoline,255.0HP 3.6L V6 Cylinder Engine Gasoline Fuel,6-Speed M/T,White,Beige,None reported,Yes,6099,3.6,255.0,0,6,
Ford,Explorer Limited,2022,17500,Hybrid,318.0HP 3.3L V6 Cylinder Engine Gas/Electric Hybrid,10-Speed A/T,White,Black,None reported,Yes,46000,3.3,318.0,0,6,
Acura,RDX,2016,132252,Gasoline,3.5 Liter,Automatic,Crystal Black,Black,None reported,Unknown,18998,3.5,,0,,
Toyota,Highlander XLE,2022,4437,Gasoline,295.0HP 3.5L V6 Cylinder Engine Gasoline Fuel,Transmission w/Dual Shift Mode,Gray,Black,None reported,Yes,42000,3.5,295.0,0,6,
Volkswagen,Golf GTI 2.0T SE 4-Door,2018,70500,Gasoline,220.0HP 2.0L 4 Cylinder Engine Gasoline Fuel,Transmission w/Dual Shift Mode,White,Black,None reported,Yes,23000,2.0,220.0,0,,
Nissan,Pickup Truck XE,1994,89144,–,–,A/T,Red,Gray,None reported,Yes,5899,,,0,,
Toyota,Corolla CE,2008,170000,Gasoline,126.0HP 1.8L 4 Cylinder Engine Gasoline Fuel,A/T,Gray,Gray,None reported,Yes,5199,1.8,126.0,0,,
Honda,Element EX,2008,122000,Gasoline,166.0HP 2.4L 4 Cylinder Engine Gasoline Fuel,A/T,Blue,Gray,None reported,Yes,10500,2.4,166.0,0,,
Toyota,Camry Solara SE,2008,57852,Gasoline,210.0HP 3.3L V6 Cylinder Engine Gasoline Fuel,A/T,Silver,Gray,,Unknown,13900,3.3,210.0,0,6,
Hyundai,Genesis 4.6,2010,120321,Gasoline,378.0HP 4.6L 8 Cylinder Engine Gasoline Fuel,Transmission w/Dual Shift Mode,White,Beige,None reported,Yes,10500,4.6,378.0,0,,
BMW,325 Ci,2004,178000,Gasoline,184.0HP 2.5L Straight 6 Cylinder Engine Gasoline Fuel,5-Speed A/T,Blue,Brown,None reported,Yes,5750,2.5,184.0,0,,
BMW,M3 Base,2002,60255,Gasoline,333.0HP 3.2L Straight 6 Cylinder Engine Gasoline Fuel,6-Speed M/T,Yellow,Black,None reported,Yes,28750,3.2,333.0,0,,
Land,Rover Range Rover Sport HSE Dynamic,2019,77690,Gasoline,380.0HP 3.0L V6 Cylinder Engine Gasoline Fuel,8-Speed A/T,White,Beige,None reported,Yes,43500,3.0,380.0,0,6,
Chevrolet,Corvette ZR-1,2009,18000,Gasoline,638.0HP 6.2L 8 Cylinder Engine Gasoline Fuel,6-Speed M/T,Gray,Black,None reported,Yes,78000,6.2,638.0,0,,
Honda,Prelude Type SH,2001,125000,Gasoline,200.0HP 2.2L 4 Cylinder Engine Gasoline Fuel,5-Speed M/T,Red,Black,None reported,Yes,18000,2.2,200.0,0,,
Lexus,NX 300 Base,2021,6449,Gasoline,2.0L I4 16V PDI DOHC Turbo,6-Speed Automatic,Silver,Black,At least 1 accident or damage reported,Unknown,35999,2.0,,1,,16
Volkswagen,Golf GTI 2.0T SE 4-Door,2019,33000,Gasoline,228.0HP 2.0L 4 Cylinder Engine Gasoline Fuel,6-Speed M/T,Black,Black,None reported,Yes,27500,2.0,228.0,0,,
Nissan,Armada LE,2009,87130,Gasoline,317.0HP 5.6L 8 Cylinder Engine Gasoline Fuel,A/T,Brown,Black,None reported,Yes,20000,5.6,317.0,0,,
Lexus,SC 300 Base,1998,165000,Gasoline,225.0HP 3.0L Straight 6 Cylinder Engine Gasoline Fuel,A/T,Purple,Beige,None reported,Yes,8700,3.0,225.0,0,,
Toyota,Camry Solara SLE,2008,73000,Gasoline,210.0HP 3.3L V6 Cylinder Engine Gasoline Fuel,5-Speed A/T,Blue,Beige,At least 1 accident or damage reported,Yes,11500,3.3,210.0,0,6,
Porsche,Macan S,2020,22354,Gasoline,3.0L V6 24V GDI DOHC Turbo,7-Speed Automatic with Auto-Shift,Black,Black,None reported,Unknown,54900,3.0,,1,6,24
Tesla,Model Y Performance,2023,6188,,455.0HP Electric Motor Electric Fuel System,A/T,Gray,White,None reported,Yes,53900,,455.0,0,,
GMC,Terrain SLT,2019,60807,Gasoline,2.0L I4 16V GDI DOHC Turbo,9-Speed Automatic,Red Quartz Tintcoat,Medium Ash Gray,At least 1 accident or damage reported,Yes,25925,2.0,,1,,16
Jeep,Compass Latitude,2014,105000,Gasoline,158.0HP 2.0L 4 Cylinder Engine Gasoline Fuel,A/T,Black,Black,None reported,Yes,10950,2.0,158.0,0,,
Audi,Q7 3.0T Prestige,2018,63400,Gasoline,333.0HP 3.0L V6 Cylinder Engine Gasoline Fuel,A/T,Black,Black,None reported,Yes,29900,3.0,333.0,0,6,
Ford,F-250 Platinum,2022,4500,Gasoline,430.0HP 7.3L 8 Cylinder Engine Gasoline Fuel,10-Speed A/T,Black,Black,None reported,Yes,86500,7.3,430.0,0,,
Jeep,Gladiator Overland,2020,8025,Gasoline,3.6L V6 24V MPFI DOHC,8-Speed Automatic,Firecracker Red Clearcoat,Black,None reported,Yes,42433,3.6,,0,6,24
Lincoln,Navigator L Reserve,2019,49131,Gasoline,3.5L V6 24V PDI DOHC Twin Turbo,10-Speed Automatic,Tan,–,,Unknown,55460,3.5,,1,6,24
Tesla,Model X P100D,2017,100346,,Electric Motor Electric Fuel System,1-Speed A/T,Silver,White,None reported,Yes,45999,,,0,,
Mercedes-Benz,CLS-Class CLS 400 4MATIC,2016,62285,Gasoline,329.0HP 3.0L V6 Cylinder Engine Gasoline Fuel,7-Speed A/T,Black,Black,At least 1 accident or damage reported,Yes,29950,3.0,329.0,0,6,
Lexus,RX 350 Base,2021,5040,Gasoline,295.0HP 3.5L V6 Cylinder Engine Gasoline Fuel,8-Speed A/T,Beige,Beige,At least 1 accident or damage reported,Yes,48900,3.5,295.0,0,6,
RAM,1500 Laramie,2022,12940,Gasoline,5.7L V8 16V MPFI OHV,8-Speed Automatic,Bright White Clearcoat,Black,At least 1 accident or damage reported,Unknown,46999,5.7,,0,8,16
Mitsubishi,Outlander Sport ES,2015,98385,Gasoline,166.0HP 2.4L 4 Cylinder Engine Gasoline Fuel,CVT Transmission,Silver,Black,At least 1 accident or damage reported,Yes,10500,2.4,166.0,0,,
Hyundai,Sonata SE,2013,43903,Gasoline,200.0HP 2.4L 4 Cylinder Engine Gasoline Fuel,A/T,Red,Black,At least 1 accident or damage reported,Yes,12500,2.4,200.0,0,,
Ford,Mustang EcoBoost Premium,2017,41650,Gasoline,310.0HP 2.3L 4 Cylinder Engine Gasoline Fuel,A/T,Blue,Black,None reported,Yes,23600,2.3,310.0,0,,
BMW,X5 PHEV xDrive45e,2022,31850,Plug-In Hybrid,389.0HP 3.0L Straight 6 Cylinder Engine Plug-In Electric/Gas,Transmission w/Dual Shift Mode,White,Black,None reported,Yes,60500,3.0,389.0,0,,
Hyundai,Sonata Hybrid Limited,2013,96419,Hybrid,199.0HP 2.4L 4 Cylinder Engine Gas/Electric Hybrid,6-Speed A/T,Black,Gray,At least 1 accident or damage reported,Yes,14999,2.4,199.0,0,,
Honda,Odyssey EX-L,2007,170000,Gasoline,244.0HP 3.5L V6 Cylinder Engine Gasoline Fuel,A/T,Black,Beige,None reported,Yes,7700,3.5,244.0,0,6,
Chevrolet,Colorado LT Crew Cab,2009,139000,Gasoline,300.0HP 5.3L 8 Cylinder Engine Gasoline Fuel,A/T,Black,Black,None reported,Yes,14500,5.3,300.0,0,,
Buick,Enclave Premium,2016,134655,Gasoline,3.6L V6 24V GDI DOHC,6-Speed Automatic,Ebony Twilight Metallic,Ebony,None reported,Yes,18051,3.6,,0,6,24
BMW,M235 i,2015,81000,Gasoline,320.0HP 3.0L Straight 6 Cylinder Engine Gasoline Fuel,6-Speed M/T,White,Red,None reported,Yes,27890,3.0,320.0,0,,
McLaren,720S Performance,2020,9989,Gasoline,710.0HP 4.0L 8 Cylinder Engine Gasoline Fuel,7-Speed A/T,Black,Black,None reported,Yes,324995,4.0,710.0,0,,
Kia,Telluride SX,2022,46347,Gasoline,3.8L V6 24V GDI DOHC,8-Speed Automatic,Glacial White Pearl,Black,None reported,Unknown,46120,3.8,,0,6,24
Chevrolet,Corvette Base,2007,4048,Gasoline,400.0HP 6.0L 8 Cylinder Engine Gasoline Fuel,6-Speed M/T,Yellow,Gray,None reported,Yes,38000,6.0,400.0,0,,
Mercedes-Benz,S-Class S 63 AMG,2015,79876,Gasoline,577.0HP 5.5L 8 Cylinder Engine Gasoline Fuel,7-Speed A/T,Black,White,None reported,Yes,45750,5.5,577.0,0,,
Toyota,Mirai Limited,2021,44000,not supported,182.0HP Electric Motor Hydrogen Fuel,A/T,Gray,Black,None reported,Yes,18500,,182.0,0,,
Alfa,Romeo Giulia Ti,2017,56910,Gasoline,280.0HP 2.0L 4 Cylinder Engine Gasoline Fuel,Transmission w/Dual Shift Mode,Blue,Black,,Unknown,23000,2.0,280.0,0,,
Land,Rover Range Rover Sport HSE,2019,65019,Gasoline,340.0HP 3.0L V6 Cylinder Engine Gasoline Fuel,A/T,Black,Beige,None reported,Yes,40500,3.0,340.0,0,6,
Nissan,370Z Touring,2009,133409,Gasoline,332.0HP 3.7L V6 Cylinder Engine Gasoline Fuel,6-Speed M/T,Silver,Gray,At least 1 accident or damage reported,Yes,14999,3.7,332.0,0,6,
BMW,330 i xDrive,2018,74381,Gasoline,248.0HP 2.0L 4 Cylinder Engine Gasoline Fuel,8-Speed A/T,White,Brown,At least 1 accident or damage reported,Yes,22995,2.0,248.0,0,,
Porsche,Macan,2023,2925,Gasoline,2.0L I4 16V GDI DOHC Turbo,7-Speed Automatic with Auto-Shift,Carrara White Metallic,Black,None reported,Yes,73300,2.0,,1,,16
BMW,128 i,2013,67874,Gasoline,230.0HP 3.0L Straight 6 Cylinder Engine Gasoline Fuel,6-Speed A/T,Gray,Black,None reported,Yes,18000,3.0,230.0,0,,
Mercedes-Benz,AMG GLE 63 S Coupe 4MATIC,2018,71500,Gasoline,577.0HP 5.5L 8 Cylinder Engine Gasoline Fuel,7-Speed A/T,White,White,None reported,Yes,61000,5.5,577.0,0,,
Jeep,Wrangler Sport,2014,71000,Gasoline,285.0HP 3.6L V6 Cylinder Engine Gasoline Fuel,5-Speed A/T,Gray,Black,None reported,Yes,22000,3.6,285.0,0,6,
Ford,F-150 Raptor,2018,64517,Gasoline,450.0HP 3.5L V6 Cylinder Engine Gasoline Fuel,10-Speed A/T,Black,Black,None reported,Yes,47995,3.5,450.0,0,6,
Dodge,Sprinter 2500 High Roof,2004,55000,Diesel,154.0HP 2.7L 5 Cylinder Engine Diesel Fuel,A/T,White,Gray,None reported,Yes,24000,2.7,154.0,0,,
BMW,M550 i xDrive,2019,7580,Gasoline,456.0HP 4.4L 8 Cylinder Engine Gasoline Fuel,Transmission w/Dual Shift Mode,Black,Black,None reported,Yes,51500,4.4,456.0,0,,
Hyundai,Sonata GLS,2010,135000,Gasoline,168.0HP 2.4L 4 Cylinder Engine Gasoline Fuel,Transmission w/Dual Shift Mode,Blue,Gray,None reported,Yes,3999,2.4,168.0,0,,
Honda,Accord EX-L,2019,62200,Gasoline,192.0HP 1.5L 4 Cylinder Engine Gasoline Fuel,A/T,White,Black,At least 1 accident or damage reported,Yes,21500,1.5,192.0,0,,
Cadillac,CTS 3.6L Premium,2014,69001,Gasoline,321.0HP 3.6L V6 Cylinder Engine Gasoline Fuel,6-Speed A/T,Red,Black,None reported,Yes,19500,3.6,321.0,0,6,
Toyota,4Runner Venture Special Edition,2021,28567,Gasoline,"4L V-6 DOHC, VVT-i variable valve control, regular unleaded, eng",Automatic,–,Black/Graphite,None reported,Unknown,44775,4.0,,0,,
Jaguar,XJ8 L,2006,78049,Gasoline,300.0HP 4.2L 8 Cylinder Engine Gasoline Fuel,6-Speed A/T,White,Beige,None reported,Yes,13980,4.2,300.0,0,,
Ford,F-150 Lariat,2021,36821,Gasoline,3.5L V6 24V PDI DOHC Twin Turbo,Automatic,Agate Black Metallic,Black,,Unknown,49273,3.5,,1,6,24
Chevrolet,Suburban High Country,2021,23292,Gasoline,420.0HP 6.2L 8 Cylinder Engine Gasoline Fuel,10-Speed A/T,Brown,Black,None reported,Yes,73500,6.2,420.0,0,,
Chevrolet,Suburban 1500 LTZ,2010,162671,E85 Flex Fuel,320.0HP 5.3L 8 Cylinder Engine Flex Fuel Capability,A/T,Black,Black,None reported,Yes,12000,5.3,320.0,0,,
Land,Rover LR2 HSE,2010,100472,Gasoline,230.0HP 3.2L Straight 6 Cylinder Engine Gasoline Fuel,6-Speed A/T,Gray,Beige,None reported,Yes,9975,3.2,230.0,0,,
Subaru,WRX Limited,2017,73120,Gasoline,268.0HP 2.0L 4 Cylinder Engine Gasoline Fuel,CVT Transmission,White,Black,At least 1 accident or damage reported,Yes,19950,2.0,268.0,0,,
Ford,Expedition Timberline,2022,23300,Gasoline,440.0HP 3.5L V6 Cylinder Engine Gasoline Fuel,10-Speed A/T,Green,Green,None reported,Yes,67500,3.5,440.0,0,6,
Honda,Clarity Plug-In Hybrid Base,2018,71000,Plug-In Hybrid,212.0HP 1.5L 4 Cylinder Engine Plug-In Electric/Gas,A/T,Red,Beige,At least 1 accident or damage reported,Yes,17500,1.5,212.0,0,,
RAM,3500 Laramie,2022,16648,Diesel,6.7L I6 24V DDI OHV Turbo Diesel,6-Speed Automatic,Flame Red Clearcoat,Black,None reported,Unknown,70999,6.7,,1,,24
Chevrolet,Silverado 2500 LT,2011,240000,Diesel,335.0HP 6.6L 8 Cylinder Engine Diesel Fuel,6-Speed A/T,White,Black,None reported,Yes,18500,6.6,335.0,0,,
Lexus,RX 450h Base,2013,119755,Hybrid,295.0HP 3.5L V6 Cylinder Engine Gas/Electric Hybrid,Transmission w/Dual Shift Mode,Silver,Black,None reported,Yes,19500,3.5,295.0,0,6,
Mercedes-Benz,M-Class ML 350 4MATIC,2015,88000,E85 Flex Fuel,302.0HP 3.5L V6 Cylinder Engine Flex Fuel Capability,A/T,Silver,Gray,None reported,Yes,19500,3.5,302.0,0,6,
BMW,X5 xDrive40i,2021,41000,Hybrid,335.0HP 3.0L Straight 6 Cylinder Engine Gasoline/Mild Electric Hybrid,8-Speed A/T,White,Black,None reported,Yes,50000,3.0,335.0,0,,
Chevrolet,Camaro 2SS,2022,7458,Gasoline,455.0HP 6.2L 8 Cylinder Engine Gasoline Fuel,6-Speed M/T,Red,Black,None reported,Yes,47500,6.2,455.0,0,,
Jeep,Gladiator Sport S,2022,23000,Gasoline,285.0HP 3.6L V6 Cylinder Engine Gasoline Fuel,A/T,Green,Black,None reported,Yes,43000,3.6,285.0,0,6,
Land,Rover Discovery LSE,1998,149437,Gasoline,182.0HP 4.0L 8 Cylinder Engine Gasoline Fuel,A/T,Green,Beige,None reported,Yes,9995,4.0,182.0,0,,
Ford,F-250 XLT,2017,244000,Diesel,440.0HP 6.7L 8 Cylinder Engine Diesel Fuel,6-Speed A/T,Red,Beige,None reported,Yes,35500,6.7,440.0,0,,
RAM,1500 Rebel,2019,46000,Hybrid,305.0HP 3.6L V6 Cylinder Engine Gasoline/Mild Electric Hybrid,8-Speed A/T,White,–,None reported,Yes,37900,3.6,305.0,0,6,
Audi,Q5 S line Premium Plus,2022,13133,Hybrid,2.0 Liter TFSI,Automatic,Silver,Black,None reported,Unknown,42998,2.0,,0,,
RAM,1500 SLT,2017,45000,Gasoline,395.0HP 5.7L 8 Cylinder Engine Gasoline Fuel,A/T,Black,Gray,None reported,Yes,29999,5.7,395.0,0,,
Mazda,CX-30 Premium Package,2021,18385,Gasoline,2.5L I4 16V GDI DOHC,6-Speed Automatic,Soul Red Crystal Metallic,White / Brown,None reported,Yes,29255,2.5,,0,,16
BMW,840 Gran Coupe i xDrive,2020,25793,Gasoline,3.0L I6 24V GDI DOHC Turbo,8-Speed Automatic,Black Sapphire Metallic,Black,None reported,Unknown,52999,3.0,,1,,24
Porsche,Boxster S,2005,44400,Gasoline,280.0HP 3.2L Flat 6 Cylinder Engine Gasoline Fuel,6-Speed M/T,Silver,Black,None reported,Yes,29800,3.2,280.0,0,,
Chevrolet,Malibu Limited LT,2016,104000,Gasoline,2.5L 4 Cylinder Engine Gasoline Fuel,6-Speed A/T,Silver,Gray,None reported,Yes,10500,2.5,,0,,
Cadillac,Escalade Premium Luxury,2023,600,Gasoline,420.0HP 6.2L 8 Cylinder Engine Gasoline Fuel,A/T,Black,Black,None reported,Yes,103000,6.2,420.0,0,,
MINI,Cooper S Base,2007,45000,Gasoline,172.0HP 1.6L 4 Cylinder Engine Gasoline Fuel,6-Speed M/T,Yellow,Black,None reported,Yes,7900,1.6,172.0,0,,
Jeep,Gladiator Mojave,2022,24500,Gasoline,285.0HP 3.6L V6 Cylinder Engine Gasoline Fuel,8-Speed A/T,Blue,Black,None reported,Yes,64000,3.6,285.0,0,6,
Buick,Encore GX Essence,2020,35569,Gasoline,1.3L I3 12V MPFI DOHC Turbo,Automatic CVT,Satin Steel Metallic,Ebony,None reported,Unknown,21999,1.3,,1,,12
Toyota,Highlander XLE,2020,35000,Gasoline,295.0HP 3.5L V6 Cylinder Engine Gasoline Fuel,A/T,Silver,Black,None reported,Yes,36999,3.5,295.0,0,6,
Acura,MDX Touring,2003,165000,Gasoline,260.0HP 3.5L V6 Cylinder Engine Gasoline Fuel,A/T,Silver,Black,At least 1 accident or damage reported,Yes,4000,3.5,260.0,0,6,
Land,Rover Range Rover Sport SE MHEV,2021,15000,Hybrid,355.0HP 3.0L Straight 6 Cylinder Engine Gasoline/Mild Electric Hybrid,A/T,Black,Black,None reported,Yes,69000,3.0,355.0,0,,
BMW,535 i xDrive,2014,119750,Gasoline,300.0HP 3.0L Straight 6 Cylinder Engine Gasoline Fuel,8-Speed A/T,White,Beige,None reported,Yes,15499,3.0,300.0,0,,
Nissan,350Z Touring,2007,90000,Gasoline,306.0HP 3.5L V6 Cylinder Engine Gasoline Fuel,M/T,White,Green,At least 1 accident or damage reported,Yes,12000,3.5,306.0,0,6,
Ford,Transit Connect XLT,2015,112000,Gasoline,169.0HP 2.5L 4 Cylinder Engine Gasoline Fuel,A/T,White,Black,At least 1 accident or damage reported,Yes,14500,2.5,169.0,0,,
Mercedes-Benz,SL-Class SL550 Roadster,2008,150000,Gasoline,382.0HP 5.5L 8 Cylinder Engine Gasoline Fuel,7-Speed A/T,Black,Beige,None reported,Yes,16800,5.5,382.0,0,,
Porsche,911 Turbo S,2021,1912,Gasoline,640.0HP 3.8L Flat 6 Cylinder Engine Gasoline Fuel,8-Speed A/T,Silver,Black,None reported,Yes,240000,3.8,640.0,0,,
Hyundai,Sonata Sport 2.0T,2015,82900,Gasoline,245.0HP 2.0L 4 Cylinder Engine Gasoline Fuel,A/T,Black,Black,At least 1 accident or damage reported,Yes,13995,2.0,245.0,0,,
Audi,TT 1.8T,2004,79500,Gasoline,180.0HP 1.8L 4 Cylinder Engine Gasoline Fuel,A/T,Silver,Black,None reported,Yes,12000,1.8,180.0,0,,
Volvo,XC90 T6 Inscription,2019,60000,Gasoline,316.0HP 2.0L 4 Cylinder Engine Gasoline Fuel,8-Speed A/T,White,Black,None reported,Yes,37000,2.0,316.0,0,,
RAM,1500 Big Horn,2021,41800,Diesel,260.0HP 3.0L V6 Cylinder Engine Diesel Fuel,8-Speed A/T,White,Black,None reported,Yes,44900,3.0,260.0,0,6,
Chevrolet,Tahoe LT,2021,71536,Gasoline,5.3L V8 16V GDI OHV,10-Speed Automatic,Black,Jet Black,None reported,Yes,49685,5.3,,0,8,16
Ford,Explorer XLT,2014,127558,Gasoline,3.5L V6 24V MPFI DOHC,6-Speed Automatic,Green,Charcoal Black,None reported,Yes,13715,3.5,,0,6,24
Ford,Mustang Mach-E Premium,2023,13232,,346.0HP Electric Motor Electric Fuel System,1-Speed A/T,Gray,Black,None reported,Yes,45000,,346.0,0,,
Chevrolet,Camaro 1SS,2017,39000,Gasoline,455.0HP 6.2L 8 Cylinder Engine Gasoline Fuel,8-Speed A/T,Yellow,Black,None reported,Yes,31500,6.2,455.0,0,,
Ford,Bronco Big Bend Advanced,2023,11500,Gasoline,315.0HP 2.7L V6 Cylinder Engine Gasoline Fuel,10-Speed A/T,Gray,Black,None reported,Yes,54490,2.7,315.0,0,6,
Chrysler,Pacifica Launch Edition,2020,22200,Gasoline,287.0HP 3.6L V6 Cylinder Engine Gasoline Fuel,9-Speed A/T,Black,Black,None reported,Yes,36800,3.6,287.0,0,6,
Tesla,Model Y Long Range,2023,7414,,425.0HP Electric Motor Electric Fuel System,A/T,Black,White,None reported,Yes,56515,,425.0,0,,
Lamborghini,Huracan LP580-2,2017,14586,Gasoline,"5.2L V-10 gasoline direct injection, DOHC, variable valve contro",Automatic,Blue Caelum,Nero Ade,None reported,Unknown,209991,5.2,,0,,
RAM,1500 Rebel,2021,32000,Hybrid,395.0HP 5.7L 8 Cylinder Engine Gasoline/Mild Electric Hybrid,8-Speed A/T,White,Black,None reported,Yes,50927,5.7,395.0,0,,
Toyota,86 Base,2020,14700,Gasoline,200.0HP 2.0L 4 Cylinder Engine Gasoline Fuel,A/T,White,Black,None reported,Yes,27350,2.0,200.0,0,,
BMW,X5 xDrive50i,2016,79995,Gasoline,445.0HP 4.4L 8 Cylinder Engine Gasoline Fuel,Transmission w/Dual Shift Mode,Black,Black,None reported,Yes,23995,4.4,445.0,0,,
GMC,Yukon Denali,2018,76000,Gasoline,420.0HP 6.2L 8 Cylinder Engine Gasoline Fuel,A/T,Black,Black,None reported,Yes,44500,6.2,420.0,0,,
Honda,Accord EX-L,2014,62000,Gasoline,185.0HP 2.4L 4 Cylinder Engine Gasoline Fuel,CVT Transmission,Gray,Black,At least 1 accident or damage reported,Yes,18987,2.4,185.0,0,,
Maserati,Ghibli S Q4,2017,53500,Gasoline,404.0HP 3.0L V6 Cylinder Engine Gasoline Fuel,8-Speed A/T,Gray,Black,None reported,Yes,28700,3.0,404.0,0,6,
Hyundai,Kona EV SEL,2022,9400,,201.0HP Electric Motor Electric Fuel System,1-Speed A/T,Red,Black,None reported,Yes,31999,,201.0,0,,
BMW,435 i,2014,86500,Gasoline,300.0HP 3.0L Straight 6 Cylinder Engine Gasoline Fuel,A/T,Silver,Black,None reported,Yes,20900,3.0,300.0,0,,
Mercedes-Benz,GL-Class GL 450,2011,148000,Gasoline,335.0HP 4.7L 8 Cylinder Engine Gasoline Fuel,A/T,Black,Black,At least 1 accident or damage reported,Yes,9900,4.7,335.0,0,,
GMC,Sierra 1500 SLE,2014,100080,E85 Flex Fuel,285.0HP 4.3L V6 Cylinder Engine Flex Fuel Capability,6-Speed A/T,White,Gray,None reported,Yes,22989,4.3,285.0,0,6,
Dodge,Challenger SRT Demon,2018,2620,Gasoline,808.0HP 6.2L 8 Cylinder Engine Gasoline Fuel,8-Speed A/T,Black,Black,,Unknown,155700,6.2,808.0,0,,
BMW,X5 PHEV xDrive45e,2023,3099,Plug-In Hybrid,389.0HP 3.0L Straight 6 Cylinder Engine Plug-In Electric/Gas,8-Speed A/T,Black,Black,None reported,Yes,74995,3.0,389.0,0,,
Dodge,Durango R/T,2020,78000,Gasoline,360.0HP 5.7L 8 Cylinder Engine Gasoline Fuel,8-Speed A/T,Black,Red,At least 1 accident or damage reported,Yes,29500,5.7,360.0,0,,
Ferrari,488 Spider Base,2019,9005,Gasoline,3.9L V8 32V GDI DOHC Twin Turbo,7-Speed Automatic with Auto-Shift,White,–,None reported,Unknown,319900,3.9,,1,8,32
Ford,Bronco Sport Big Bend,2022,16700,Gasoline,181.0HP 1.5L 3 Cylinder Engine Gasoline Fuel,8-Speed A/T,Blue,Black,None reported,Yes,31000,1.5,181.0,0,,
Honda,Civic LX,2015,51300,Gasoline,143.0HP 1.8L 4 Cylinder Engine Gasoline Fuel,5-Speed M/T,Black,Black,None reported,Yes,17500,1.8,143.0,0,,
Ford,Shelby GT350 Base,2018,8237,Gasoline,526.0HP 5.2L 8 Cylinder Engine Gasoline Fuel,6-Speed M/T,Gray,Black,None reported,Yes,62900,5.2,526.0,0,,
Volkswagen,Jetta S,2010,99000,Gasoline,170.0HP 2.5L 5 Cylinder Engine Gasoline Fuel,A/T,Gray,Black,At least 1 accident or damage reported,Yes,6000,2.5,170.0,0,,
Mazda,CX-5 Grand Touring,2021,62377,Gasoline,2.5L I4 16V,6-Speed Automatic,Jet Black Mica,Black,None reported,Yes,26288,2.5,,0,,16
Jeep,Wrangler Rubicon,2009,130000,Gasoline,202.0HP 3.8L V6 Cylinder Engine Gasoline Fuel,6-Speed M/T,Black,Gray,None reported,Yes,15500,3.8,202.0,0,6,
Ford,F-250 XLT,2016,94300,E85 Flex Fuel,385.0HP 6.2L 8 Cylinder Engine Flex Fuel Capability,6-Speed A/T,Silver,Gray,At least 1 accident or damage reported,Yes,28999,6.2,385.0,0,,
Tesla,Model Y Performance,2022,24115,,455.0HP Electric Motor Electric Fuel System,A/T,Gray,White,None reported,Yes,46500,,455.0,0,,
BMW,528 i,2016,82000,Gasoline,240.0HP 2.0L 4 Cylinder Engine Gasoline Fuel,8-Speed A/T,Silver,Black,At least 1 accident or damage reported,Yes,16995,2.0,240.0,0,,
Kia,Rio S,2021,67686,Gasoline,120.0HP 1.6L 4 Cylinder Engine Gasoline Fuel,A/T,Silver,Black,None reported,Yes,15700,1.6,120.0,0,,
Tesla,Model S 85,2014,96800,,362.0HP Electric Motor Electric Fuel System,A/T,Blue,Black,None reported,Yes,28450,,362.0,0,,
Jeep,Wrangler Sport,1997,131000,Gasoline,181.0HP 4.0L Straight 6 Cylinder Engine Gasoline Fuel,5-Speed M/T,Green,Gray,At least 1 accident or damage reported,Yes,5500,4.0,181.0,0,,
Tesla,Model 3 Standard Range,2020,23097,,271.0HP Electric Motor Electric Fuel System,A/T,Black,Black,None reported,Yes,29900,,271.0,0,,
Ferrari,GTC4Lusso T,2018,31000,Gasoline,602.0HP 3.9L 8 Cylinder Engine Gasoline Fuel,A/T,White,Red,None reported,Yes,197499,3.9,602.0,0,,
BMW,X5 M50i,2021,28898,Gasoline,523.0HP 4.4L 8 Cylinder Engine Gasoline Fuel,A/T,Black,Orange,None reported,Yes,71000,4.4,523.0,0,,
Mazda,MX-5 Miata RF Club,2022,7250,Gasoline,181.0HP 2.0L 4 Cylinder Engine Gasoline Fuel,6-Speed M/T,Gray,Black,None reported,Yes,35619,2.0,181.0,0,,
Ford,F-250 XLT,2014,59459,Diesel,400.0HP 6.7L 8 Cylinder Engine Diesel Fuel,6-Speed A/T,Black,Silver,At least 1 accident or damage reported,Yes,40999,6.7,400.0,0,,
Jeep,Wrangler Sahara,2012,78000,Gasoline,285.0HP 3.6L V6 Cylinder Engine Gasoline Fuel,5-Speed A/T,Beige,Black,At least 1 accident or damage reported,Yes,22000,3.6,285.0,0,6,
RAM,1500 Laramie,2021,24213,Gasoline,395.0HP 5.7L 8 Cylinder Engine Gasoline Fuel,8-Speed A/T,White,Black,None reported,Yes,46500,5.7,395.0,0,,
RAM,1500 Laramie,2020,21165,Gasoline,5.7L V8 16V MPFI OHV,8-Speed Automatic,Bright White Clearcoat,Black,None reported,Unknown,46105,5.7,,0,8,16
GMC,Yukon Denali,2016,107750,Gasoline,420.0HP 6.2L 8 Cylinder Engine Gasoline Fuel,8-Speed A/T,Black,Black,None reported,Yes,35500,6.2,420.0,0,,
Ford,F-150 Lariat,2016,117000,Gasoline,365.0HP 3.5L V6 Cylinder Engine Gasoline Fuel,A/T,White,Black,None reported,Yes,26500,3.5,365.0,0,6,
Chevrolet,Corvette Base,2006,39132,Gasoline,400.0HP 6.0L 8 Cylinder Engine Gasoline Fuel,Transmission w/Dual Shift Mode,Red,Beige,None reported,Yes,35000,6.0,400.0,0,,
BMW,Z4 2.5i,2004,94500,Gasoline,184.0HP 2.5L Straight 6 Cylinder Engine Gasoline Fuel,5-Speed M/T,Gray,Black,None reported,Yes,9000,2.5,184.0,0,,
Subaru,Crosstrek 2.0i Premium,2017,50011,Gasoline,148.0HP 2.0L 4 Cylinder Engine Gasoline Fuel,A/T,Red,Beige,At least 1 accident or damage reported,Yes,21495,2.0,148.0,0,,
Lexus,GX 470 Base,2004,215000,Gasoline,235.0HP 4.7L 8 Cylinder Engine Gasoline Fuel,5-Speed A/T,White,Beige,At least 1 accident or damage reported,Yes,7350,4.7,235.0,0,,
RAM,1500 Laramie,2022,16616,Gasoline,5.7L V8 16V MPFI OHV,8-Speed Automatic,Diamond Black,Black,None reported,Unknown,45999,5.7,,0,8,16
Ford,F-150 XLT,2022,33818,Gasoline,5.0L V8 32V PDI DOHC,Automatic,Agate Black Metallic,Black,None reported,Yes,46552,5.0,,0,8,32
Jeep,Wagoneer Series III,2022,9099,Gasoline,5.7L V8 16V MPFI OHV,8-Speed Automatic,Velvet Red Pearlcoat,Global Black,None reported,Yes,68362,5.7,,0,8,16
Volkswagen,GTI Base,2008,95798,Gasoline,200.0HP 2.0L 4 Cylinder Engine Gasoline Fuel,6-Speed M/T,White,Black,None reported,Yes,9850,2.0,200.0,0,,
Mercedes-Benz,AMG GLE AMG GLE 63 S-Model 4MATIC,2016,35943,Gasoline,577.0HP 5.5L 8 Cylinder Engine Gasoline Fuel,7-Speed A/T,Black,White,None reported,Yes,51700,5.5,577.0,0,,
Mazda,Mazda6 iSport VE,2008,106000,Gasoline,156.0HP 2.3L 4 Cylinder Engine Gasoline Fuel,5-Speed A/T,Black,Beige,None reported,Yes,4300,2.3,156.0,0,,
Kia,Telluride EX X-Line,2023,10400,Gasoline,291.0HP 3.8L V6 Cylinder Engine Gasoline Fuel,8-Speed A/T,Green,Green,None reported,Yes,48000,3.8,291.0,0,6,
Chevrolet,Tahoe LT,2022,2894,Gasoline,355.0HP 5.3L 8 Cylinder Engine Gasoline Fuel,10-Speed A/T,Blue,Beige,None reported,Yes,63900,5.3,355.0,0,,
Dodge,Durango GT,2022,15592,Gasoline,3.6L V6 24V MPFI DOHC,8-Speed Automatic,DB Black Clearcoat,Black,None reported,Yes,39985,3.6,,0,6,24
Mercedes-Benz,AMG C 63 Base,2020,33548,Gasoline,469.0HP 4.0L 8 Cylinder Engine Gasoline Fuel,9-Speed A/T,Silver,Black,None reported,Yes,57999,4.0,469.0,0,,
BMW,320 i xDrive,2016,185000,Gasoline,180.0HP 2.0L 4 Cylinder Engine Gasoline Fuel,8-Speed A/T,Black,Beige,At least 1 accident or damage reported,Yes,7500,2.0,180.0,0,,
Porsche,Macan GTS,2023,6483,Gasoline,2.9L V6 24V GDI DOHC Twin Turbo,7-Speed Automatic with Auto-Shift,Chalk,Black,None reported,Unknown,96900,2.9,,1,6,24
Honda,Pilot EX-L,2020,28886,Gasoline,3.5L V6 24V GDI SOHC,6-Speed Automatic,Gray,Gray,,Unknown,35645,3.5,,0,6,24
Mercedes-Benz,GLE 350 Base,2020,26293,Gasoline,2.0 Liter Turbo,Automatic,designo Diamond White Bright,Macchiato/Magmagrey,None reported,Unknown,49998,2.0,,1,,
Chevrolet,Camaro 2SS,2017,62000,Gasoline,455.0HP 6.2L 8 Cylinder Engine Gasoline Fuel,Transmission w/Dual Shift Mode,Blue,Black,None reported,Yes,34500,6.2,455.0,0,,
Jaguar,XF 35t Prestige,2017,101453,Gasoline,340.0HP 3.0L V6 Cylinder Engine Gasoline Fuel,A/T,White,Beige,At least 1 accident or damage reported,Yes,18500,3.0,340.0,0,6,
RAM,3500 Laramie,2013,106385,Diesel,385.0HP 6.7L Straight 6 Cylinder Engine Diesel Fuel,6-Speed A/T,White,Black,At least 1 accident or damage reported,Yes,42900,6.7,385.0,0,,
BMW,335 is,2012,86629,Gasoline,320.0HP 3.0L Straight 6 Cylinder Engine Gasoline Fuel,7-Speed A/T,White,Red,None reported,Yes,20995,3.0,320.0,0,,
Audi,S6 4.0T Premium Plus,2018,61258,Gasoline,450.0HP 4.0L 8 Cylinder Engine Gasoline Fuel,7-Speed A/T,White,Black,None reported,Yes,49999,4.0,450.0,0,,
Chrysler,300 S,2014,121500,Gasoline,363.0HP 5.7L 8 Cylinder Engine Gasoline Fuel,5-Speed A/T,Blue,Black,None reported,Yes,15999,5.7,363.0,0,,
GMC,Sierra 1500 AT4,2022,100,Diesel,277.0HP 3.0L Straight 6 Cylinder Engine Diesel Fuel,10-Speed A/T,White,Black,None reported,Yes,62499,3.0,277.0,0,,
Chrysler,200 C,2015,170000,E85 Flex Fuel,295.0HP 3.6L V6 Cylinder Engine Flex Fuel Capability,9-Speed A/T,Silver,Black,At least 1 accident or damage reported,Yes,5995,3.6,295.0,0,6,
Ford,F-150 XLT SuperCab,2010,232000,Gasoline,292.0HP 4.6L 8 Cylinder Engine Gasoline Fuel,A/T,Blue,Gray,None reported,Yes,3000,4.6,292.0,0,,
MINI,Cooper S Base,2006,95000,Gasoline,168.0HP 1.6L 4 Cylinder Engine Gasoline Fuel,6-Speed M/T,Gray,–,None reported,Yes,12500,1.6,168.0,0,,
Toyota,Venza XLE,2013,103466,Gasoline,268.0HP 3.5L V6 Cylinder Engine Gasoline Fuel,A/T,White,Gray,At least 1 accident or damage reported,Yes,14200,3.5,268.0,0,6,
Toyota,Camry Hybrid Base,2011,133121,Hybrid,147.0HP 2.4L 4 Cylinder Engine Gas/Electric Hybrid,A/T,White,White,At least 1 accident or damage reported,Yes,7900,2.4,147.0,0,,
Chevrolet,Tahoe LT,2012,162731,E85 Flex Fuel,320.0HP 5.3L 8 Cylinder Engine Flex Fuel Capability,A/T,Brown,Gray,None reported,Yes,14500,5.3,320.0,0,,
Mercedes-Benz,CLS-Class CLS 63 AMG S-Model 4MATIC,2014,64500,Gasoline,577.0HP 5.5L 8 Cylinder Engine Gasoline Fuel,7-Speed A/T,Silver,Black,,Unknown,37500,5.5,577.0,0,,
Ford,Shelby GT500 Base,2021,568,Gasoline,760.0HP 5.2L 8 Cylinder Engine Gasoline Fuel,7-Speed A/T,Orange,Black,None reported,Yes,90788,5.2,760.0,0,,
Lexus,RX 300 4WD,1999,249083,Gasoline,220.0HP 3.0L V6 Cylinder Engine Gasoline Fuel,A/T,Red,Beige,At least 1 accident or damage reported,Yes,3500,3.0,220.0,0,6,
Porsche,Macan S,2015,80300,Gasoline,340.0HP 3.0L V6 Cylinder Engine Gasoline Fuel,7-Speed A/T,Gray,Beige,None reported,Yes,23999,3.0,340.0,0,6,
Ford,F-150 XLT SuperCab,2004,187000,Gasoline,300.0HP 5.4L 8 Cylinder Engine Gasoline Fuel,A/T,Beige,Beige,None reported,Yes,6299,5.4,300.0,0,,
Subaru,Outback 2.5 i Special Edition,2009,181870,Gasoline,169.0HP 2.5L 4 Cylinder Engine Gasoline Fuel,A/T,Black,Black,None reported,Yes,6500,2.5,169.0,0,,
GMC,Sierra 2500 AT4,2022,22600,Diesel,6.6L V8 32V DDI OHV Turbo Diesel,Automatic,Ebony Twilight Metallic,Jet Black,,Unknown,76740,6.6,,1,8,32
BMW,X5 xDrive40i,2020,37000,Gasoline,335.0HP 3.0L Straight 6 Cylinder Engine Gasoline Fuel,8-Speed A/T,Black,Black,At least 1 accident or damage reported,Yes,50000,3.0,335.0,0,,
Porsche,Taycan Base,2022,9728,,375.0HP Electric Motor Electric Fuel System,A/T,White,Beige,None reported,Yes,89000,,375.0,0,,
Lexus,GX 470 Base,2006,152000,Gasoline,263.0HP 4.7L 8 Cylinder Engine Gasoline Fuel,A/T,Blue,Gray,At least 1 accident or damage reported,Yes,13995,4.7,263.0,0,,
Ford,F-150 Heritage XL SuperCab Flareside,2004,60260,Gasoline,380.0HP 5.4L 8 Cylinder Engine Gasoline Fuel,4-Speed A/T,Blue,Gray,At least 1 accident or damage reported,Yes,30500,5.4,380.0,0,,
Mazda,MazdaSpeed Miata MX-5 Base,2004,33362,Gasoline,178.0HP 1.8L 4 Cylinder Engine Gasoline Fuel,6-Speed M/T,Silver,Black,At least 1 accident or damage reported,Yes,17599,1.8,178.0,0,,
GMC,Acadia Denali,2021,47907,Gasoline,3.6L V6 24V GDI DOHC,9-Speed Automatic,Ebony Twilight Metallic,Jet Black,None reported,Yes,38436,3.6,,0,6,24
Mercedes-Benz,Metris Base,2016,17340,Gasoline,208.0HP 2.0L 4 Cylinder Engine Gasoline Fuel,A/T,White,Black,None reported,Yes,29000,2.0,208.0,0,,
Cadillac,DeVille Base,1994,85000,–,–,A/T,White,Blue,None reported,Yes,7900,,,0,,
Ford,Expedition EL XLT,2011,195500,E85 Flex Fuel,310.0HP 5.4L 8 Cylinder Engine Flex Fuel Capability,6-Speed A/T,White,Beige,None reported,Yes,8999,5.4,310.0,0,,
Chevrolet,Monte Carlo SS,2000,74000,Gasoline,200.0HP 3.8L V6 Cylinder Engine Gasoline Fuel,4-Speed A/T,Red,–,None reported,Yes,4700,3.8,200.0,0,6,
RAM,1500 Big Horn,2015,140500,Gasoline,395.0HP 5.7L 8 Cylinder Engine Gasoline Fuel,8-Speed A/T,Red,Gray,At least 1 accident or damage reported,Yes,14000,5.7,395.0,0,,
Jeep,Commander Base,2006,212500,Gasoline,210.0HP 3.7L V6 Cylinder Engine Gasoline Fuel,A/T,Black,Gray,None reported,Yes,6500,3.7,210.0,0,6,
Lexus,IS-F Base,2010,77400,Gasoline,416.0HP 5.0L 8 Cylinder Engine Gasoline Fuel,8-Speed A/T,White,Red,At least 1 accident or damage reported,Yes,34500,5.0,416.0,0,,
Ford,Utility Police Interceptor Base,2017,118000,Gasoline,365.0HP 3.5L V6 Cylinder Engine Gasoline Fuel,6-Speed A/T,Black,Black,None reported,Yes,15000,3.5,365.0,0,6,
Porsche,Carrera GT Base,2005,4400,Gasoline,605.0HP 5.7L 10 Cylinder Engine Gasoline Fuel,6-Speed M/T,Gray,Black,None reported,Yes,1599000,5.7,605.0,0,,
Cadillac,Escalade ESV Luxury,2016,146200,Gasoline,420.0HP 6.2L 8 Cylinder Engine Gasoline Fuel,8-Speed A/T,White,Beige,None reported,Yes,24500,6.2,420.0,0,,
Tesla,Model Y Performance,2020,39000,,455.0HP Electric Motor Electric Fuel System,1-Speed A/T,Silver,Black,None reported,Yes,43000,,455.0,0,,
Chevrolet,Avalanche 1500 LS,2005,130000,E85 Flex Fuel,295.0HP 5.3L 8 Cylinder Engine Flex Fuel Capability,A/T,Red,Gray,None reported,Yes,7200,5.3,295.0,0,,
Ford,F-150 Lariat,2021,33080,Gasoline,325.0HP 2.7L V6 Cylinder Engine Gasoline Fuel,10-Speed A/T,White,Black,None reported,Yes,47850,2.7,325.0,0,6,
Mercedes-Benz,GLB 250 Base 4MATIC,2023,1219,Gasoline,2.0L I4 16V GDI DOHC Turbo,Automatic,Midnight Black,Classic Red,None reported,Unknown,46479,2.0,,1,,16
Jeep,Wrangler Sport,2016,41000,Gasoline,285.0HP 3.6L V6 Cylinder Engine Gasoline Fuel,5-Speed A/T,White,Black,None reported,Yes,25000,3.6,285.0,0,6,
Nissan,350Z Touring,2004,110897,Gasoline,287.0HP 3.5L V6 Cylinder Engine Gasoline Fuel,6-Speed M/T,Black,Orange,At least 1 accident or damage reported,Yes,11500,3.5,287.0,0,6,
Chevrolet,Corvette Z06,2016,49000,Gasoline,650.0HP 6.2L 8 Cylinder Engine Gasoline Fuel,7-Speed M/T,Orange,–,None reported,Yes,75000,6.2,650.0,0,,
Pontiac,Solstice GXP,2007,47000,Gasoline,260.0HP 2.0L 4 Cylinder Engine Gasoline Fuel,5-Speed M/T,Black,Black,None reported,Yes,13300,2.0,260.0,0,,
Hyundai,Sonata SE,2018,57690,Gasoline,185.0HP 2.4L 4 Cylinder Engine Gasoline Fuel,A/T,Gray,Gray,At least 1 accident or damage reported,Yes,15900,2.4,185.0,0,,
Mercedes-Benz,SLS AMG Base,2012,17941,Gasoline,6.2L V8 32V MPFI DOHC,7-Speed Automatic with Auto-Shift,Iridium Silver Metallic,Red,None reported,Yes,226000,6.2,,0,8,32
Lincoln,Navigator Reserve,2018,54000,Gasoline,450.0HP 3.5L V6 Cylinder Engine Gasoline Fuel,10-Speed A/T,Brown,Orange,At least 1 accident or damage reported,Yes,46500,3.5,450.0,0,6,
Nissan,Maxima SL,2007,101600,Gasoline,255.0HP 3.5L V6 Cylinder Engine Gasoline Fuel,A/T,Silver,Black,None reported,Yes,6700,3.5,255.0,0,6,
Ford,Ranger XLT,2021,89000,Gasoline,270.0HP 2.3L 4 Cylinder Engine Gasoline Fuel,10-Speed A/T,Black,Black,None reported,Yes,34000,2.3,270.0,0,,
Tesla,Model 3 Long Range,2021,18000,,Electric Motor Electric Fuel System,A/T,Black,Black,None reported,Yes,42500,,,0,,
Jaguar,XE 35t Premium,2017,55000,Gasoline,340.0HP 3.0L V6 Cylinder Engine Gasoline Fuel,A/T,Gray,Black,None reported,Yes,25000,3.0,340.0,0,6,
Lincoln,MKZ Reserve,2017,71964,Gasoline,240.0HP 2.0L 4 Cylinder Engine Gasoline Fuel,6-Speed A/T,Blue,Black,None reported,Yes,18750,2.0,240.0,0,,
Cadillac,Escalade ESV Platinum,2020,92000,Gasoline,420.0HP 6.2L 8 Cylinder Engine Gasoline Fuel,A/T,Black,Black,None reported,Yes,50000,6.2,420.0,0,,
Ford,Fusion SE,2012,160000,E85 Flex Fuel,240.0HP 3.0L V6 Cylinder Engine Flex Fuel Capability,A/T,Gray,Black,None reported,Yes,4500,3.0,240.0,0,6,
Mercedes-Benz,E-Class E 350,2012,95816,Gasoline,302.0HP 3.5L V6 Cylinder Engine Gasoline Fuel,7-Speed A/T,White,Beige,None reported,Yes,12000,3.5,302.0,0,6,
Jeep,Wrangler Unlimited Sport,2014,132600,Gasoline,285.0HP 3.6L V6 Cylinder Engine Gasoline Fuel,5-Speed A/T,White,–,At least 1 accident or damage reported,Yes,17000,3.6,285.0,0,6,
Cadillac,DeVille Base,1994,47000,–,–,A/T,White,Blue,None reported,Yes,5990,,,0,,
Jeep,Wrangler Sport,2010,149460,Gasoline,202.0HP 3.8L V6 Cylinder Engine Gasoline Fuel,4-Speed A/T,Black,Black,None reported,Yes,10700,3.8,202.0,0,6,
Jeep,Wrangler Sport,2011,109646,Gasoline,3.8L V6 12V MPFI OHV,4-Speed Automatic,Mango Tango Pearlcoat,Black,None reported,Unknown,16998,3.8,,0,6,12
Acura,MDX 3.5L w/Technology Package,2019,90605,Gasoline,3.5 Liter,Automatic,White,Parchment,None reported,Unknown,27698,3.5,,0,,
Volkswagen,Jetta 1.4T S,2019,59000,Gasoline,147.0HP 1.4L 4 Cylinder Engine Gasoline Fuel,A/T,Gray,Black,None reported,Yes,17000,1.4,147.0,0,,
Chevrolet,Camaro Z28,2002,48000,Gasoline,310.0HP 5.7L 8 Cylinder Engine Gasoline Fuel,A/T,White,Black,None reported,Yes,21999,5.7,310.0,0,,
Chevrolet,Corvette Z06,2016,41500,Gasoline,650.0HP 6.2L 8 Cylinder Engine Gasoline Fuel,7-Speed M/T,White,Black,None reported,Yes,66000,6.2,650.0,0,,
Porsche,Cayman R,2012,54000,Gasoline,330.0HP 3.4L Flat 6 Cylinder Engine Gasoline Fuel,7-Speed A/T,Black,Gray,None reported,Yes,75000,3.4,330.0,0,,
Porsche,Cayenne Base,2018,70455,Gasoline,300.0HP 3.6L V6 Cylinder Engine Gasoline Fuel,8-Speed A/T,White,Black,None reported,Yes,45855,3.6,300.0,0,6,
Subaru,Crosstrek 2.0i Limited,2018,84054,Gasoline,152.0HP 2.0L 4 Cylinder Engine Gasoline Fuel,CVT Transmission,Gray,Black,None reported,Yes,21499,2.0,152.0,0,,
BMW,750 Li,2007,114528,Gasoline,360.0HP 4.8L 8 Cylinder Engine Gasoline Fuel,A/T,Black,Black,None reported,Yes,9000,4.8,360.0,0,,
Jeep,Wrangler Sahara,2013,111850,Gasoline,285.0HP 3.6L V6 Cylinder Engine Gasoline Fuel,A/T,Red,Black,At least 1 accident or damage reported,Yes,26500,3.6,285.0,0,6,
GMC,Sierra 2500 AT4,2020,52673,Diesel,445.0HP 6.6L 8 Cylinder Engine Diesel Fuel,6-Speed A/T,Black,Beige,None reported,Yes,69500,6.6,445.0,0,,
BMW,X3 M AWD,2021,31500,Gasoline,473.0HP 3.0L Straight 6 Cylinder Engine Gasoline Fuel,8-Speed A/T,Black,Black,None reported,Yes,54500,3.0,473.0,0,,
BMW,335 i,2011,73000,Gasoline,300.0HP 3.0L Straight 6 Cylinder Engine Gasoline Fuel,Transmission w/Dual Shift Mode,Red,Beige,None reported,Yes,16000,3.0,300.0,0,,
Jeep,Wrangler Unlimited Sahara,2019,59692,Gasoline,285.0HP 3.6L V6 Cylinder Engine Gasoline Fuel,8-Speed A/T,Gray,Black,None reported,Yes,35900,3.6,285.0,0,6,
Toyota,Corolla S Plus,2016,68364,Gasoline,132.0HP 1.8L 4 Cylinder Engine Gasoline Fuel,Transmission w/Dual Shift Mode,White,Black,None reported,Yes,16000,1.8,132.0,0,,
Land,Rover Discovery HSE LUXURY,2017,47200,Gasoline,340.0HP 3.0L V6 Cylinder Engine Gasoline Fuel,8-Speed A/T,Black,Beige,At least 1 accident or damage reported,Yes,29000,3.0,340.0,0,6,
Mercedes-Benz,E-Class E 450 4MATIC,2021,18000,Hybrid,362.0HP 3.0L Straight 6 Cylinder Engine Gasoline/Mild Electric Hybrid,9-Speed A/T,Gray,Black,At least 1 accident or damage reported,Yes,62000,3.0,362.0,0,,
Ford,Fusion Hybrid Base,2012,158366,Hybrid,191.0HP 2.5L 4 Cylinder Engine Gas/Electric Hybrid,A/T,Gray,Black,At least 1 accident or damage reported,Yes,8250,2.5,191.0,0,,
BMW,X1 xDrive 28i,2017,49700,Gasoline,228.0HP 2.0L 4 Cylinder Engine Gasoline Fuel,8-Speed A/T,Blue,Black,None reported,Yes,26000,2.0,228.0,0,,
GMC,Terrain SLE,2010,81500,Gasoline,182.0HP 2.4L 4 Cylinder Engine Gasoline Fuel,A/T,Brown,Gray,None reported,Yes,12250,2.4,182.0,0,,
BMW,i3 120Ah w/Range Extender,2019,16975,,170.0HP 0.65L Electric Motor Electric Fuel System,A/T,Black,Black,None reported,Yes,26990,0.65,170.0,0,,
Porsche,911 GT3,2018,5989,Gasoline,"4L H-6 gasoline direct injection, DOHC, VarioCam Plus variable v","Manual, 6-Spd",GT SILVER,BLACK,None reported,Unknown,209000,4.0,,0,,
Ford,Mustang SVT Cobra,2003,16100,Gasoline,390.0HP 4.6L 8 Cylinder Engine Gasoline Fuel,M/T,Red,Beige,None reported,Yes,35500,4.6,390.0,0,,
Land,Rover Range Rover Supercharged LWB,2020,54225,Gasoline,518.0HP 5.0L 8 Cylinder Engine Gasoline Fuel,A/T,White,White,None reported,Yes,67500,5.0,518.0,0,,
RAM,2500 Big Horn,2016,89500,Gasoline,410.0HP 6.4L 8 Cylinder Engine Gasoline Fuel,A/T,Black,Gray,None reported,Yes,35000,6.4,410.0,0,,
Ford,E250 Cargo,2013,87501,E85 Flex Fuel,225.0HP 4.6L 8 Cylinder Engine Flex Fuel Capability,4-Speed A/T,White,Gray,At least 1 accident or damage reported,Yes,17777,4.6,225.0,0,,
MINI,Countryman Cooper S ALL4,2018,12370,Gasoline,189.0HP 2.0L 4 Cylinder Engine Gasoline Fuel,8-Speed A/T,Blue,Black,None reported,Yes,28900,2.0,189.0,0,,
RAM,1500 Classic Tradesman,2019,12466,Gasoline,395.0HP 5.7L 8 Cylinder Engine Gasoline Fuel,8-Speed A/T,Gray,Gray,None reported,Yes,28995,5.7,395.0,0,,
Volvo,C70 T5,2011,199000,Gasoline,227.0HP 2.5L 5 Cylinder Engine Gasoline Fuel,Transmission w/Dual Shift Mode,Red,Beige,At least 1 accident or damage reported,Yes,5500,2.5,227.0,0,,
Mercedes-Benz,SL-Class SL600 Roadster,2007,78200,Gasoline,510.0HP 5.5L 12 Cylinder Engine Gasoline Fuel,5-Speed A/T,Black,Brown,At least 1 accident or damage reported,Yes,22999,5.5,510.0,0,,
Toyota,Camry Hybrid XLE,2018,22000,Hybrid,208.0HP 2.5L 4 Cylinder Engine Gas/Electric Hybrid,A/T,White,Beige,None reported,Yes,29500,2.5,208.0,0,,
GMC,Acadia SLE-2,2016,100795,Gasoline,3.6L V6 24V GDI DOHC,6-Speed Automatic,White Frost Tri-Coat,Ebony,At least 1 accident or damage reported,Yes,12995,3.6,,0,6,24
Chevrolet,Impala 1LT,2019,99941,Gasoline,3.6L V6 24V GDI DOHC,6-Speed Automatic,Silver Ice Metallic,Jet Black,None reported,Yes,17816,3.6,,0,6,24
Jeep,Grand Cherokee L Laredo,2021,23588,Gasoline,3.6L V6 24V MPFI DOHC,8-Speed Automatic,Metallic,Global Black,,Unknown,38633,3.6,,0,6,24
Jeep,Liberty Sport,2003,103000,Gasoline,210.0HP 3.7L V6 Cylinder Engine Gasoline Fuel,A/T,Black,Gray,None reported,Yes,5200,3.7,210.0,0,6,
Jaguar,XF Luxury,2009,91491,Gasoline,300.0HP 4.2L 8 Cylinder Engine Gasoline Fuel,6-Speed A/T,Blue,Beige,None reported,Yes,7000,4.2,300.0,0,,
Honda,Civic Sport,2020,23131,Gasoline,2.0L I4 16V MPFI DOHC,Automatic CVT,Crystal Black Pearl,Black,At least 1 accident or damage reported,Unknown,23739,2.0,,0,,16
Subaru,Outback 2.5i Premium,2019,77000,Gasoline,175.0HP 2.5L 4 Cylinder Engine Gasoline Fuel,CVT Transmission,Gray,Gray,At least 1 accident or damage reported,Yes,18749,2.5,175.0,0,,
Land,Rover Range Rover Sport HSE Dynamic,2019,20500,Gasoline,380.0HP 3.0L V6 Cylinder Engine Gasoline Fuel,A/T,White,White,None reported,Yes,76000,3.0,380.0,0,6,
Tesla,Model Y Long Range,2022,500,,425.0HP Electric Motor Electric Fuel System,A/T,White,Black,None reported,Yes,45900,,425.0,0,,
Lexus,ES 350 Base,2019,49810,Gasoline,302.0HP 3.5L V6 Cylinder Engine Gasoline Fuel,8-Speed A/T,Gray,Black,At least 1 accident or damage reported,Yes,33900,3.5,302.0,0,6,
Honda,CR-V Touring,2022,20229,Gasoline,1.5L I4 16V GDI DOHC Turbo,Automatic CVT,Black,Black,None reported,Unknown,36727,1.5,,1,,16
Alfa,Romeo Giulia Quadrifoglio,2021,10558,Gasoline,505.0HP 2.9L V6 Cylinder Engine Gasoline Fuel,8-Speed A/T,White,Black,None reported,Yes,75000,2.9,505.0,0,6,
BMW,330 i,2005,59300,Gasoline,225.0HP 3.0L Straight 6 Cylinder Engine Gasoline Fuel,M/T,Red,Black,None reported,Yes,30900,3.0,225.0,0,,
Maybach,Type 57 Base,2004,34254,Gasoline,543.0HP 5.5L 12 Cylinder Engine Gasoline Fuel,5-Speed A/T,Brown,–,None reported,Yes,64250,5.5,543.0,0,,
Lexus,ES 250 Base,2021,24364,Gasoline,2.5 Liter,Automatic,Eminent White Pearl,Chateau,None reported,Unknown,37998,2.5,,0,,
Mercedes-Benz,Sprinter 2500,2016,139200,Diesel,161.0HP 2.1L 4 Cylinder Engine Diesel Fuel,A/T,White,Black,At least 1 accident or damage reported,Yes,22000,2.1,161.0,0,,
Mercedes-Benz,E-Class E 350,2012,82046,Gasoline,302.0HP 3.5L V6 Cylinder Engine Gasoline Fuel,7-Speed A/T,Black,Beige,None reported,Yes,13999,3.5,302.0,0,6,
Dodge,Dakota Sport,1997,285000,Gasoline,230.0HP 5.2L 8 Cylinder Engine Gasoline Fuel,4-Speed A/T,White,Gray,None reported,Yes,6399,5.2,230.0,0,,
RAM,1500 Tradesman/Express,2017,26269,E85 Flex Fuel,3.6L V6 24V MPFI DOHC Flexible Fuel,8-Speed Automatic,Bright White Clearcoat,Black,At least 1 accident or damage reported,Unknown,25307,3.6,,0,6,24
Mazda,CX-9 Touring,2016,127131,Gasoline,227.0HP 2.5L 4 Cylinder Engine Gasoline Fuel,A/T,Brown,–,At least 1 accident or damage reported,Yes,16770,2.5,227.0,0,,
Porsche,911 Turbo S,2019,31000,Gasoline,580.0HP 3.8L Flat 6 Cylinder Engine Gasoline Fuel,Transmission w/Dual Shift Mode,White,Black,None reported,Yes,179900,3.8,580.0,0,,
BMW,X3 xDrive30i,2021,27000,Gasoline,248.0HP 2.0L 4 Cylinder Engine Gasoline Fuel,8-Speed A/T,Black,Brown,None reported,Yes,38400,2.0,248.0,0,,
Jeep,Grand Cherokee Limited,2015,93400,E85 Flex Fuel,290.0HP 3.6L V6 Cylinder Engine Flex Fuel Capability,A/T,White,Black,None reported,Yes,18900,3.6,290.0,0,6,
BMW,X7 xDrive40i,2021,9200,Hybrid,335.0HP 3.0L Straight 6 Cylinder Engine Gasoline/Mild Electric Hybrid,8-Speed A/T,White,Brown,At least 1 accident or damage reported,Yes,71200,3.0,335.0,0,,
Mercedes-Benz,SL-Class SL 550,2014,76850,Gasoline,429.0HP 4.7L 8 Cylinder Engine Gasoline Fuel,7-Speed A/T,Brown,Beige,At least 1 accident or damage reported,Yes,32999,4.7,429.0,0,,
Bentley,Continental GT W12,2016,61160,Gasoline,582.0HP 6.0L 12 Cylinder Engine Gasoline Fuel,A/T,Black,Black,At least 1 accident or damage reported,Yes,98000,6.0,582.0,0,,
Jeep,Wrangler Unlimited,2005,146000,Gasoline,190.0HP 4.0L Straight 6 Cylinder Engine Gasoline Fuel,A/T,Red,Black,At least 1 accident or damage reported,Yes,15900,4.0,190.0,0,,
Tesla,Model S 100D,2017,38957,,Electric Motor Electric Fuel System,1-Speed A/T,Silver,Beige,None reported,Yes,46750,,,0,,
Volkswagen,Golf SportWagen TSI SE,2017,33850,Gasoline,170.0HP 1.8L 4 Cylinder Engine Gasoline Fuel,6-Speed A/T,Blue,Beige,None reported,Yes,16500,1.8,170.0,0,,
Jeep,Wrangler Unlimited Sahara,2020,61830,Gasoline,2.0L I4 16V GDI DOHC Turbo,8-Speed Automatic,Granite Crystal Clearcoat Metallic,Black,At least 1 accident or damage reported,Unknown,39860,2.0,,1,,16
Kia,Sorento SXL,2017,108559,Gasoline,3.3L V6 24V GDI DOHC,6-Speed Automatic,Titanium Silver,Satin Black,None reported,Unknown,15998,3.3,,0,6,24
Lexus,LS 430 Base,2006,192000,Gasoline,278.0HP 4.3L 8 Cylinder Engine Gasoline Fuel,6-Speed A/T,Silver,Gray,At least 1 accident or damage reported,Yes,7390,4.3,278.0,0,,
Mercedes-Benz,E-Class E 350 4MATIC,2014,83112,Gasoline,302.0HP 3.5L V6 Cylinder Engine Gasoline Fuel,7-Speed A/T,Black,Black,None reported,Yes,15500,3.5,302.0,0,6,
Tesla,Model X 75D,2016,52000,,518.0HP Electric Motor Electric Fuel System,A/T,Black,Beige,None reported,Yes,52000,,518.0,0,,
RAM,1500 Rebel,2020,57300,Gasoline,395.0HP 5.7L 8 Cylinder Engine Gasoline Fuel,8-Speed A/T,Black,Black,None reported,Yes,43500,5.7,395.0,0,,
MINI,Cooper Base,2008,104500,Gasoline,118.0HP 1.6L 4 Cylinder Engine Gasoline Fuel,6-Speed A/T,Red,Black,At least 1 accident or damage reported,Yes,4100,1.6,118.0,0,,
Jeep,Cherokee Sport,1996,170552,Gasoline,190.0HP 4.0L Straight 6 Cylinder Engine Gasoline Fuel,4-Speed A/T,Black,Gray,At least 1 accident or damage reported,Yes,6500,4.0,190.0,0,,
Ford,Mustang GT Premium,2013,18000,Gasoline,412.0HP 5.0L 8 Cylinder Engine Gasoline Fuel,6-Speed A/T,Silver,Black,None reported,Yes,29000,5.0,412.0,0,,
Lincoln,Navigator Reserve,2019,39000,Gasoline,450.0HP 3.5L V6 Cylinder Engine Gasoline Fuel,10-Speed A/T,Black,Black,None reported,Yes,51999,3.5,450.0,0,6,
Jeep,Gladiator Rubicon,2020,38000,Gasoline,285.0HP 3.6L V6 Cylinder Engine Gasoline Fuel,8-Speed A/T,Black,Black,None reported,Yes,45000,3.6,285.0,0,6,
Porsche,Cayman GT4,2016,15168,Gasoline,385.0HP 3.8L Flat 6 Cylinder Engine Gasoline Fuel,6-Speed M/T,White,Black,None reported,Yes,115000,3.8,385.0,0,,
Honda,Civic EX,2012,167506,Gasoline,140.0HP 1.8L 4 Cylinder Engine Gasoline Fuel,A/T,Black,–,None reported,Yes,6500,1.8,140.0,0,,
Jeep,Grand Cherokee Laredo,2012,166000,E85 Flex Fuel,290.0HP 3.6L V6 Cylinder Engine Flex Fuel Capability,A/T,White,Gray,At least 1 accident or damage reported,Yes,13000,3.6,290.0,0,6,
Ford,Shelby GT500 Base,2021,19200,Gasoline,760.0HP 5.2L 8 Cylinder Engine Gasoline Fuel,Transmission w/Dual Shift Mode,Black,Black,None reported,Yes,82950,5.2,760.0,0,,
Land,Rover Defender SE,2022,46000,Hybrid,395.0HP 3.0L Straight 6 Cylinder Engine Gasoline/Mild Electric Hybrid,8-Speed A/T,Green,Beige,None reported,Yes,75000,3.0,395.0,0,,
Hummer,H3 Base,2007,201000,Gasoline,242.0HP 3.7L 5 Cylinder Engine Gasoline Fuel,A/T,White,Black,At least 1 accident or damage reported,Yes,7200,3.7,242.0,0,,
Kia,Sportage LX,2014,87000,Gasoline,182.0HP 2.4L 4 Cylinder Engine Gasoline Fuel,A/T,Black,Black,At least 1 accident or damage reported,Yes,8900,2.4,182.0,0,,
GMC,Yukon XL 1500 SLT,2015,145000,Gasoline,355.0HP 5.3L 8 Cylinder Engine Gasoline Fuel,6-Speed A/T,White,Beige,None reported,Yes,24950,5.3,355.0,0,,
Jeep,Wrangler Unlimited Sport,2020,33060,Gasoline,285.0HP 3.6L V6 Cylinder Engine Gasoline Fuel,8-Speed A/T,White,Black,None reported,Yes,36500,3.6,285.0,0,6,
Ford,Bronco XLT,1995,195000,–,–,A/T,Blue,Gray,None reported,Yes,15000,,,0,,
Tesla,Model S Long Range Plus,2021,10550,,557.0HP Electric Motor Electric Fuel System,A/T,Gray,Black,None reported,Yes,67800,,557.0,0,,
Audi,A6 3.0T Prestige,2014,89500,Gasoline,310.0HP 3.0L V6 Cylinder Engine Gasoline Fuel,Transmission w/Dual Shift Mode,Gray,Black,None reported,Yes,18000,3.0,310.0,0,6,
Jeep,Wrangler 80th Anniversary,2021,27000,Hybrid,285.0HP 3.6L V6 Cylinder Engine Gasoline/Mild Electric Hybrid,8-Speed A/T,Red,Black,None reported,Yes,37500,3.6,285.0,0,6,
Jeep,Wrangler Sport,2010,87250,Gasoline,202.0HP 3.8L V6 Cylinder Engine Gasoline Fuel,6-Speed M/T,Blue,Black,None reported,Yes,18500,3.8,202.0,0,6,
Volkswagen,CC 2.0T Sport,2016,76495,Gasoline,200.0HP 2.0L 4 Cylinder Engine Gasoline Fuel,A/T,White,Black,At least 1 accident or damage reported,Yes,13000,2.0,200.0,0,,
Cadillac,SRX Luxury Collection,2016,70503,Gasoline,308.0HP 3.6L V6 Cylinder Engine Gasoline Fuel,6-Speed A/T,Silver,Beige,None reported,Yes,15500,3.6,308.0,0,6,
Porsche,Cayenne Turbo,2009,41965,Gasoline,500.0HP 4.8L 8 Cylinder Engine Gasoline Fuel,Transmission w/Dual Shift Mode,Black,Beige,At least 1 accident or damage reported,Yes,35000,4.8,500.0,0,,
Toyota,4Runner 4WD,1999,267000,Gasoline,150.0HP 2.7L 4 Cylinder Engine Gasoline Fuel,5-Speed M/T,Silver,Beige,At least 1 accident or damage reported,Yes,8000,2.7,150.0,0,,
Mitsubishi,Eclipse GT,2003,146000,Gasoline,200.0HP 3.0L V6 Cylinder Engine Gasoline Fuel,4-Speed A/T,Gray,Black,At least 1 accident or damage reported,Yes,4200,3.0,200.0,0,6,
Chevrolet,Corvette Stingray w/1LT,2023,9000,Gasoline,490.0HP 6.2L 8 Cylinder Engine Gasoline Fuel,8-Speed A/T,White,White,None reported,Yes,82500,6.2,490.0,0,,
Toyota,GR86 Premium,2022,1050,Gasoline,228.0HP 2.4L 4 Cylinder Engine Gasoline Fuel,6-Speed A/T,Gray,Black,None reported,Yes,40000,2.4,228.0,0,,
Land,Rover Range Rover P525 Westminster,2021,22270,Gasoline,5.0L V8 32V GDI DOHC Supercharged,8-Speed Automatic,Gray,Ebony,None reported,Unknown,89900,5.0,,0,8,32
Ford,Mustang GT Premium,2012,19900,Gasoline,412.0HP 5.0L 8 Cylinder Engine Gasoline Fuel,6-Speed A/T,White,Black,None reported,Yes,26500,5.0,412.0,0,,
Tesla,Model Y Long Range,2020,19800,,425.0HP Electric Motor Electric Fuel System,1-Speed A/T,White,White,None reported,Yes,44990,,425.0,0,,
RAM,1500 Sport,2012,113500,Gasoline,390.0HP 5.7L 8 Cylinder Engine Gasoline Fuel,A/T,Black,Black,None reported,Yes,17900,5.7,390.0,0,,
Lamborghini,Gallardo LP550-2,2013,22000,Gasoline,550.0HP 5.2L 10 Cylinder Engine Gasoline Fuel,6-Speed A/T,Black,Black,None reported,Yes,150000,5.2,550.0,0,,
INFINITI,Q60 3.0t Red Sport 400,2022,3300,Gasoline,400.0HP 3.0L V6 Cylinder Engine Gasoline Fuel,Transmission w/Dual Shift Mode,Red,Black,None reported,Yes,54000,3.0,400.0,0,6,
Volkswagen,e-Golf SE,2016,41615,,115.0HP Electric Motor Electric Fuel System,1-Speed A/T,Blue,Gray,None reported,Yes,12000,,115.0,0,,
Tesla,Model X Long Range,2022,11860,,670.0HP Electric Motor Electric Fuel System,A/T,White,White,None reported,Yes,92500,,670.0,0,,
BMW,M5 Base,2015,27000,Gasoline,560.0HP 4.4L 8 Cylinder Engine Gasoline Fuel,7-Speed A/T,Black,Black,None reported,Yes,52500,4.4,560.0,0,,
Kia,K5 GT-Line,2022,22101,Gasoline,1.6L I4 16V GDI DOHC Turbo,8-Speed Automatic,Glacial White Pearl,Black,At least 1 accident or damage reported,Yes,29430,1.6,,1,,16
Chevrolet,Caprice Classic Base,1996,60000,Gasoline,260.0HP 5.7L 8 Cylinder Engine Gasoline Fuel,A/T,Purple,Gray,,Unknown,18500,5.7,260.0,0,,
Subaru,BRZ Limited,2013,46452,Gasoline,200.0HP 2.0L 4 Cylinder Engine Gasoline Fuel,6-Speed M/T,Gray,Black,None reported,Yes,22888,2.0,200.0,0,,
Lincoln,MKZ Reserve I,2019,36000,Gasoline,245.0HP 2.0L 4 Cylinder Engine Gasoline Fuel,6-Speed A/T,White,Beige,None reported,Yes,26500,2.0,245.0,0,,
Chevrolet,Corvette Grand Sport,2019,13100,Gasoline,460.0HP 6.2L 8 Cylinder Engine Gasoline Fuel,7-Speed M/T,Silver,Red,None reported,Yes,61950,6.2,460.0,0,,
Audi,Q5 2.0T Premium Plus,2019,50000,Gasoline,248.0HP 2.0L 4 Cylinder Engine Gasoline Fuel,7-Speed A/T,White,Beige,At least 1 accident or damage reported,Yes,27000,2.0,248.0,0,,
Mazda,CX-9 Signature,2018,19500,Gasoline,227.0HP 2.5L 4 Cylinder Engine Gasoline Fuel,Transmission w/Dual Shift Mode,White,Brown,None reported,Yes,32250,2.5,227.0,0,,
Ford,Mustang GT,2016,36000,Gasoline,435.0HP 5.0L 8 Cylinder Engine Gasoline Fuel,6-Speed M/T,Orange,Black,At least 1 accident or damage reported,Yes,31000,5.0,435.0,0,,
Rolls-Royce,Wraith Base,2016,21000,Gasoline,624.0HP 6.6L 12 Cylinder Engine Gasoline Fuel,A/T,Brown,Black,,Unknown,217000,6.6,624.0,0,,
Chevrolet,Camaro 1SS,2022,6640,Gasoline,455.0HP 6.2L 8 Cylinder Engine Gasoline Fuel,A/T,Orange,Black,None reported,Yes,51999,6.2,455.0,0,,
BMW,X5 xDrive35i,2016,74850,Gasoline,300.0HP 3.0L Straight 6 Cylinder Engine Gasoline Fuel,A/T,White,Brown,At least 1 accident or damage reported,Yes,21900,3.0,300.0,0,,
Nissan,Maxima SV,2014,117000,Gasoline,290.0HP 3.5L V6 Cylinder Engine Gasoline Fuel,Transmission w/Dual Shift Mode,White,Black,At least 1 accident or damage reported,Yes,10900,3.5,290.0,0,6,
Toyota,Tundra TRD Pro,2016,51400,E85 Flex Fuel,381.0HP 5.7L 8 Cylinder Engine Flex Fuel Capability,6-Speed A/T,Black,Black,,Unknown,39900,5.7,381.0,0,,
INFINITI,QX60 AUTOGRAPH,2022,6000,Gasoline,295.0HP 3.5L V6 Cylinder Engine Gasoline Fuel,9-Speed A/T,Gold,Brown,None reported,Yes,57999,3.5,295.0,0,6,
Mitsubishi,Lancer Evolution MR,2006,128000,Gasoline,286.0HP 2.0L 4 Cylinder Engine Gasoline Fuel,6-Speed M/T,Silver,Black,None reported,Yes,37999,2.0,286.0,0,,
BMW,X3 xDrive30i,2021,15000,Gasoline,248.0HP 2.0L 4 Cylinder Engine Gasoline Fuel,Transmission w/Dual Shift Mode,White,Brown,None reported,Yes,39995,2.0,248.0,0,,
Toyota,Tundra SR5,2016,119000,Gasoline,381.0HP 5.7L 8 Cylinder Engine Gasoline Fuel,6-Speed A/T,Red,Black,None reported,Yes,29950,5.7,381.0,0,,
Lincoln,Mark LT Base,2006,87500,Gasoline,300.0HP 5.4L 8 Cylinder Engine Gasoline Fuel,A/T,Silver,Black,At least 1 accident or damage reported,Yes,12999,5.4,300.0,0,,
Ford,Flex SEL,2011,149000,Gasoline,262.0HP 3.5L V6 Cylinder Engine Gasoline Fuel,6-Speed A/T,Black,Beige,None reported,Yes,7999,3.5,262.0,0,6,
Audi,Q5 2.0T Premium Plus,2015,54700,E85 Flex Fuel,220.0HP 2.0L 4 Cylinder Engine Flex Fuel Capability,8-Speed A/T,Gray,Brown,At least 1 accident or damage reported,Yes,20995,2.0,220.0,0,,
Ford,F-150 XL,2021,45979,Gasoline,3.5L V6 24V PDI DOHC Twin Turbo,10-Speed Automatic,Agate Black Metallic,Black,None reported,Yes,38532,3.5,,1,6,24
Lincoln,Continental Reserve,2017,56846,Gasoline,335.0HP 2.7L V6 Cylinder Engine Gasoline Fuel,Transmission w/Dual Shift Mode,White,Beige,None reported,Yes,29000,2.7,335.0,0,6,
Tesla,Model X 75D,2017,94100,,518.0HP Electric Motor Electric Fuel System,A/T,Black,Orange,At least 1 accident or damage reported,Yes,49900,,518.0,0,,
Jeep,Grand Cherokee Limited,2017,80150,Gasoline,293.0HP 3.6L V6 Cylinder Engine Gasoline Fuel,8-Speed A/T,Blue,Black,At least 1 accident or damage reported,Yes,22500,3.6,293.0,0,6,
GMC,Terrain SLT-1,2013,11563,Gasoline,182.0HP 2.4L 4 Cylinder Engine Gasoline Fuel,A/T,Blue,Black,At least 1 accident or damage reported,Yes,12300,2.4,182.0,0,,
Tesla,Model X Long Range,2022,7500,,670.0HP Electric Motor Electric Fuel System,A/T,Silver,Black,None reported,Yes,84000,,670.0,0,,
Mercedes-Benz,AMG E 53 Base 4MATIC,2021,15615,Hybrid,429.0HP 3.0L Straight 6 Cylinder Engine Gasoline/Mild Electric Hybrid,9-Speed A/T,Gray,Black,None reported,Yes,78000,3.0,429.0,0,,
Subaru,Impreza WRX Base,2013,113000,Gasoline,265.0HP 2.5L 4 Cylinder Engine Gasoline Fuel,5-Speed M/T,Blue,Black,At least 1 accident or damage reported,Yes,16000,2.5,265.0,0,,
Kia,Optima S,2018,74000,Gasoline,185.0HP 2.4L 4 Cylinder Engine Gasoline Fuel,6-Speed A/T,White,Black,None reported,Yes,15000,2.4,185.0,0,,
Mercedes-Benz,M-Class ML 350,2011,99200,Gasoline,268.0HP 3.5L V6 Cylinder Engine Gasoline Fuel,A/T,Black,Black,None reported,Yes,11900,3.5,268.0,0,6,
Volkswagen,Beetle 2.0T S,2018,36824,Gasoline,174.0HP 2.0L 4 Cylinder Engine Gasoline Fuel,6-Speed A/T,Red,Red,None reported,Yes,23999,2.0,174.0,0,,
Acura,RSX Base,2005,186040,Gasoline,160.0HP 2.0L 4 Cylinder Engine Gasoline Fuel,A/T,Gray,Beige,At least 1 accident or damage reported,Yes,6700,2.0,160.0,0,,
GMC,Acadia SLE,2020,58000,Gasoline,310.0HP 3.6L V6 Cylinder Engine Gasoline Fuel,9-Speed A/T,Black,Black,None reported,Yes,27700,3.6,310.0,0,6,
Ford,F-150 Lariat,2020,31250,Gasoline,325.0HP 2.7L V6 Cylinder Engine Gasoline Fuel,A/T,Blue,Gray,None reported,Yes,42500,2.7,325.0,0,6,
Jeep,Gladiator Overland,2020,43000,Gasoline,285.0HP 3.6L V6 Cylinder Engine Gasoline Fuel,A/T,White,Beige,None reported,Yes,46500,3.6,285.0,0,6,
Toyota,Tacoma TRD Sport,2020,41199,Gasoline,3.5 Liter,6 Speed Mt,Black,Black/Gun Metal,None reported,Unknown,41598,3.5,,0,,
Kia,EV6 GT-Line,2022,22000,,320.0HP Electric Motor Electric Fuel System,1-Speed A/T,Gray,Black,None reported,Yes,45000,,320.0,0,,
Genesis,GV70 3.5T Sport,2022,12900,Gasoline,375.0HP 3.5L V6 Cylinder Engine Gasoline Fuel,8-Speed A/T,Gray,White,None reported,Yes,53000,3.5,375.0,0,6,
Ford,Explorer ST,2022,10500,Gasoline,400.0HP 3.0L V6 Cylinder Engine Gasoline Fuel,Transmission w/Dual Shift Mode,Black,Black,,Unknown,50000,3.0,400.0,0,6,
MINI,Countryman Cooper,2020,74725,Gasoline,1.5L I3 12V GDI DOHC Turbo,7-Speed Automatic with Auto-Shift,Black,Black,None reported,Yes,21612,1.5,,1,,12
Mazda,CX-5 Grand Touring,2021,61117,Gasoline,2.5L I4 16V GDI DOHC,6-Speed Automatic,Sonic Silver Metallic,Black,None reported,Yes,26485,2.5,,0,,16
BMW,325 i,2003,142000,Gasoline,184.0HP 2.5L Straight 6 Cylinder Engine Gasoline Fuel,5-Speed M/T,Silver,Black,At least 1 accident or damage reported,Yes,4800,2.5,184.0,0,,
Ford,Mustang EcoBoost Premium,2019,31000,–,–,6-Speed M/T,Gray,Black,None reported,Yes,34700,,,0,,
Toyota,Yaris L,2012,129355,Gasoline,106.0HP 1.5L 4 Cylinder Engine Gasoline Fuel,4-Speed A/T,Black,Gray,At least 1 accident or damage reported,Yes,7950,1.5,106.0,0,,
Chevrolet,Express 1500 Base,2010,204000,E85 Flex Fuel,310.0HP 5.3L 8 Cylinder Engine Flex Fuel Capability,4-Speed A/T,White,Gray,At least 1 accident or damage reported,Yes,4900,5.3,310.0,0,,
Lincoln,Navigator L Select,2016,115600,Gasoline,380.0HP 3.5L V6 Cylinder Engine Gasoline Fuel,6-Speed A/T,Black,Black,None reported,Yes,22500,3.5,380.0,0,6,
Jeep,Wrangler Sahara Altitude,2023,1563,Hybrid,285.0HP 3.6L V6 Cylinder Engine Gasoline/Mild Electric Hybrid,A/T,Gray,Black,None reported,Yes,62500,3.6,285.0,0,6,
Bentley,Continental GT Base,2007,72166,Gasoline,552.0HP 6.0L 12 Cylinder Engine Gasoline Fuel,A/T,Black,Black,At least 1 accident or damage reported,Yes,35995,6.0,552.0,0,,
Lexus,RX 350 F Sport,2018,26100,Gasoline,295.0HP 3.5L V6 Cylinder Engine Gasoline Fuel,8-Speed A/T,Gray,Red,None reported,Yes,37899,3.5,295.0,0,6,
BMW,430 i,2017,58880,Gasoline,248.0HP 2.0L 4 Cylinder Engine Gasoline Fuel,8-Speed A/T,White,Brown,None reported,Yes,21000,2.0,248.0,0,,
Cadillac,Escalade Sport Platinum,2021,26000,Gasoline,420.0HP 6.2L 8 Cylinder Engine Gasoline Fuel,10-Speed A/T,Black,Black,None reported,Yes,104000,6.2,420.0,0,,
Honda,Civic EX,2008,190640,Gasoline,140.0HP 1.8L 4 Cylinder Engine Gasoline Fuel,5-Speed M/T,Silver,Silver,At least 1 accident or damage reported,Yes,5500,1.8,140.0,0,,
Porsche,Cayenne AWD,2020,37500,Gasoline,335.0HP 3.0L V6 Cylinder Engine Gasoline Fuel,8-Speed A/T,White,Black,None reported,Yes,59900,3.0,335.0,0,6,
Ford,Mustang Mach-E GT,2022,13856,,480.0HP Electric Motor Electric Fuel System,1-Speed A/T,White,Black,None reported,Yes,54000,,480.0,0,,
Cadillac,ATS 2.5L Luxury,2013,225000,Gasoline,202.0HP 2.5L 4 Cylinder Engine Gasoline Fuel,6-Speed A/T,Blue,Black,None reported,Yes,13600,2.5,202.0,0,,
Lexus,LS 460 Base,2014,123256,Gasoline,386.0HP 4.6L 8 Cylinder Engine Gasoline Fuel,8-Speed A/T,White,Beige,None reported,Yes,24995,4.6,386.0,0,,
Cadillac,Escalade Premium Luxury,2021,11459,Gasoline,420.0HP 6.2L 8 Cylinder Engine Gasoline Fuel,10-Speed A/T,White,Brown,None reported,Yes,88900,6.2,420.0,0,,
Mercedes-Benz,C-Class C 300 4MATIC Sport,2016,67289,Gasoline,241.0HP 2.0L 4 Cylinder Engine Gasoline Fuel,7-Speed A/T,White,Gray,None reported,Yes,20490,2.0,241.0,0,,
Hyundai,Veloster Base,2013,56837,Gasoline,132.0HP 1.6L 4 Cylinder Engine Gasoline Fuel,Transmission w/Dual Shift Mode,Silver,Black,At least 1 accident or damage reported,Yes,10500,1.6,132.0,0,,
Chevrolet,Corvette Base,2002,44168,Gasoline,350.0HP 5.7L 8 Cylinder Engine Gasoline Fuel,4-Speed A/T,Orange,Black,None reported,Yes,30000,5.7,350.0,0,,
Mercedes-Benz,C-Class C 300 4MATIC,2019,59766,Gasoline,2.0L I4 16V GDI DOHC Turbo,9-Speed Automatic,Lunar Blue Metallic,Macchiato,None reported,Unknown,26900,2.0,,1,,16
Kia,Stinger GT,2018,56300,Gasoline,365.0HP 3.3L V6 Cylinder Engine Gasoline Fuel,A/T,Silver,Black,None reported,Yes,29950,3.3,365.0,0,6,
Volvo,S60 R,2004,167000,Gasoline,300.0HP 2.5L 5 Cylinder Engine Gasoline Fuel,6-Speed M/T,Black,Beige,None reported,Yes,8000,2.5,300.0,0,,
Chevrolet,Silverado 2500 LT,2015,122770,E85 Flex Fuel,360.0HP 6.0L 8 Cylinder Engine Flex Fuel Capability,A/T,Brown,Black,None reported,Yes,27499,6.0,360.0,0,,
Land,Rover Range Rover 3.0L V6 Supercharged HSE,2019,59271,Gasoline,380.0HP 3.0L V6 Cylinder Engine Gasoline Fuel,A/T,Black,Black,None reported,Yes,54995,3.0,380.0,0,6,
GMC,Sierra 1500 SLE,2015,102000,Gasoline,355.0HP 5.3L 8 Cylinder Engine Gasoline Fuel,6-Speed A/T,Silver,Black,At least 1 accident or damage reported,Yes,24500,5.3,355.0,0,,
Chevrolet,Silverado 1500 RST,2020,40929,Gasoline,5.3L V8 16V GDI OHV,Automatic,Cajun Red Tintcoat,Jet Black,At least 1 accident or damage reported,Yes,44800,5.3,,0,8,16
Porsche,911 Turbo S,2019,22000,Gasoline,580.0HP 3.8L Flat 6 Cylinder Engine Gasoline Fuel,7-Speed A/T,White,Beige,None reported,Yes,174900,3.8,580.0,0,,
Chevrolet,Suburban Z71,2022,19200,Gasoline,420.0HP 6.2L 8 Cylinder Engine Gasoline Fuel,10-Speed A/T,White,Black,None reported,Yes,69790,6.2,420.0,0,,
Mercedes-Benz,G-Class G 550 4MATIC,2019,32376,Gasoline,416.0HP 4.0L 8 Cylinder Engine Gasoline Fuel,A/T,Black,Black,None reported,Yes,128000,4.0,416.0,0,,
Porsche,911 Carrera,2023,19800,Gasoline,379.0HP 3.0L Flat 6 Cylinder Engine Gasoline Fuel,8-Speed A/T,Silver,Black,None reported,Yes,134900,3.0,379.0,0,,
Land,Rover Range Rover Sport HSE,2011,105000,Gasoline,375.0HP 5.0L 8 Cylinder Engine Gasoline Fuel,A/T,Black,Black,None reported,Yes,10000,5.0,375.0,0,,
Ford,F-250 Lariat,2016,122650,Diesel,440.0HP 6.7L 8 Cylinder Engine Diesel Fuel,6-Speed A/T,Gray,Black,None reported,Yes,38900,6.7,440.0,0,,
Subaru,BRZ Limited,2022,14000,Gasoline,228.0HP 2.4L 4 Cylinder Engine Gasoline Fuel,6-Speed M/T,White,Black,None reported,Yes,34999,2.4,228.0,0,,
Lexus,LS 460 Base,2008,100868,Gasoline,380.0HP 4.6L 8 Cylinder Engine Gasoline Fuel,8-Speed A/T,Black,Beige,None reported,Yes,15397,4.6,380.0,0,,
Land,Rover Range Rover Sport HSE,2013,111000,Gasoline,375.0HP 5.0L 8 Cylinder Engine Gasoline Fuel,6-Speed A/T,Black,Black,At least 1 accident or damage reported,Yes,15000,5.0,375.0,0,,
Cadillac,Escalade Sport Platinum,2021,38500,Gasoline,420.0HP 6.2L 8 Cylinder Engine Gasoline Fuel,A/T,White,Black,At least 1 accident or damage reported,Yes,94995,6.2,420.0,0,,
Nissan,Pathfinder S,2020,41250,Gasoline,284.0HP 3.5L V6 Cylinder Engine Gasoline Fuel,CVT Transmission,White,–,None reported,Yes,21865,3.5,284.0,0,6,
MINI,Cooper S Base,2006,99600,Gasoline,168.0HP 1.6L 4 Cylinder Engine Gasoline Fuel,6-Speed A/T,Orange,Black,None reported,Yes,5500,1.6,168.0,0,,
Acura,ILX 2.0L w/Premium Package,2013,198000,Gasoline,150.0HP 2.0L 4 Cylinder Engine Gasoline Fuel,Transmission w/Dual Shift Mode,White,Black,At least 1 accident or damage reported,Yes,11000,2.0,150.0,0,,
Lexus,RX 350 Base,2021,20598,Gasoline,3.5L V6 24V PDI DOHC,8-Speed Automatic,Atomic Silver,Gray,At least 1 accident or damage reported,Unknown,42599,3.5,,0,6,24
Porsche,911 Carrera S,2013,52044,Gasoline,400.0HP 3.8L Flat 6 Cylinder Engine Gasoline Fuel,7-Speed M/T,White,Gray,None reported,Yes,76500,3.8,400.0,0,,
MINI,Hardtop Cooper S,2022,23777,Gasoline,189.0HP 2.0L 4 Cylinder Engine Gasoline Fuel,6-Speed M/T,Gray,Black,None reported,Yes,30000,2.0,189.0,0,,
Ford,F-150 Platinum,2018,60660,Gasoline,375.0HP 3.5L V6 Cylinder Engine Gasoline Fuel,A/T,Gold,Black,At least 1 accident or damage reported,Yes,46900,3.5,375.0,0,6,
BMW,i3 Base,2015,26000,,170.0HP 0.65L Electric Motor Electric Fuel System,1-Speed A/T,White,Beige,None reported,Yes,14999,0.65,170.0,0,,
Mazda,CX-5 Touring,2018,61000,Gasoline,187.0HP 2.5L 4 Cylinder Engine Gasoline Fuel,Transmission w/Dual Shift Mode,Gray,Black,None reported,Yes,21800,2.5,187.0,0,,
Lexus,RX 350 F Sport Performance,2020,53750,Gasoline,295.0HP 3.5L V6 Cylinder Engine Gasoline Fuel,A/T,Black,Red,None reported,Yes,32600,3.5,295.0,0,6,
BMW,X5 M50i,2023,13735,Gasoline,4.4L V8 32V GDI DOHC Twin Turbo,8-Speed Automatic,Black Sapphire Metallic,Black,None reported,Unknown,77897,4.4,,1,8,32
Mercedes-Benz,E-Class E 300,2019,32580,Gasoline,2.0 Liter Turbo,Automatic,Obsidian Black Metallic,Beige,None reported,Unknown,33998,2.0,,1,,
Porsche,911 Carrera Cabriolet,2006,96275,Gasoline,325.0HP 3.6L Flat 6 Cylinder Engine Gasoline Fuel,6-Speed M/T,Silver,Black,At least 1 accident or damage reported,Yes,52500,3.6,325.0,0,,
Ford,F-350 Lariat,2015,162000,Diesel,440.0HP 6.7L 8 Cylinder Engine Diesel Fuel,Transmission w/Dual Shift Mode,Red,Beige,None reported,Yes,32000,6.7,440.0,0,,
BMW,X3 xDrive30i,2019,92040,Gasoline,2.0L I4 16V GDI DOHC Turbo,8-Speed Automatic,Alpine White,Black,None reported,Yes,24999,2.0,,1,,16
RAM,1500 SLT,2017,73690,Gasoline,395.0HP 5.7L 8 Cylinder Engine Gasoline Fuel,8-Speed A/T,Blue,Gray,At least 1 accident or damage reported,Yes,27000,5.7,395.0,0,,
Toyota,Tacoma Base,2009,48750,Gasoline,159.0HP 2.7L 4 Cylinder Engine Gasoline Fuel,M/T,Brown,Silver,None reported,Yes,17900,2.7,159.0,0,,
Cadillac,SRX Performance Collection,2011,124542,Gasoline,265.0HP 3.0L V6 Cylinder Engine Gasoline Fuel,6-Speed A/T,Gray,Beige,None reported,Yes,8450,3.0,265.0,0,6,
Ford,Mustang GT Premium,2010,69000,Gasoline,315.0HP 4.6L 8 Cylinder Engine Gasoline Fuel,5-Speed A/T,White,Black,None reported,Yes,20000,4.6,315.0,0,,
Dodge,Ram 2500 Laramie Quad Cab,2004,148000,Diesel,250.0HP 5.9L Straight 6 Cylinder Engine Diesel Fuel,4-Speed A/T,Black,Beige,None reported,Yes,19000,5.9,250.0,0,,
BMW,650 i,2006,122141,Gasoline,360.0HP 4.8L 8 Cylinder Engine Gasoline Fuel,6-Speed M/T,Silver,Black,None reported,Yes,10500,4.8,360.0,0,,
Subaru,Impreza WRX,2012,106000,Gasoline,265.0HP 2.5L 4 Cylinder Engine Gasoline Fuel,M/T,Black,Black,None reported,Yes,15000,2.5,265.0,0,,
Ford,Edge Titanium,2017,113294,Gasoline,245.0HP 2.0L 4 Cylinder Engine Gasoline Fuel,6-Speed A/T,Gray,Black,At least 1 accident or damage reported,Yes,16500,2.0,245.0,0,,
Kia,Telluride SX,2021,24423,Gasoline,3.8L V6 24V GDI DOHC,8-Speed Automatic,Black,Black,None reported,Unknown,44315,3.8,,0,6,24
Tesla,Model S Long Range,2022,28000,,670.0HP Electric Motor Electric Fuel System,1-Speed A/T,Gray,White,None reported,Yes,68750,,670.0,0,,
RAM,1500 Rebel,2018,54800,Gasoline,395.0HP 5.7L 8 Cylinder Engine Gasoline Fuel,A/T,White,Black,At least 1 accident or damage reported,Yes,37050,5.7,395.0,0,,
Ford,Explorer XLT,2017,161000,Gasoline,290.0HP 3.5L V6 Cylinder Engine Gasoline Fuel,6-Speed A/T,Gray,Black,None reported,Yes,17500,3.5,290.0,0,6,
Mercedes-Benz,AMG GLE 43 4MATIC Coupe,2019,28755,Gasoline,385.0HP 3.0L V6 Cylinder Engine Gasoline Fuel,9-Speed A/T,Black,Black,None reported,Yes,61350,3.0,385.0,0,6,
Audi,Q5 2.0T Premium Plus,2016,52105,E85 Flex Fuel,220.0HP 2.0L 4 Cylinder Engine Flex Fuel Capability,A/T,White,Beige,At least 1 accident or damage reported,Yes,20499,2.0,220.0,0,,
Nissan,Armada Platinum,2018,119950,Gasoline,390.0HP 5.6L 8 Cylinder Engine Gasoline Fuel,Transmission w/Dual Shift Mode,Black,Black,None reported,Yes,20999,5.6,390.0,0,,
Mercedes-Benz,SL-Class SL500 Roadster,2003,80081,Gasoline,302.0HP 5.0L 8 Cylinder Engine Gasoline Fuel,5-Speed A/T,White,Beige,None reported,Yes,12500,5.0,302.0,0,,
Bentley,Bentayga V8,2021,24500,Gasoline,542.0HP 4.0L 8 Cylinder Engine Gasoline Fuel,8-Speed A/T,White,White,None reported,Yes,165000,4.0,542.0,0,,
Jeep,Gladiator Overland,2021,4100,Gasoline,285.0HP 3.6L V6 Cylinder Engine Gasoline Fuel,A/T,Black,Black,None reported,Yes,55000,3.6,285.0,0,6,
BMW,M2 CS,2020,9670,Gasoline,444.0HP 3.0L Straight 6 Cylinder Engine Gasoline Fuel,Transmission w/Dual Shift Mode,Blue,Black,None reported,Yes,103500,3.0,444.0,0,,
Dodge,Charger SE,2017,63250,Gasoline,292.0HP 3.6L V6 Cylinder Engine Gasoline Fuel,A/T,Red,Black,None reported,Yes,18650,3.6,292.0,0,6,
Lincoln,MKX Black Label,2017,69431,Gasoline,335.0HP 2.7L V6 Cylinder Engine Gasoline Fuel,6-Speed A/T,Silver,Black,None reported,Yes,26500,2.7,335.0,0,6,
Toyota,Tundra SR5,2015,108044,Gasoline,5.7L V8 32V MPFI DOHC,6-Speed Automatic,Black,–,None reported,Yes,31380,5.7,,0,8,32
BMW,335 i,2008,98000,Gasoline,300.0HP 3.0L Straight 6 Cylinder Engine Gasoline Fuel,Transmission w/Dual Shift Mode,Black,Brown,None reported,Yes,13998,3.0,300.0,0,,
BMW,X1 xDrive28i,2019,52253,Gasoline,228.0HP 2.0L 4 Cylinder Engine Gasoline Fuel,Transmission w/Dual Shift Mode,White,Black,None reported,Yes,34500,2.0,228.0,0,,
Ford,F-350 Platinum,2022,23850,Diesel,475.0HP 6.7L 8 Cylinder Engine Diesel Fuel,10-Speed A/T,Silver,Black,None reported,Yes,99750,6.7,475.0,0,,
Mercedes-Benz,Sprinter High Roof,2015,1500,Diesel,188.0HP 3.0L V6 Cylinder Engine Diesel Fuel,A/T,White,Gray,None reported,Yes,39500,3.0,188.0,0,6,
Dodge,Challenger GT,2021,40000,Gasoline,303.0HP 3.6L V6 Cylinder Engine Gasoline Fuel,A/T,Black,Black,None reported,Yes,32500,3.6,303.0,0,6,
Audi,S4 3.0 Prestige,2012,38718,Gasoline,333.0HP 3.0L V6 Cylinder Engine Gasoline Fuel,7-Speed A/T,Black,Black,None reported,Yes,31000,3.0,333.0,0,6,
Toyota,Tacoma TRD Sport,2018,84184,Gasoline,3.5 Liter,Automatic,Magnetic Gray Metallic,Graphite w/Gun Metal,None reported,Unknown,35998,3.5,,0,,
Mercedes-Benz,Sprinter 2500 Standard Roof,2021,13344,Diesel,188.0HP 3.0L V6 Cylinder Engine Diesel Fuel,7-Speed A/T,Red,Black,None reported,Yes,56500,3.0,188.0,0,6,
INFINITI,Q50 3.0t Red Sport 400,2018,51850,Gasoline,400.0HP 3.0L V6 Cylinder Engine Gasoline Fuel,Transmission w/Dual Shift Mode,Black,Black,None reported,Yes,28900,3.0,400.0,0,6,
Porsche,911 Carrera 4S,2002,119500,Gasoline,320.0HP 3.6L Flat 6 Cylinder Engine Gasoline Fuel,6-Speed M/T,Black,Black,At least 1 accident or damage reported,Yes,36995,3.6,320.0,0,,
Ford,Expedition Max Limited,2021,30918,Gasoline,375.0HP 3.5L V6 Cylinder Engine Gasoline Fuel,10-Speed A/T,White,Beige,None reported,Yes,51999,3.5,375.0,0,6,
Chevrolet,Corvette Stingray w/3LT,2023,1100,Gasoline,490.0HP 6.2L 8 Cylinder Engine Gasoline Fuel,8-Speed A/T,Gray,Beige,None reported,Yes,92000,6.2,490.0,0,,
Mercedes-Benz,C-Class C 300,2019,40000,Gasoline,255.0HP 2.0L 4 Cylinder Engine Gasoline Fuel,A/T,Blue,Black,None reported,Yes,27900,2.0,255.0,0,,
Jeep,Grand Cherokee Limited,2005,100500,Gasoline,325.0HP 5.7L 8 Cylinder Engine Gasoline Fuel,A/T,Black,Gray,None reported,Yes,9998,5.7,325.0,0,,
Dodge,Charger SRT Hellcat,2020,54320,Gasoline,707.0HP 6.2L 8 Cylinder Engine Gasoline Fuel,8-Speed A/T,Gray,Black,At least 1 accident or damage reported,Yes,67000,6.2,707.0,0,,
Mercedes-Benz,C-Class C 300 4MATIC,2018,49000,Gasoline,241.0HP 2.0L 4 Cylinder Engine Gasoline Fuel,A/T,Black,Black,None reported,Yes,23450,2.0,241.0,0,,
Porsche,911 Carrera S,2020,28000,Gasoline,443.0HP 3.0L Flat 6 Cylinder Engine Gasoline Fuel,8-Speed A/T,Gray,Black,None reported,Yes,134999,3.0,443.0,0,,
Porsche,911 GT3,2022,1750,Gasoline,502.0HP 4.0L Flat 6 Cylinder Engine Gasoline Fuel,7-Speed A/T,White,Black,None reported,Yes,275000,4.0,502.0,0,,
Cadillac,DTS Luxury,2007,130000,Gasoline,275.0HP 4.6L 8 Cylinder Engine Gasoline Fuel,A/T,Gold,Beige,At least 1 accident or damage reported,Yes,3499,4.6,275.0,0,,
Maserati,Grecale Modena,2023,3721,Gasoline,2.0L I4 16V GDI DOHC Turbo,8-Speed Automatic,White,Red,None reported,Yes,69645,2.0,,1,,16
Mercedes-Benz,S-Class S 550,2016,78101,Gasoline,449.0HP 4.7L 8 Cylinder Engine Gasoline Fuel,7-Speed A/T,Black,Black,None reported,Yes,34500,4.7,449.0,0,,
Chevrolet,Malibu 1LT,2017,54000,Gasoline,160.0HP 1.5L 4 Cylinder Engine Gasoline Fuel,A/T,Gray,Gray,At least 1 accident or damage reported,Yes,16000,1.5,160.0,0,,
Nissan,Quest SL,2011,185000,Gasoline,260.0HP 3.5L V6 Cylinder Engine Gasoline Fuel,A/T,White,Gray,At least 1 accident or damage reported,Yes,7500,3.5,260.0,0,6,
Mercedes-Benz,SLK-Class SLK 250,2015,49000,Gasoline,201.0HP 1.8L 4 Cylinder Engine Gasoline Fuel,7-Speed A/T,Blue,Beige,None reported,Yes,23500,1.8,201.0,0,,
GMC,Sierra 2500 Denali,2024,2043,Gasoline,401.0HP 6.6L 8 Cylinder Engine Gasoline Fuel,10-Speed A/T,White,Black,None reported,Yes,81500,6.6,401.0,0,,
Lexus,RX 350 Base,2016,71750,Gasoline,295.0HP 3.5L V6 Cylinder Engine Gasoline Fuel,8-Speed A/T,Black,Brown,None reported,Yes,28000,3.5,295.0,0,6,
Chevrolet,Corvette Stingray w/3LT,2020,5194,Gasoline,6.2L V8 16V GDI OHV,8-Speed Automatic with Auto-Shift,Arctic White,Tension,None reported,Unknown,87500,6.2,,0,8,16
BMW,330 i,2019,42200,Gasoline,255.0HP 2.0L 4 Cylinder Engine Gasoline Fuel,8-Speed A/T,White,Black,None reported,Yes,27500,2.0,255.0,0,,
Mercedes-Benz,GLC 300 Base,2020,42717,Gasoline,255.0HP 2.0L 4 Cylinder Engine Gasoline Fuel,A/T,Gold,Beige,None reported,Yes,33500,2.0,255.0,0,,
Tesla,Model S 75D,2016,102260,,518.0HP Electric Motor Electric Fuel System,1-Speed A/T,White,Black,None reported,Yes,31300,,518.0,0,,
Chevrolet,Corvette Stingray w/2LT,2022,11089,Gasoline,6.2L V8 16V GDI OHV,8-Speed Manual,Silver Flare Metallic,Adrenaline Red,None reported,Unknown,80900,6.2,,0,8,16
Jaguar,XF 25t Prestige,2018,37777,Gasoline,247.0HP 2.0L 4 Cylinder Engine Gasoline Fuel,Transmission w/Dual Shift Mode,Black,Black,None reported,Yes,32500,2.0,247.0,0,,
Ford,F-150 XLT,2021,35921,Gasoline,2.7L V6 24V PDI DOHC Twin Turbo,10-Speed Automatic,Antimatter Blue Metallic,Black,None reported,Unknown,42995,2.7,,1,6,24
Ford,Bronco Outer Banks,2023,1800,Gasoline,275.0HP 2.3L 4 Cylinder Engine Gasoline Fuel,10-Speed A/T,Gray,Blue,,Unknown,54900,2.3,275.0,0,,
Scion,FR-S Monogram,2014,163019,Gasoline,200.0HP 2.0L 4 Cylinder Engine Gasoline Fuel,6-Speed M/T,Black,Black,At least 1 accident or damage reported,Yes,8900,2.0,200.0,0,,
Mercedes-Benz,C-Class C 300 4MATIC,2020,14220,Gasoline,255.0HP 2.0L 4 Cylinder Engine Gasoline Fuel,9-Speed A/T,Blue,Beige,None reported,Yes,35500,2.0,255.0,0,,
Chevrolet,Tahoe Premier,2019,48879,Gasoline,5.3L V8 16V GDI OHV,Automatic,Silver Ice Metallic,Jet Black,None reported,Unknown,49573,5.3,,0,8,16
BMW,M3 Base,2002,117200,Gasoline,333.0HP 3.2L Straight 6 Cylinder Engine Gasoline Fuel,6-Speed A/T,Black,Black,None reported,Yes,15000,3.2,333.0,0,,
Ford,F-150 Lariat,2016,25000,E85 Flex Fuel,385.0HP 5.0L 8 Cylinder Engine Flex Fuel Capability,6-Speed A/T,Gray,Black,None reported,Yes,65000,5.0,385.0,0,,
BMW,i3 Base w/Range Extender,2014,74500,,170.0HP 0.65L Electric Motor Electric Fuel System,A/T,White,Gray,None reported,Yes,11499,0.65,170.0,0,,
INFINITI,G37 Journey,2013,33300,Gasoline,328.0HP 3.7L V6 Cylinder Engine Gasoline Fuel,A/T,Gray,Black,None reported,Yes,21990,3.7,328.0,0,6,
Ford,Expedition XLT,2007,123921,Gasoline,300.0HP 5.4L 8 Cylinder Engine Gasoline Fuel,6-Speed A/T,White,Beige,None reported,Yes,6900,5.4,300.0,0,,
BMW,X3 sDrive30i,2021,12800,Gasoline,248.0HP 2.0L 4 Cylinder Engine Gasoline Fuel,A/T,Blue,Blue,None reported,Yes,39990,2.0,248.0,0,,
Aston,Martin Vantage GT Base,2015,21100,Gasoline,430.0HP 4.7L 8 Cylinder Engine Gasoline Fuel,6-Speed M/T,Black,Black,None reported,Yes,80000,4.7,430.0,0,,
Chevrolet,Tahoe LT,2009,104733,E85 Flex Fuel,320.0HP 5.3L 8 Cylinder Engine Flex Fuel Capability,6-Speed A/T,Black,Black,None reported,Yes,15000,5.3,320.0,0,,
Ford,Transit-250 Base,2020,53000,Gasoline,310.0HP 3.5L V6 Cylinder Engine Gasoline Fuel,A/T,White,Black,At least 1 accident or damage reported,Yes,38500,3.5,310.0,0,6,
Lexus,ES 250 Base,2021,17570,Gasoline,2.5 Liter,Automatic,Emin White,Black,None reported,Unknown,39998,2.5,,0,,
RAM,1500 Rebel,2020,63875,Hybrid,395.0HP 5.7L 8 Cylinder Engine Gasoline/Mild Electric Hybrid,8-Speed A/T,Gray,Black,At least 1 accident or damage reported,Yes,41900,5.7,395.0,0,,
Ford,Maverick XL,2023,12500,Hybrid,191.0HP 2.5L 4 Cylinder Engine Gas/Electric Hybrid,A/T,Silver,Black,None reported,Yes,29999,2.5,191.0,0,,
BMW,Z3 3.0i Roadster,2001,103990,Gasoline,225.0HP 3.0L Straight 6 Cylinder Engine Gasoline Fuel,5-Speed M/T,Black,Beige,None reported,Yes,10500,3.0,225.0,0,,
Chevrolet,Camaro 1SS,2022,7000,Gasoline,455.0HP 6.2L 8 Cylinder Engine Gasoline Fuel,6-Speed M/T,Blue,Black,None reported,Yes,50000,6.2,455.0,0,,
Chevrolet,Corvette Stingray w/3LT,2023,9000,Gasoline,490.0HP 6.2L 8 Cylinder Engine Gasoline Fuel,8-Speed A/T,Blue,Black,None reported,Yes,92000,6.2,490.0,0,,
Pontiac,Solstice GXP,2007,7800,Gasoline,260.0HP 2.0L 4 Cylinder Engine Gasoline Fuel,5-Speed A/T,Silver,Black,None reported,Yes,19000,2.0,260.0,0,,
Cadillac,XTS Luxury,2017,69289,Gasoline,304.0HP 3.6L V6 Cylinder Engine Gasoline Fuel,6-Speed A/T,Gray,Black,At least 1 accident or damage reported,Yes,20997,3.6,304.0,0,6,
Toyota,Highlander Limited,2011,106000,Gasoline,270.0HP 3.5L V6 Cylinder Engine Gasoline Fuel,5-Speed A/T,White,Gray,At least 1 accident or damage reported,Yes,16600,3.5,270.0,0,6,
Lincoln,Navigator Reserve,2020,68000,Gasoline,450.0HP 3.5L V6 Cylinder Engine Gasoline Fuel,10-Speed A/T,Black,Gray,At least 1 accident or damage reported,Yes,55999,3.5,450.0,0,6,
Toyota,Highlander Hybrid Limited Platinum,2019,13828,Hybrid,306.0HP 3.5L V6 Cylinder Engine Gas/Electric Hybrid,CVT Transmission,Blue,Black,None reported,Yes,43000,3.5,306.0,0,6,
Audi,A3 2.0T Tech Premium,2018,39600,Gasoline,220.0HP 2.0L 4 Cylinder Engine Gasoline Fuel,Transmission w/Dual Shift Mode,White,Black,None reported,Yes,26999,2.0,220.0,0,,
Jeep,Wrangler SE,2003,92000,Gasoline,150.0HP 2.4L 4 Cylinder Engine Gasoline Fuel,M/T,Gold,Black,None reported,Yes,12500,2.4,150.0,0,,
Toyota,Tacoma SR,2022,5020,Gasoline,278.0HP 3.5L V6 Cylinder Engine Gasoline Fuel,A/T,Black,Gray,None reported,Yes,36500,3.5,278.0,0,6,
Chevrolet,Trailblazer SS,2007,107800,Gasoline,395.0HP 6.0L 8 Cylinder Engine Gasoline Fuel,A/T,Black,Black,At least 1 accident or damage reported,Yes,15000,6.0,395.0,0,,
Audi,A5 2.0T Premium Plus,2019,23827,Gasoline,248.0HP 2.0L 4 Cylinder Engine Gasoline Fuel,7-Speed A/T,Gray,Black,None reported,Yes,34995,2.0,248.0,0,,
Audi,A6 55 Premium,2020,25300,Hybrid,335.0HP 3.0L V6 Cylinder Engine Gasoline/Mild Electric Hybrid,7-Speed A/T,White,Beige,None reported,Yes,39900,3.0,335.0,0,6,
Mercedes-Benz,Sprinter 2500,2016,399000,Diesel,188.0HP 3.0L V6 Cylinder Engine Diesel Fuel,5-Speed A/T,Silver,–,At least 1 accident or damage reported,Yes,24500,3.0,188.0,0,6,
Porsche,911 Carrera,2005,46200,Gasoline,325.0HP 3.6L Flat 6 Cylinder Engine Gasoline Fuel,6-Speed M/T,Silver,Black,None reported,Yes,49999,3.6,325.0,0,,
Chevrolet,Corvette Stingray w/2LT,2022,3158,Gasoline,490.0HP 6.2L 8 Cylinder Engine Gasoline Fuel,8-Speed A/T,Red,Red,None reported,Yes,85989,6.2,490.0,0,,
GMC,Acadia SLE,2021,26000,Gasoline,228.0HP 2.0L 4 Cylinder Engine Gasoline Fuel,A/T,White,Black,None reported,Yes,30900,2.0,228.0,0,,
Porsche,911 Carrera,2020,12758,Gasoline,379.0HP 3.0L Flat 6 Cylinder Engine Gasoline Fuel,8-Speed A/T,Silver,Black,None reported,Yes,107900,3.0,379.0,0,,
Chevrolet,Corvette Base,2007,123500,Gasoline,400.0HP 6.0L 8 Cylinder Engine Gasoline Fuel,Transmission w/Dual Shift Mode,Red,Beige,At least 1 accident or damage reported,Yes,27000,6.0,400.0,0,,
Ford,Mustang GT Premium,2018,26840,Gasoline,460.0HP 5.0L 8 Cylinder Engine Gasoline Fuel,6-Speed M/T,White,Black,None reported,Yes,42500,5.0,460.0,0,,
Ford,Edge SEL,2021,17836,Gasoline,2.0L I4 16V GDI DOHC Turbo,8-Speed Automatic,Silver,Ebony,None reported,Yes,31933,2.0,,1,,16
Cadillac,Escalade Luxury,2012,114500,E85 Flex Fuel,403.0HP 6.2L 8 Cylinder Engine Flex Fuel Capability,A/T,Black,Black,None reported,Yes,16100,6.2,403.0,0,,
Chevrolet,Corvette Stingray w/3LT,2022,5400,Gasoline,490.0HP 6.2L 8 Cylinder Engine Gasoline Fuel,8-Speed A/T,White,Black,None reported,Yes,89900,6.2,490.0,0,,
Toyota,Corolla LE,2016,17500,Gasoline,132.0HP 1.8L 4 Cylinder Engine Gasoline Fuel,A/T,Red,Gray,None reported,Yes,15100,1.8,132.0,0,,
Chevrolet,Express 2500 Work Van,2017,56000,Gasoline,285.0HP 4.8L 8 Cylinder Engine Gasoline Fuel,A/T,Blue,–,None reported,Yes,44600,4.8,285.0,0,,
Chevrolet,Trax LS,2020,20800,Gasoline,138.0HP 1.4L 4 Cylinder Engine Gasoline Fuel,6-Speed A/T,Black,Beige,None reported,Yes,19000,1.4,138.0,0,,
Volkswagen,Golf Auto TSI S,2015,107543,Gasoline,170.0HP 1.8L 4 Cylinder Engine Gasoline Fuel,Transmission w/Dual Shift Mode,Black,Black,None reported,Yes,13200,1.8,170.0,0,,
Nissan,Pathfinder Silver,2012,206000,Gasoline,266.0HP 4.0L V6 Cylinder Engine Gasoline Fuel,Transmission w/Dual Shift Mode,Black,Black,None reported,Yes,5000,4.0,266.0,0,6,
Ford,F-150 Platinum,2018,37100,E85 Flex Fuel,395.0HP 5.0L 8 Cylinder Engine Flex Fuel Capability,10-Speed A/T,Black,Black,None reported,Yes,46000,5.0,395.0,0,,
Land,Rover Range Rover Velar P380 SE R-Dynamic,2019,19813,Gasoline,380.0HP 3.0L V6 Cylinder Engine Gasoline Fuel,8-Speed A/T,Silver,Beige,None reported,Yes,51900,3.0,380.0,0,6,
Kia,Sportage LX,2010,208321,Gasoline,173.0HP 2.7L V6 Cylinder Engine Gasoline Fuel,A/T,White,Beige,None reported,Yes,3500,2.7,173.0,0,6,
Lexus,LS 460 Base,2012,200000,Gasoline,380.0HP 4.6L 8 Cylinder Engine Gasoline Fuel,Transmission w/Dual Shift Mode,White,Beige,At least 1 accident or damage reported,Yes,9995,4.6,380.0,0,,
MINI,Cooper S Base,2012,66000,Gasoline,181.0HP 1.6L 4 Cylinder Engine Gasoline Fuel,6-Speed A/T,White,Black,None reported,Yes,10999,1.6,181.0,0,,
Bentley,Bentayga Activity Edition,2018,41000,Gasoline,600.0HP 6.0L 12 Cylinder Engine Gasoline Fuel,8-Speed A/T,Gray,Gray,None reported,Yes,113000,6.0,600.0,0,,
Volvo,XC60 T6 Inscription,2019,20623,Gasoline,330.0HP 2.0L 4 Cylinder Engine Gasoline Fuel,A/T,Silver,Black,None reported,Yes,36800,2.0,330.0,0,,
Ford,Explorer Limited,2018,86000,Gasoline,290.0HP 3.5L V6 Cylinder Engine Gasoline Fuel,Transmission w/Dual Shift Mode,Black,Black,None reported,Yes,26900,3.5,290.0,0,6,
Porsche,Cayenne Turbo GT,2022,1766,Gasoline,4.0L,Automatic,Custom Color,Black,None reported,Unknown,209995,4.0,,0,,
Mercedes-Benz,G-Class G 550 4MATIC,2016,51354,Gasoline,416.0HP 4.0L 8 Cylinder Engine Gasoline Fuel,7-Speed A/T,Blue,Black,None reported,Yes,73000,4.0,416.0,0,,
Jeep,Wrangler Unlimited Rubicon 392,2021,38000,Gasoline,470.0HP 6.4L 8 Cylinder Engine Gasoline Fuel,Transmission w/Dual Shift Mode,Gray,Black,None reported,Yes,72980,6.4,470.0,0,,
Toyota,Avalon Hybrid XLE Premium,2015,161000,Hybrid,200.0HP 2.5L 4 Cylinder Engine Gas/Electric Hybrid,CVT Transmission,Blue,Gray,None reported,Yes,11500,2.5,200.0,0,,
Nissan,Juke SL,2012,74750,Gasoline,188.0HP 1.6L 4 Cylinder Engine Gasoline Fuel,CVT Transmission,Black,Black,None reported,Yes,12500,1.6,188.0,0,,
Porsche,911 Carrera 4,2013,67522,Gasoline,350.0HP 3.4L Flat 6 Cylinder Engine Gasoline Fuel,7-Speed A/T,Gray,Black,At least 1 accident or damage reported,Yes,59500,3.4,350.0,0,,
MINI,Cooper S Base,2012,152000,Gasoline,181.0HP 1.6L 4 Cylinder Engine Gasoline Fuel,6-Speed A/T,White,Black,None reported,Yes,9000,1.6,181.0,0,,
Subaru,Ascent Touring 7-Passenger,2019,71273,Gasoline,260.0HP 2.4L 4 Cylinder Engine Gasoline Fuel,CVT Transmission,Black,Brown,None reported,Yes,23900,2.4,260.0,0,,
Subaru,WRX STI Base,2017,37800,Gasoline,305.0HP 2.5L 4 Cylinder Engine Gasoline Fuel,6-Speed M/T,Blue,Black,None reported,Yes,32500,2.5,305.0,0,,
Land,Rover Range Rover Sport HSE,2019,42000,Gasoline,340.0HP 3.0L V6 Cylinder Engine Gasoline Fuel,Transmission w/Dual Shift Mode,White,Black,None reported,Yes,48990,3.0,340.0,0,6,
Kia,Sorento Plug-In Hybrid SX Prestige,2022,10101,Plug-In Hybrid,261.0HP 1.6L 4 Cylinder Engine Plug-In Electric/Gas,6-Speed A/T,White,–,None reported,Yes,44990,1.6,261.0,0,,
Chevrolet,Corvette Stingray w/2LT,2022,7900,Gasoline,490.0HP 6.2L 8 Cylinder Engine Gasoline Fuel,8-Speed A/T,White,Red,None reported,Yes,92500,6.2,490.0,0,,
Tesla,Model 3 Performance,2020,45468,,455.0HP Electric Motor Electric Fuel System,1-Speed A/T,Silver,White,None reported,Yes,45999,,455.0,0,,
Nissan,Armada SV,2017,187141,Gasoline,390.0HP 5.6L 8 Cylinder Engine Gasoline Fuel,A/T,Black,Black,None reported,Yes,16995,5.6,390.0,0,,
Porsche,Cayenne Turbo S,2014,99100,Gasoline,550.0HP 4.8L 8 Cylinder Engine Gasoline Fuel,8-Speed A/T,White,Black,None reported,Yes,32000,4.8,550.0,0,,
Subaru,Outback Touring XT,2021,33500,Gasoline,260.0HP 2.4L 4 Cylinder Engine Gasoline Fuel,CVT Transmission,Blue,Brown,None reported,Yes,34000,2.4,260.0,0,,
Acura,RLX Advance Package,2016,102665,Gasoline,310.0HP 3.5L V6 Cylinder Engine Gasoline Fuel,6-Speed A/T,Black,Black,None reported,Yes,15450,3.5,310.0,0,6,
Ford,Mustang GT,2001,52675,Gasoline,260.0HP 4.6L 8 Cylinder Engine Gasoline Fuel,5-Speed M/T,Black,Black,None reported,Yes,16995,4.6,260.0,0,,
BMW,330 i xDrive,2017,59203,Gasoline,248.0HP 2.0L 4 Cylinder Engine Gasoline Fuel,A/T,White,–,None reported,Yes,23000,2.0,248.0,0,,
Mercedes-Benz,SL-Class SL550 Roadster,2009,60100,Gasoline,382.0HP 5.5L 8 Cylinder Engine Gasoline Fuel,7-Speed A/T,Black,Black,None reported,Yes,27000,5.5,382.0,0,,
Audi,SQ8 4.0T Premium Plus,2021,43238,Gasoline,500.0HP 4.0L 8 Cylinder Engine Gasoline Fuel,Transmission w/Dual Shift Mode,Black,Red,None reported,Yes,76400,4.0,500.0,0,,
MINI,Cooper S Base,2007,118000,Gasoline,172.0HP 1.6L 4 Cylinder Engine Gasoline Fuel,A/T,Beige,Black,None reported,Yes,3600,1.6,172.0,0,,
Ford,Mustang EcoBoost,2021,17300,Gasoline,310.0HP 2.3L 4 Cylinder Engine Gasoline Fuel,10-Speed A/T,Yellow,Black,None reported,Yes,31000,2.3,310.0,0,,
Audi,RS 7 4.0T Prestige,2016,64800,Gasoline,560.0HP 4.0L 8 Cylinder Engine Gasoline Fuel,8-Speed A/T,White,Brown,None reported,Yes,50000,4.0,560.0,0,,
Mercedes-Benz,GLC 300 GLC 300,2022,1408,Gasoline,2.0 Liter Turbo,Automatic,Lunar Blue Metallic,–,None reported,Unknown,46798,2.0,,1,,
Volkswagen,Touareg TDI Lux,2015,15167,Diesel,240.0HP 3.0L V6 Cylinder Engine Diesel Fuel,8-Speed A/T,Gold,Black,None reported,Yes,35000,3.0,240.0,0,6,
Porsche,Cayenne GTS,2016,64600,Gasoline,440.0HP 3.6L V6 Cylinder Engine Gasoline Fuel,8-Speed A/T,White,Red,None reported,Yes,41000,3.6,440.0,0,6,
Jeep,Grand Wagoneer Series III,2022,31112,Gasoline,471.0HP 6.4L 8 Cylinder Engine Gasoline Fuel,8-Speed A/T,Black,Black,None reported,Yes,83000,6.4,471.0,0,,
Tesla,Model X 100D,2018,23250,,518.0HP Electric Motor Electric Fuel System,1-Speed A/T,Gray,White,None reported,Yes,57000,,518.0,0,,
MINI,Cooper S Base,2011,63500,Gasoline,181.0HP 1.6L 4 Cylinder Engine Gasoline Fuel,6-Speed M/T,Silver,Black,None reported,Yes,10500,1.6,181.0,0,,
RAM,1500 Laramie,2022,13464,Gasoline,5.7L V8 16V MPFI OHV,8-Speed Automatic,Diamond Black,Black,None reported,Unknown,46999,5.7,,0,8,16
Chevrolet,Camaro Base,2001,64776,Gasoline,200.0HP 3.8L V6 Cylinder Engine Gasoline Fuel,A/T,Black,Gray,None reported,Yes,7500,3.8,200.0,0,6,
Jeep,Cherokee X,2022,9601,Gasoline,3.2L V6 24V MPFI DOHC,Automatic,Sting Gray Clearcoat,Black,None reported,Unknown,33498,3.2,,0,6,24
BMW,ALPINA B7 xDrive,2013,135000,Gasoline,445.0HP 4.4L 8 Cylinder Engine Gasoline Fuel,A/T,Black,Black,At least 1 accident or damage reported,Yes,14000,4.4,445.0,0,,
Volvo,XC90 3.2 Premier Plus,2013,208864,Gasoline,240.0HP 3.2L Straight 6 Cylinder Engine Gasoline Fuel,6-Speed A/T,White,Beige,At least 1 accident or damage reported,Yes,7500,3.2,240.0,0,,
INFINITI,Q50 3.0T Premium,2016,49872,Gasoline,300.0HP 3.0L V6 Cylinder Engine Gasoline Fuel,7-Speed A/T,Gray,Black,At least 1 accident or damage reported,Yes,21500,3.0,300.0,0,6,
MINI,Cooper Base,2009,90367,Gasoline,118.0HP 1.6L 4 Cylinder Engine Gasoline Fuel,6-Speed M/T,Red,Black,None reported,Yes,9250,1.6,118.0,0,,
Porsche,911 Carrera 4S,2014,36670,Gasoline,400.0HP 3.8L Flat 6 Cylinder Engine Gasoline Fuel,Transmission w/Dual Shift Mode,White,Black,None reported,Yes,82499,3.8,400.0,0,,
Jeep,Grand Wagoneer Base,2023,3752,Gasoline,6.4L V8 16V MPFI OHV,8-Speed Automatic,Ember Pearlcoat,Global Black,None reported,Yes,84620,6.4,,0,8,16
Lexus,RX 350 Base,2021,30761,Gasoline,3.5L V6 24V PDI DOHC,8-Speed Automatic,Eminent White Pearl,Black,None reported,Unknown,44950,3.5,,0,6,24
RAM,1500 Laramie,2022,13438,Gasoline,5.7L V8 16V MPFI OHV,8-Speed Automatic,Diamond Black,Black,None reported,Unknown,46599,5.7,,0,8,16
Jeep,Gladiator Overland,2020,9100,Gasoline,285.0HP 3.6L V6 Cylinder Engine Gasoline Fuel,8-Speed A/T,Red,Black,None reported,Yes,49895,3.6,285.0,0,6,
Chrysler,200 Limited,2017,100600,–,–,A/T,Black,Black,None reported,Yes,10000,,,0,,
Ford,Fusion Hybrid Base,2011,223824,Hybrid,156.0HP 2.5L 4 Cylinder Engine Gas/Electric Hybrid,A/T,White,Brown,At least 1 accident or damage reported,Yes,4500,2.5,156.0,0,,
Audi,A6 2.0T Premium Plus,2016,96000,Gasoline,252.0HP 2.0L 4 Cylinder Engine Gasoline Fuel,8-Speed A/T,Black,Black,None reported,Yes,21990,2.0,252.0,0,,
Chevrolet,Silverado 1500 Z71 Extended Cab,2004,185000,Gasoline,295.0HP 5.3L 8 Cylinder Engine Gasoline Fuel,4-Speed A/T,Red,Gray,At least 1 accident or damage reported,Yes,10500,5.3,295.0,0,,
Porsche,Taycan Base,2021,6900,,375.0HP Electric Motor Electric Fuel System,2-Speed A/T,White,Beige,None reported,Yes,79999,,375.0,0,,
Honda,Accord Hybrid Touring,2017,96400,Hybrid,212.0HP 2.0L 4 Cylinder Engine Gas/Electric Hybrid,CVT Transmission,White,Beige,At least 1 accident or damage reported,Yes,18500,2.0,212.0,0,,
RAM,2500 SLT,2018,67865,Gasoline,410.0HP 6.4L 8 Cylinder Engine Gasoline Fuel,6-Speed A/T,White,Gray,None reported,Yes,36500,6.4,410.0,0,,
Land,Rover Range Rover Sport Supercharged,2015,64300,E85 Flex Fuel,550.0HP 5.0L 8 Cylinder Engine Flex Fuel Capability,Transmission w/Dual Shift Mode,Blue,Black,None reported,Yes,44850,5.0,550.0,0,,
Chevrolet,Colorado ZR2,2018,76500,Gasoline,308.0HP 3.6L V6 Cylinder Engine Gasoline Fuel,8-Speed A/T,White,Black,None reported,Yes,33500,3.6,308.0,0,6,
GMC,Sierra 2500 Denali,2017,96343,Diesel,445.0HP 6.6L 8 Cylinder Engine Diesel Fuel,6-Speed A/T,Blue,Beige,At least 1 accident or damage reported,Yes,53000,6.6,445.0,0,,
Subaru,Crosstrek 2.0i Limited,2018,74600,Gasoline,152.0HP 2.0L 4 Cylinder Engine Gasoline Fuel,Transmission w/Dual Shift Mode,Blue,Black,None reported,Yes,24000,2.0,152.0,0,,
Subaru,Outback 2.5i Limited,2014,157530,Gasoline,2.5L H4 16V MPFI DOHC,Automatic CVT,Twilight Blue Metallic,Black,At least 1 accident or damage reported,Yes,9995,2.5,,0,,16
Tesla,Model X Plaid,2022,15000,,1020.0HP Electric Motor Electric Fuel System,A/T,White,White,None reported,Yes,95999,,1020.0,0,,
Jeep,Wrangler Unlimited Rubicon,2012,80000,Gasoline,285.0HP 3.6L V6 Cylinder Engine Gasoline Fuel,A/T,Orange,Black,None reported,Yes,30000,3.6,285.0,0,6,
Tesla,Model S 100D,2018,83424,,518.0HP Electric Motor Electric Fuel System,1-Speed A/T,Gray,Beige,None reported,Yes,45000,,518.0,0,,
Mercedes-Benz,C-Class C 300 4MATIC,2021,19000,Gasoline,255.0HP 2.0L 4 Cylinder Engine Gasoline Fuel,A/T,Blue,Beige,None reported,Yes,37999,2.0,255.0,0,,
Porsche,911 Carrera S,2013,64000,Gasoline,400.0HP 3.8L Flat 6 Cylinder Engine Gasoline Fuel,7-Speed A/T,Gray,Black,At least 1 accident or damage reported,Yes,67000,3.8,400.0,0,,
Mercedes-Benz,GLS 450 Base 4MATIC,2019,34068,Gasoline,362.0HP 3.0L V6 Cylinder Engine Gasoline Fuel,9-Speed A/T,White,Beige,None reported,Yes,46900,3.0,362.0,0,6,
Buick,Envision Preferred,2021,20104,Gasoline,2.0L I4 16V GDI DOHC Turbo,9-Speed Automatic,Burnished Bronze Metallic,Ebony,None reported,Yes,33295,2.0,,1,,16
Nissan,Armada Platinum,2022,8400,Gasoline,400.0HP 5.6L 8 Cylinder Engine Gasoline Fuel,7-Speed A/T,Red,Beige,None reported,Yes,59950,5.6,400.0,0,,
Porsche,911 Turbo,2021,11938,Gasoline,572.0HP 3.8L Flat 6 Cylinder Engine Gasoline Fuel,Transmission w/Dual Shift Mode,Black,–,,Unknown,209000,3.8,572.0,0,,
Chevrolet,Corvette Stingray w/2LT,2021,24670,Gasoline,490.0HP 6.2L 8 Cylinder Engine Gasoline Fuel,Transmission w/Dual Shift Mode,White,Brown,None reported,Yes,72500,6.2,490.0,0,,
Ford,Mustang Shelby GT500,2013,16478,Gasoline,650.0HP 5.8L 8 Cylinder Engine Gasoline Fuel,6-Speed M/T,White,Black,None reported,Yes,66400,5.8,650.0,0,,
Ford,F-150 XL,2018,52500,E85 Flex Fuel,395.0HP 5.0L 8 Cylinder Engine Flex Fuel Capability,A/T,Gray,Gray,None reported,Yes,35000,5.0,395.0,0,,
Porsche,Cayenne Turbo,2004,92500,Gasoline,450.0HP 4.5L 8 Cylinder Engine Gasoline Fuel,Transmission w/Dual Shift Mode,Silver,Black,None reported,Yes,12000,4.5,450.0,0,,
Mitsubishi,Eclipse Spyder GT,2008,62930,Gasoline,260.0HP 3.8L V6 Cylinder Engine Gasoline Fuel,A/T,Gray,Black,At least 1 accident or damage reported,Yes,10000,3.8,260.0,0,6,
Lexus,GX 470 Base,2007,116600,Gasoline,263.0HP 4.7L 8 Cylinder Engine Gasoline Fuel,5-Speed A/T,White,Gray,None reported,Yes,19975,4.7,263.0,0,,
Dodge,Dakota Big Horn/Lone Star,2010,172024,Gasoline,210.0HP 3.7L V6 Cylinder Engine Gasoline Fuel,4-Speed A/T,Red,Brown,At least 1 accident or damage reported,Yes,7500,3.7,210.0,0,6,
Jeep,Wrangler Sport,2012,57237,Gasoline,285.0HP 3.6L V6 Cylinder Engine Gasoline Fuel,A/T,Black,Black,None reported,Yes,22500,3.6,285.0,0,6,
Subaru,Outback Limited,2020,44600,Gasoline,182.0HP 2.5L 4 Cylinder Engine Gasoline Fuel,CVT Transmission,Silver,Gray,None reported,Yes,28300,2.5,182.0,0,,
Jeep,Wrangler Unlimited Rubicon,2013,181830,Gasoline,285.0HP 3.6L V6 Cylinder Engine Gasoline Fuel,6-Speed M/T,Black,Black,None reported,Yes,21000,3.6,285.0,0,6,
Subaru,Ascent Touring 7-Passenger,2021,39948,Gasoline,2.4L H4 16V GDI DOHC Turbo,Automatic CVT,Ice Silver Metallic,Black,None reported,Yes,36791,2.4,,1,,16
Ford,F-350 XL,2017,156453,Diesel,440.0HP 6.7L 8 Cylinder Engine Diesel Fuel,6-Speed A/T,White,Beige,None reported,Yes,40000,6.7,440.0,0,,
Porsche,Cayenne Turbo S,2014,156193,Gasoline,550.0HP 4.8L 8 Cylinder Engine Gasoline Fuel,8-Speed A/T,Silver,Black,None reported,Yes,36000,4.8,550.0,0,,
BMW,X1 xDrive28i,2020,27989,Gasoline,228.0HP 2.0L 4 Cylinder Engine Gasoline Fuel,A/T,Gray,Black,None reported,Yes,29000,2.0,228.0,0,,
Toyota,4Runner Limited,2014,146700,Gasoline,270.0HP 4.0L V6 Cylinder Engine Gasoline Fuel,5-Speed A/T,Blue,Black,At least 1 accident or damage reported,Yes,24999,4.0,270.0,0,6,
GMC,Yukon Denali,2019,88450,Gasoline,420.0HP 6.2L 8 Cylinder Engine Gasoline Fuel,10-Speed A/T,Black,Beige,At least 1 accident or damage reported,Yes,42900,6.2,420.0,0,,
Toyota,C-HR LE,2020,14065,Gasoline,2.0L I4 16V MPFI DOHC,Automatic CVT,Gray,Black,At least 1 accident or damage reported,Yes,27671,2.0,,0,,16
Subaru,Outback Limited XT,2020,36844,Gasoline,2.4L H4 16V GDI DOHC Turbo,Automatic CVT,Magnetite Gray Metallic,Black,At least 1 accident or damage reported,Unknown,30427,2.4,,1,,16
Chevrolet,Silverado 1500 LT Trail Boss,2020,49000,Gasoline,355.0HP 5.3L 8 Cylinder Engine Gasoline Fuel,A/T,White,Black,None reported,Yes,44900,5.3,355.0,0,,
BMW,X5 xDrive50i,2013,58000,Gasoline,400.0HP 4.4L 8 Cylinder Engine Gasoline Fuel,8-Speed A/T,White,Black,None reported,Yes,17900,4.4,400.0,0,,
Audi,A6 55 Prestige,2021,22800,Hybrid,335.0HP 3.0L V6 Cylinder Engine Gasoline/Mild Electric Hybrid,A/T,Blue,Brown,None reported,Yes,52000,3.0,335.0,0,6,
Subaru,Outback 2.5i Limited,2014,78007,Gasoline,173.0HP 2.5L 4 Cylinder Engine Gasoline Fuel,A/T,Blue,Black,None reported,Yes,14750,2.5,173.0,0,,
Ford,F-250 King Ranch,2020,36500,Diesel,475.0HP 6.7L 8 Cylinder Engine Diesel Fuel,10-Speed A/T,Gray,Brown,None reported,Yes,69900,6.7,475.0,0,,
Honda,CR-V EX,2004,156350,Gasoline,160.0HP 2.4L 4 Cylinder Engine Gasoline Fuel,A/T,Brown,Beige,At least 1 accident or damage reported,Yes,3990,2.4,160.0,0,,
Lexus,GX 460 Luxury,2021,17710,Gasoline,301.0HP 4.6L 8 Cylinder Engine Gasoline Fuel,A/T,White,Red,None reported,Yes,59000,4.6,301.0,0,,
Ford,Explorer XLT,2013,149000,Gasoline,290.0HP 3.5L V6 Cylinder Engine Gasoline Fuel,A/T,Brown,Beige,At least 1 accident or damage reported,Yes,7850,3.5,290.0,0,6,
Subaru,Forester 2.5i Limited,2015,90000,Gasoline,170.0HP 2.5L 4 Cylinder Engine Gasoline Fuel,CVT Transmission,Silver,Gray,None reported,Yes,16000,2.5,170.0,0,,
Ford,Bronco Wildtrak Advanced,2022,9990,Gasoline,315.0HP 2.7L V6 Cylinder Engine Gasoline Fuel,Transmission w/Dual Shift Mode,Silver,Black,None reported,Yes,64500,2.7,315.0,0,6,
Mercedes-Benz,A-Class A 220 4MATIC,2019,28663,Gasoline,2.0L I4 16V GDI DOHC Turbo,7-Speed Automatic with Auto-Shift,Jupiter Red,Black,None reported,Unknown,29500,2.0,,1,,16
Lexus,NX 200t Base,2015,124250,Gasoline,235.0HP 2.0L 4 Cylinder Engine Gasoline Fuel,A/T,Gray,Orange,At least 1 accident or damage reported,Yes,17900,2.0,235.0,0,,
Ford,F-250 Lariat,2017,50780,Diesel,440.0HP 6.7L 8 Cylinder Engine Diesel Fuel,6-Speed A/T,White,Black,None reported,Yes,61000,6.7,440.0,0,,
Porsche,911 Carrera C4S,2006,65000,Gasoline,355.0HP 3.8L Flat 6 Cylinder Engine Gasoline Fuel,6-Speed M/T,Blue,Gray,,Unknown,43000,3.8,355.0,0,,
Tesla,Model 3 Long Range,2022,22457,,Electric,Automatic,Midnight Silver Metallic,Black,None reported,Unknown,40036,,,0,,
Toyota,Camry XSE,2022,19361,Gasoline,3.5 Liter,Automatic,Red,Black,None reported,Unknown,38298,3.5,,0,,
BMW,i3 94 Ah,2017,43000,,170.0HP 0.65L Electric Motor Electric Fuel System,1-Speed A/T,Black,–,None reported,Yes,16500,0.65,170.0,0,,
Ford,F-250 XL SuperCab H/D,1993,115000,–,–,A/T,Red,Gray,None reported,Yes,21900,,,0,,
Porsche,Taycan Turbo,2020,2076,,Electric,Automatic,Gray,Red,None reported,Unknown,115998,,,0,,
Porsche,911 GT3,2018,9712,Gasoline,4.0L H6 24V GDI DOHC,7-Speed Automatic with Auto-Shift,Red,Black,None reported,Unknown,188900,4.0,,0,,24
Mercedes-Benz,E-Class E55 AMG,2005,131000,Gasoline,469.0HP 5.4L 8 Cylinder Engine Gasoline Fuel,5-Speed A/T,Gray,Black,None reported,Yes,16500,5.4,469.0,0,,
Toyota,Highlander XLE,2022,31000,Gasoline,295.0HP 3.5L V6 Cylinder Engine Gasoline Fuel,Transmission w/Dual Shift Mode,Gray,Gray,None reported,Yes,43000,3.5,295.0,0,6,
Volvo,S60 Recharge Plug-In Hybrid T8 Inscription,2021,24158,Plug-In Hybrid,400.0HP 2.0L 4 Cylinder Engine Plug-In Electric/Gas,8-Speed A/T,Gray,Black,None reported,Yes,44900,2.0,400.0,0,,
Audi,A6 3.0T Premium Plus,2016,72865,Gasoline,333.0HP 3.0L V6 Cylinder Engine Gasoline Fuel,A/T,Black,Black,At least 1 accident or damage reported,Yes,22000,3.0,333.0,0,6,
Mercedes-Benz,E-Class E 350 4MATIC,2014,89563,Gasoline,302.0HP 3.5L V6 Cylinder Engine Gasoline Fuel,7-Speed A/T,Blue,Black,None reported,Yes,18995,3.5,302.0,0,6,
Nissan,Juke SL,2012,72639,Gasoline,188.0HP 1.6L 4 Cylinder Engine Gasoline Fuel,CVT Transmission,Black,Black,At least 1 accident or damage reported,Yes,15000,1.6,188.0,0,,
Mercedes-Benz,CLS-Class CLS 550,2012,79000,Gasoline,402.0HP 4.6L 8 Cylinder Engine Gasoline Fuel,7-Speed A/T,Black,Black,None reported,Yes,19999,4.6,402.0,0,,
Audi,A3 2.0T Premium,2012,111564,Gasoline,200.0HP 2.0L 4 Cylinder Engine Gasoline Fuel,6-Speed A/T,White,Black,None reported,Yes,11200,2.0,200.0,0,,
Lexus,GX 460 Base,2018,75000,Gasoline,301.0HP 4.6L 8 Cylinder Engine Gasoline Fuel,6-Speed A/T,White,Beige,At least 1 accident or damage reported,Yes,38095,4.6,301.0,0,,
Ford,Mustang Premium,2007,169613,Gasoline,210.0HP 4.0L V6 Cylinder Engine Gasoline Fuel,A/T,Black,Black,At least 1 accident or damage reported,Yes,5900,4.0,210.0,0,6,
Honda,Pilot EX-L,2011,175000,Gasoline,250.0HP 3.5L V6 Cylinder Engine Gasoline Fuel,5-Speed A/T,Black,Gray,None reported,Yes,9000,3.5,250.0,0,6,
BMW,540 i,2017,98500,Gasoline,335.0HP 3.0L Straight 6 Cylinder Engine Gasoline Fuel,8-Speed A/T,Black,Black,None reported,Yes,24500,3.0,335.0,0,,
Chrysler,300 S,2012,53000,Gasoline,292.0HP 3.6L V6 Cylinder Engine Gasoline Fuel,Transmission w/Dual Shift Mode,Black,Black,At least 1 accident or damage reported,Yes,13750,3.6,292.0,0,6,
RAM,2500 Longhorn,2015,72200,Diesel,370.0HP 6.7L Straight 6 Cylinder Engine Diesel Fuel,6-Speed A/T,Black,Black,None reported,Yes,52500,6.7,370.0,0,,
Acura,TSX Base,2005,151600,Gasoline,200.0HP 2.4L 4 Cylinder Engine Gasoline Fuel,6-Speed M/T,Black,Black,None reported,Yes,7899,2.4,200.0,0,,
Lotus,Evora 2+2,2011,20000,Gasoline,276.0HP 3.5L V6 Cylinder Engine Gasoline Fuel,6-Speed M/T,White,Red,None reported,Yes,51000,3.5,276.0,0,6,
Chevrolet,Avalanche 1500 LT,2010,170000,E85 Flex Fuel,320.0HP 5.3L 8 Cylinder Engine Flex Fuel Capability,A/T,Black,Black,At least 1 accident or damage reported,Yes,9000,5.3,320.0,0,,
Ford,F-150 XLT,2019,69800,E85 Flex Fuel,395.0HP 5.0L 8 Cylinder Engine Flex Fuel Capability,10-Speed A/T,Silver,Gray,None reported,Yes,34600,5.0,395.0,0,,
Toyota,Tundra SR5,2020,26300,Gasoline,381.0HP 5.7L 8 Cylinder Engine Gasoline Fuel,6-Speed A/T,Gray,Gray,At least 1 accident or damage reported,Yes,46199,5.7,381.0,0,,
Honda,Fit Sport,2007,156111,Gasoline,109.0HP 1.5L 4 Cylinder Engine Gasoline Fuel,Transmission w/Dual Shift Mode,Red,Black,At least 1 accident or damage reported,Yes,5200,1.5,109.0,0,,
Chevrolet,Silverado 2500 LTZ,2016,172600,Diesel,397.0HP 6.6L 8 Cylinder Engine Diesel Fuel,A/T,Red,Black,At least 1 accident or damage reported,Yes,32500,6.6,397.0,0,,
Honda,Accord Crosstour EX-L,2010,145000,Gasoline,271.0HP 3.5L V6 Cylinder Engine Gasoline Fuel,A/T,Green,Black,None reported,Yes,9000,3.5,271.0,0,6,
Ford,F-250 XLT Super Duty,2001,64309,Gasoline,260.0HP 5.4L 8 Cylinder Engine Gasoline Fuel,A/T,White,Gray,None reported,Yes,7500,5.4,260.0,0,,
RAM,1500 TRX,2021,15183,Gasoline,702.0HP 6.2L 8 Cylinder Engine Gasoline Fuel,8-Speed A/T,Black,Black,None reported,Yes,90000,6.2,702.0,0,,
Buick,Envision Essence,2020,28548,Gasoline,2.5L I4 16V GDI DOHC,6-Speed Automatic,Ebony Twilight Metallic,Ebony,None reported,Unknown,32063,2.5,,0,,16
Volkswagen,Atlas 3.6L SEL Premium R-Line,2022,14000,Gasoline,276.0HP 3.6L V6 Cylinder Engine Gasoline Fuel,8-Speed A/T,Gray,Black,None reported,Yes,46900,3.6,276.0,0,6,
Mercedes-Benz,CLS 450 Base,2019,67000,Hybrid,369.0HP 3.0L Straight 6 Cylinder Engine Gasoline/Mild Electric Hybrid,Transmission w/Dual Shift Mode,Yellow,Black,None reported,Yes,44500,3.0,369.0,0,,
Jeep,Wrangler Unlimited Sport,2017,84786,Gasoline,285.0HP 3.6L V6 Cylinder Engine Gasoline Fuel,5-Speed A/T,Gray,Black,None reported,Yes,23500,3.6,285.0,0,6,
Mercedes-Benz,S-Class S 63 AMG,2008,93000,Gasoline,518.0HP 6.2L 8 Cylinder Engine Gasoline Fuel,A/T,Black,Black,None reported,Yes,17800,6.2,518.0,0,,
Hyundai,Genesis Coupe 3.8 Track,2010,127500,Gasoline,306.0HP 3.8L V6 Cylinder Engine Gasoline Fuel,6-Speed M/T,Blue,Black,At least 1 accident or damage reported,Yes,6000,3.8,306.0,0,6,
Ford,Mustang Mach-E GT,2022,8000,,480.0HP Electric Motor Electric Fuel System,1-Speed A/T,Blue,Black,None reported,Yes,60999,,480.0,0,,
GMC,Canyon Elevation Standard,2022,16500,Gasoline,308.0HP 3.6L V6 Cylinder Engine Gasoline Fuel,8-Speed A/T,Gray,Gray,None reported,Yes,32900,3.6,308.0,0,6,
Jaguar,XK Base,2013,55700,Gasoline,385.0HP 5.0L 8 Cylinder Engine Gasoline Fuel,6-Speed A/T,Black,Black,None reported,Yes,27200,5.0,385.0,0,,
Ford,F-250 LARIAT,2021,42245,Diesel,Intercooled Turbo Diesel V-8 6.7 L/406,Automatic,Agate Black Metallic,Black,None reported,Unknown,76598,6.7,,1,,
Toyota,RAV4 Base,2009,78500,Gasoline,179.0HP 2.5L 4 Cylinder Engine Gasoline Fuel,4-Speed A/T,Silver,–,None reported,Yes,12000,2.5,179.0,0,,
Ford,Expedition Platinum,2018,48619,Gasoline,400.0HP 3.5L V6 Cylinder Engine Gasoline Fuel,10-Speed A/T,Gray,White,None reported,Yes,51499,3.5,400.0,0,6,
Jeep,Wrangler Unlimited 4xe Sahara,2021,51105,Hybrid,2.0L I4 16V GDI DOHC Turbo Hybrid,8-Speed Automatic,Black Clearcoat,Black,None reported,Yes,42700,2.0,,1,,16
Ford,F-150 XLT,2016,25880,E85 Flex Fuel,282.0HP 3.5L V6 Cylinder Engine Flex Fuel Capability,6-Speed A/T,Red,Gray,None reported,Yes,25500,3.5,282.0,0,6,
Tesla,Model S Plaid,2021,20100,,1020.0HP Electric Motor Electric Fuel System,A/T,Red,Black,None reported,Yes,69995,,1020.0,0,,
Toyota,Tacoma SR5,2018,25083,Gasoline,3.5L V6 24V PDI DOHC,6-Speed Automatic,Red,Gray,At least 1 accident or damage reported,Yes,34955,3.5,,0,6,24
Audi,TT Roadster quattro,2002,69300,Gasoline,225.0HP 1.8L 4 Cylinder Engine Gasoline Fuel,6-Speed M/T,Gray,Black,At least 1 accident or damage reported,Yes,9995,1.8,225.0,0,,
Toyota,Highlander Hybrid Limited Platinum,2019,46000,Hybrid,306.0HP 3.5L V6 Cylinder Engine Gas/Electric Hybrid,CVT Transmission,Silver,Black,None reported,Yes,40000,3.5,306.0,0,6,
Jeep,Liberty Sport,2008,141485,Gasoline,210.0HP 3.7L V6 Cylinder Engine Gasoline Fuel,A/T,Black,Gray,At least 1 accident or damage reported,Yes,6500,3.7,210.0,0,6,
Toyota,Sequoia Limited,2018,63990,Gasoline,381.0HP 5.7L 8 Cylinder Engine Gasoline Fuel,6-Speed A/T,White,Gray,At least 1 accident or damage reported,Yes,48000,5.7,381.0,0,,
Ford,Transit-350 Base,2020,19400,Gasoline,310.0HP 3.5L V6 Cylinder Engine Gasoline Fuel,A/T,White,Black,None reported,Yes,58000,3.5,310.0,0,6,
Subaru,BRZ Limited,2013,129858,Gasoline,200.0HP 2.0L 4 Cylinder Engine Gasoline Fuel,6-Speed A/T,Silver,Black,At least 1 accident or damage reported,Yes,13490,2.0,200.0,0,,
Volvo,XC60 3.2,2012,102000,Gasoline,240.0HP 3.2L Straight 6 Cylinder Engine Gasoline Fuel,6-Speed A/T,Blue,Beige,None reported,Yes,10800,3.2,240.0,0,,
Subaru,Impreza WRX Sti Special Edition,2010,8700,Gasoline,305.0HP 2.5L 4 Cylinder Engine Gasoline Fuel,6-Speed M/T,Gray,Black,None reported,Yes,39900,2.5,305.0,0,,
Chevrolet,Bolt EV LT,2018,49279,,200.0HP Electric Motor Electric Fuel System,1-Speed A/T,Red,Gray,None reported,Yes,17500,,200.0,0,,
Chevrolet,Monte Carlo Supercharged SS,2004,148800,Gasoline,240.0HP 3.8L V6 Cylinder Engine Gasoline Fuel,A/T,Red,Black,None reported,Yes,6500,3.8,240.0,0,6,
Cadillac,Escalade Platinum Edition,2012,160249,E85 Flex Fuel,403.0HP 6.2L 8 Cylinder Engine Flex Fuel Capability,A/T,Black,Black,None reported,Yes,12900,6.2,403.0,0,,
Chrysler,300M Base,2004,45000,Gasoline,250.0HP 3.5L V6 Cylinder Engine Gasoline Fuel,A/T,Gray,Gray,None reported,Yes,6000,3.5,250.0,0,6,
Chevrolet,Silverado 2500 LT H/D Extended Cab,2006,169000,Diesel,360.0HP 6.6L 8 Cylinder Engine Diesel Fuel,6-Speed A/T,White,Gray,None reported,Yes,19500,6.6,360.0,0,,
Mercedes-Benz,AMG C 63 S,2017,46000,Gasoline,503.0HP 4.0L 8 Cylinder Engine Gasoline Fuel,7-Speed A/T,Gray,Black,None reported,Yes,56000,4.0,503.0,0,,
Ferrari,488 Spider Base,2019,13900,Gasoline,660.0HP 3.9L 8 Cylinder Engine Gasoline Fuel,Transmission w/Dual Shift Mode,Red,Black,None reported,Yes,315000,3.9,660.0,0,,
Acura,TLX V6 Tech,2015,38000,Gasoline,290.0HP 3.5L V6 Cylinder Engine Gasoline Fuel,9-Speed A/T,White,Black,None reported,Yes,21900,3.5,290.0,0,6,
Chevrolet,Corvette Z06,2006,42000,Gasoline,505.0HP 7.0L 8 Cylinder Engine Gasoline Fuel,6-Speed M/T,Orange,Black,None reported,Yes,42000,7.0,505.0,0,,
Lexus,NX 350h Premium,2024,300,Hybrid,240.0HP 2.5L 4 Cylinder Engine Gas/Electric Hybrid,A/T,Black,Black,None reported,Yes,50999,2.5,240.0,0,,
Mercedes-Benz,SLK-Class SLK 350,2008,120800,Gasoline,268.0HP 3.5L V6 Cylinder Engine Gasoline Fuel,7-Speed A/T,Red,Beige,None reported,Yes,13900,3.5,268.0,0,6,
Jeep,Wrangler Unlimited Sahara,2020,76313,Gasoline,2.0L I4 16V GDI DOHC Turbo,8-Speed Automatic,Hellayella Clearcoat,Black,None reported,Yes,35234,2.0,,1,,16
Chevrolet,Silverado 1500 LT,2012,104000,E85 Flex Fuel,315.0HP 5.3L 8 Cylinder Engine Flex Fuel Capability,6-Speed A/T,Blue,Gray,At least 1 accident or damage reported,Yes,16500,5.3,315.0,0,,
Lexus,GX 460 Base,2010,97097,Gasoline,301.0HP 4.6L 8 Cylinder Engine Gasoline Fuel,A/T,Red,Beige,At least 1 accident or damage reported,Yes,22000,4.6,301.0,0,,
Jeep,Wrangler Unlimited X,2008,136731,Gasoline,202.0HP 3.8L V6 Cylinder Engine Gasoline Fuel,A/T,Yellow,Gray,None reported,Yes,15900,3.8,202.0,0,6,
RAM,1500 Tradesman/Express,2017,40200,Gasoline,395.0HP 5.7L 8 Cylinder Engine Gasoline Fuel,A/T,Blue,Gray,At least 1 accident or damage reported,Yes,24000,5.7,395.0,0,,
Ford,Explorer ST,2021,39105,Gasoline,3.0L V6 24V GDI DOHC Twin Turbo,10-Speed Automatic,Black,–,None reported,Yes,44605,3.0,,1,6,24
Mercedes-Benz,G 550 4x4 Squared Base,2017,23567,Gasoline,416.0HP 4.0L 8 Cylinder Engine Gasoline Fuel,Transmission w/Dual Shift Mode,White,Black,At least 1 accident or damage reported,Yes,215000,4.0,416.0,0,,
BMW,M4 Competition,2021,12500,Gasoline,503.0HP 3.0L Straight 6 Cylinder Engine Gasoline Fuel,8-Speed A/T,Gray,Blue,At least 1 accident or damage reported,Yes,90000,3.0,503.0,0,,
Chevrolet,Colorado ZR2,2019,38900,Gasoline,308.0HP 3.6L V6 Cylinder Engine Gasoline Fuel,8-Speed A/T,White,Black,None reported,Yes,34700,3.6,308.0,0,6,
Lincoln,Navigator L Select,2016,84272,Gasoline,380.0HP 3.5L V6 Cylinder Engine Gasoline Fuel,6-Speed A/T,Black,Black,At least 1 accident or damage reported,Yes,25221,3.5,380.0,0,6,
Mercedes-Benz,E-Class E 350,2016,58375,Gasoline,302.0HP 3.5L V6 Cylinder Engine Gasoline Fuel,A/T,White,Beige,None reported,Yes,24999,3.5,302.0,0,6,
Ford,Mustang Shelby GT500,2007,7346,Gasoline,500.0HP 5.4L 8 Cylinder Engine Gasoline Fuel,6-Speed M/T,Red,Black,None reported,Yes,40999,5.4,500.0,0,,
Dodge,Charger SRT8,2008,98231,Gasoline,425.0HP 6.1L 8 Cylinder Engine Gasoline Fuel,5-Speed A/T,Blue,Black,At least 1 accident or damage reported,Yes,15500,6.1,425.0,0,,
Jaguar,XK Base,2007,56000,Gasoline,300.0HP 4.2L 8 Cylinder Engine Gasoline Fuel,A/T,White,Beige,None reported,Yes,18000,4.2,300.0,0,,
Honda,Civic EX,2020,13935,Gasoline,174.0HP 1.5L 4 Cylinder Engine Gasoline Fuel,CVT Transmission,Gray,Black,None reported,Yes,26000,1.5,174.0,0,,
Subaru,Impreza 2.0i,2019,30000,Gasoline,152.0HP 2.0L 4 Cylinder Engine Gasoline Fuel,CVT Transmission,Gray,Black,At least 1 accident or damage reported,Yes,21250,2.0,152.0,0,,
Saab,9-3 Aero,2009,106000,Gasoline,280.0HP 2.8L V6 Cylinder Engine Gasoline Fuel,6-Speed A/T,Red,Black,None reported,Yes,12950,2.8,280.0,0,6,
BMW,650 Gran Coupe i xDrive,2014,82978,Gasoline,445.0HP 4.4L 8 Cylinder Engine Gasoline Fuel,8-Speed A/T,Black,White,None reported,Yes,18700,4.4,445.0,0,,
Jeep,Wrangler Unlimited Sport,2018,58500,Gasoline,285.0HP 3.6L V6 Cylinder Engine Gasoline Fuel,8-Speed A/T,Black,Black,None reported,Yes,35000,3.6,285.0,0,6,
Ford,F-350 King Ranch,2015,92421,Diesel,440.0HP 6.7L 8 Cylinder Engine Diesel Fuel,6-Speed A/T,White,Brown,None reported,Yes,51900,6.7,440.0,0,,
Mazda,CX-30 Preferred,2020,9927,Gasoline,2.5L I4 16V GDI DOHC,6-Speed Automatic,Snowflake White Pearl,Black,None reported,Yes,27518,2.5,,0,,16
Jeep,Wrangler Sport,2000,122945,Gasoline,181.0HP 4.0L Straight 6 Cylinder Engine Gasoline Fuel,5-Speed M/T,Beige,Brown,None reported,Yes,13900,4.0,181.0,0,,
Lexus,RX 330 Base,2006,110250,Gasoline,230.0HP 3.3L V6 Cylinder Engine Gasoline Fuel,A/T,White,Beige,None reported,Yes,11000,3.3,230.0,0,6,
INFINITI,QX56 Base,2011,103010,Gasoline,400.0HP 5.6L 8 Cylinder Engine Gasoline Fuel,7-Speed A/T,Black,Beige,None reported,Yes,13500,5.6,400.0,0,,
Hyundai,Veloster Value Edition,2017,55359,Gasoline,1.6L I4 16V GDI DOHC,6-Speed Automatic with Auto-Shift,Ironman Silver,Black,None reported,Unknown,15599,1.6,,0,,16
Chevrolet,Silverado 1500 LT Extended Cab,2002,118500,Gasoline,285.0HP 5.3L 8 Cylinder Engine Gasoline Fuel,A/T,Silver,Black,At least 1 accident or damage reported,Yes,5900,5.3,285.0,0,,
Rivian,R1S Launch Edition,2022,7800,,835.0HP Electric Motor Electric Fuel System,1-Speed A/T,Green,Black,None reported,Yes,92500,,835.0,0,,
Land,Rover Range Rover HSE SWB,2020,41500,Hybrid,395.0HP 3.0L Straight 6 Cylinder Engine Gasoline/Mild Electric Hybrid,8-Speed A/T,Gray,Gray,None reported,Yes,68000,3.0,395.0,0,,
BMW,M4 Base,2020,28000,Gasoline,425.0HP 3.0L Straight 6 Cylinder Engine Gasoline Fuel,7-Speed A/T,White,White,None reported,Yes,59900,3.0,425.0,0,,
Mercedes-Benz,E-Class E 350,2014,53500,Gasoline,302.0HP 3.5L V6 Cylinder Engine Gasoline Fuel,A/T,Black,Brown,None reported,Yes,24500,3.5,302.0,0,6,
Honda,Accord Hybrid Base,2021,33523,Hybrid,2.0L I4 16V MPFI DOHC Hybrid,Automatic CVT,Lunar Silver Metallic,Gray,None reported,Unknown,28748,2.0,,0,,16
Toyota,Prius v Three,2016,86300,Hybrid,134.0HP 1.8L 4 Cylinder Engine Gas/Electric Hybrid,A/T,Gray,Black,At least 1 accident or damage reported,Yes,18000,1.8,134.0,0,,
Subaru,WRX Premium,2022,7738,Gasoline,271.0HP 2.4L 4 Cylinder Engine Gasoline Fuel,Transmission w/Dual Shift Mode,Orange,Black,At least 1 accident or damage reported,Yes,33000,2.4,271.0,0,,
Bentley,Bentayga Speed,2020,22001,Gasoline,6.0L W12 48V PDI DOHC Twin Turbo,8-Speed Automatic,Beluga Black,Hotspur Hide,None reported,Yes,173995,6.0,,1,,48
Ford,Explorer ST,2022,14361,Gasoline,400.0HP 3.0L V6 Cylinder Engine Gasoline Fuel,10-Speed A/T,Black,Black,None reported,Yes,51500,3.0,400.0,0,6,
Chevrolet,Suburban LT,2016,98000,E85 Flex Fuel,355.0HP 5.3L 8 Cylinder Engine Flex Fuel Capability,Transmission Overdrive Switch,Gray,Gray,At least 1 accident or damage reported,Yes,30000,5.3,355.0,0,,
Chevrolet,Silverado 1500 Limited Custom,2022,30455,Gasoline,2.7 Liter DOHC Turbo,Automatic,Summit White,Jet Black,None reported,Unknown,37698,2.7,,1,,
Ford,Explorer Platinum,2020,64552,Gasoline,3.0L V6 24V GDI DOHC Twin Turbo,10-Speed Automatic,Iconic Silver Metallic,Ebony,At least 1 accident or damage reported,Yes,36750,3.0,,1,6,24
Lexus,RX 350 Base,2017,103866,Gasoline,295.0HP 3.5L V6 Cylinder Engine Gasoline Fuel,8-Speed A/T,Beige,Beige,At least 1 accident or damage reported,Yes,24700,3.5,295.0,0,6,
Land,Rover Range Rover 3.0L V6 Supercharged HSE,2019,35650,Gasoline,380.0HP 3.0L V6 Cylinder Engine Gasoline Fuel,8-Speed A/T,Black,Black,At least 1 accident or damage reported,Yes,57999,3.0,380.0,0,6,
Ford,Explorer Platinum,2021,64957,Gasoline,3.0L V6 24V GDI DOHC Twin Turbo,10-Speed Automatic,Black,Light Slate,None reported,Yes,39979,3.0,,1,6,24
Dodge,Challenger SRT8 392,2012,33700,–,–,6-Speed M/T,Black,Black,None reported,Yes,33500,,,0,,
Chevrolet,Equinox 2LT,2012,96653,Gasoline,264.0HP 3.0L V6 Cylinder Engine Gasoline Fuel,6-Speed A/T,Black,Brown,At least 1 accident or damage reported,Yes,7500,3.0,264.0,0,6,
Dodge,Challenger SXT,2022,29500,Gasoline,303.0HP 3.6L V6 Cylinder Engine Gasoline Fuel,8-Speed A/T,Gray,Black,None reported,Yes,31000,3.6,303.0,0,6,
Porsche,911 Carrera,2021,7400,Gasoline,379.0HP 3.0L Flat 6 Cylinder Engine Gasoline Fuel,8-Speed A/T,Red,Black,,Unknown,116999,3.0,379.0,0,,
Volvo,XC70 T6 Platinum,2012,69000,Gasoline,300.0HP 3.0L Straight 6 Cylinder Engine Gasoline Fuel,A/T,Silver,Black,At least 1 accident or damage reported,Yes,15900,3.0,300.0,0,,
Lexus,GX 470 Base,2005,198000,Gasoline,270.0HP 4.7L 8 Cylinder Engine Gasoline Fuel,5-Speed A/T,Gray,Gray,At least 1 accident or damage reported,Yes,15500,4.7,270.0,0,,
Porsche,911 Carrera GTS,2015,23600,Gasoline,430.0HP 3.8L Flat 6 Cylinder Engine Gasoline Fuel,7-Speed M/T,Red,Black,None reported,Yes,132900,3.8,430.0,0,,
Volvo,XC70 3.2,2008,170000,Gasoline,235.0HP 3.2L Straight 6 Cylinder Engine Gasoline Fuel,6-Speed A/T,White,Beige,None reported,Yes,7000,3.2,235.0,0,,
Nissan,350Z NISMO,2008,76500,Gasoline,306.0HP 3.5L V6 Cylinder Engine Gasoline Fuel,6-Speed M/T,Silver,Red,At least 1 accident or damage reported,Yes,28000,3.5,306.0,0,6,
Porsche,911 Turbo,2007,73500,Gasoline,480.0HP 3.6L Flat 6 Cylinder Engine Gasoline Fuel,5-Speed A/T,Black,Black,None reported,Yes,75499,3.6,480.0,0,,
Land,Rover Range Rover SWB,2020,29000,Hybrid,355.0HP 3.0L Straight 6 Cylinder Engine Gasoline/Mild Electric Hybrid,A/T,Black,Black,None reported,Yes,70000,3.0,355.0,0,,
Porsche,Cayenne E-Hybrid S Platinum Edition,2017,69404,Plug-In Hybrid,416.0HP 3.0L V6 Cylinder Engine Plug-In Electric/Gas,8-Speed A/T,Black,Beige,At least 1 accident or damage reported,Yes,29500,3.0,416.0,0,6,
Lexus,IS 350 Base,2007,103000,Gasoline,306.0HP 3.5L V6 Cylinder Engine Gasoline Fuel,6-Speed A/T,Red,Beige,At least 1 accident or damage reported,Yes,12900,3.5,306.0,0,6,
Porsche,Macan S,2015,70500,Gasoline,340.0HP 3.0L V6 Cylinder Engine Gasoline Fuel,Transmission w/Dual Shift Mode,Silver,Black,At least 1 accident or damage reported,Yes,26500,3.0,340.0,0,6,
Land,Rover Range Rover 5.0L Supercharged,2016,64000,Gasoline,510.0HP 5.0L 8 Cylinder Engine Gasoline Fuel,Transmission w/Dual Shift Mode,White,White,None reported,Yes,36995,5.0,510.0,0,,
GMC,Savana 2500 Work Van,2018,63460,E85 Flex Fuel,341.0HP 6.0L 8 Cylinder Engine Flex Fuel Capability,A/T,White,Beige,None reported,Yes,33000,6.0,341.0,0,,
Toyota,4Runner SR5,2018,32199,Gasoline,270.0HP 4.0L V6 Cylinder Engine Gasoline Fuel,A/T,Silver,Black,None reported,Yes,35500,4.0,270.0,0,6,
Hyundai,Palisade SEL,2020,69487,Gasoline,291.0HP 3.8L V6 Cylinder Engine Gasoline Fuel,A/T,White,Black,None reported,Yes,32000,3.8,291.0,0,6,
GMC,Sierra 2500 Denali,2015,86000,Diesel,397.0HP 6.6L 8 Cylinder Engine Diesel Fuel,A/T,Gray,Brown,None reported,Yes,49000,6.6,397.0,0,,
Genesis,GV70 3.5T Sport,2022,8730,Gasoline,3.5L V6 24V PDI DOHC Twin Turbo,8-Speed Automatic,Alta White,Red,None reported,Unknown,48219,3.5,,1,6,24
Dodge,Ram Van 1500,2002,70000,Gasoline,175.0HP 3.9L V6 Cylinder Engine Gasoline Fuel,A/T,Red,Beige,At least 1 accident or damage reported,Yes,8000,3.9,175.0,0,6,
Chevrolet,Impala 1LT,2017,70000,Gasoline,305.0HP 3.6L V6 Cylinder Engine Gasoline Fuel,6-Speed A/T,White,Gray,At least 1 accident or damage reported,Yes,17900,3.6,305.0,0,6,
Audi,A4 2.0T Premium Plus,2015,83420,E85 Flex Fuel,220.0HP 2.0L 4 Cylinder Engine Flex Fuel Capability,8-Speed A/T,Red,Gray,At least 1 accident or damage reported,Yes,16000,2.0,220.0,0,,
Nissan,Altima 2.5 S,2003,189000,Gasoline,175.0HP 2.5L 4 Cylinder Engine Gasoline Fuel,A/T,Silver,Beige,At least 1 accident or damage reported,Yes,2899,2.5,175.0,0,,
Porsche,911 Carrera 4S,2017,31500,Gasoline,420.0HP 3.0L Flat 6 Cylinder Engine Gasoline Fuel,7-Speed A/T,Blue,Red,None reported,Yes,97555,3.0,420.0,0,,
BMW,X1 xDrive 28i,2015,85766,Gasoline,240.0HP 2.0L 4 Cylinder Engine Gasoline Fuel,A/T,Gray,Black,None reported,Yes,13000,2.0,240.0,0,,
GMC,Yukon Denali,2018,92800,Gasoline,420.0HP 6.2L 8 Cylinder Engine Gasoline Fuel,10-Speed A/T,White,Black,None reported,Yes,34000,6.2,420.0,0,,
Land,Rover Defender SE,2021,13970,Hybrid,395.0HP 3.0L Straight 6 Cylinder Engine Gasoline/Mild Electric Hybrid,A/T,Gray,Black,None reported,Yes,75500,3.0,395.0,0,,
Porsche,911 Turbo S,2023,154,Gasoline,3.8L H6 24V GDI DOHC Twin Turbo,8-Speed Automatic with Auto-Shift,Python Green,Black,None reported,Unknown,274900,3.8,,1,,24
Toyota,Land Cruiser Base,2000,265000,Gasoline,230.0HP 4.7L 8 Cylinder Engine Gasoline Fuel,4-Speed A/T,Black,Beige,None reported,Yes,15500,4.7,230.0,0,,
Scion,xB Base,2011,95426,Gasoline,158.0HP 2.4L 4 Cylinder Engine Gasoline Fuel,A/T,Green,Gray,None reported,Yes,8000,2.4,158.0,0,,
Honda,S2000 Base,2001,119900,Gasoline,240.0HP 2.0L 4 Cylinder Engine Gasoline Fuel,6-Speed M/T,Black,Red,At least 1 accident or damage reported,Yes,18000,2.0,240.0,0,,
Mazda,CX-30 Select,2020,23162,Gasoline,2.5L I4 16V GDI DOHC,6-Speed Automatic,Soul Red Crystal Metallic,Black,None reported,Yes,25495,2.5,,0,,16
BMW,M4 Competition,2023,3950,Gasoline,503.0HP 3.0L Straight 6 Cylinder Engine Gasoline Fuel,A/T,White,Blue,None reported,Yes,83500,3.0,503.0,0,,
Porsche,911 Carrera 4S,2006,80000,Gasoline,355.0HP 3.8L Flat 6 Cylinder Engine Gasoline Fuel,6-Speed M/T,Black,Beige,None reported,Yes,43000,3.8,355.0,0,,
Ford,F-250 Lariat,2015,94634,E85 Flex Fuel,385.0HP 6.2L 8 Cylinder Engine Flex Fuel Capability,A/T,White,Black,At least 1 accident or damage reported,Yes,32500,6.2,385.0,0,,
Chevrolet,Corvette Base,2007,65000,Gasoline,400.0HP 6.0L 8 Cylinder Engine Gasoline Fuel,6-Speed A/T,Silver,Beige,At least 1 accident or damage reported,Yes,33885,6.0,400.0,0,,
Lexus,LS 460 L,2008,100000,Gasoline,380.0HP 4.6L 8 Cylinder Engine Gasoline Fuel,A/T,Black,Black,At least 1 accident or damage reported,Yes,11500,4.6,380.0,0,,
Toyota,Sienna XSE 25th Anniversary,2023,500,Hybrid,245.0HP 2.5L 4 Cylinder Engine Gas/Electric Hybrid,A/T,White,Black,None reported,Yes,59500,2.5,245.0,0,,
Mercedes-Benz,AMG G 63 Base,2021,7856,Gasoline,4.0L V8 32V GDI DOHC Twin Turbo,9-Speed Automatic,China Blue,Black,None reported,Yes,425000,4.0,,1,8,32
Audi,A4 2.0T Premium quattro,2011,181000,Gasoline,211.0HP 2.0L 4 Cylinder Engine Gasoline Fuel,A/T,White,Black,None reported,Yes,5500,2.0,211.0,0,,
Mercedes-Benz,GLC 300 Base 4MATIC,2018,48700,Gasoline,241.0HP 2.0L 4 Cylinder Engine Gasoline Fuel,9-Speed A/T,Blue,Brown,None reported,Yes,27900,2.0,241.0,0,,
Porsche,911 Turbo Cabriolet,2009,13500,Gasoline,480.0HP 3.6L Flat 6 Cylinder Engine Gasoline Fuel,6-Speed M/T,Gray,Black,None reported,Yes,130000,3.6,480.0,0,,
Toyota,86 860 Special Edition,2017,87500,Gasoline,200.0HP 2.0L 4 Cylinder Engine Gasoline Fuel,6-Speed A/T,Silver,Black,None reported,Yes,20000,2.0,200.0,0,,
Jaguar,XJ8 L,2000,45000,Gasoline,290.0HP 4.0L 8 Cylinder Engine Gasoline Fuel,A/T,Silver,Beige,None reported,Yes,12500,4.0,290.0,0,,
Chevrolet,Corvette Base,1996,85760,Gasoline,300.0HP 5.7L 8 Cylinder Engine Gasoline Fuel,4-Speed A/T,Silver,Black,None reported,Yes,14500,5.7,300.0,0,,
Tesla,Model 3 Long Range,2018,36187,,271.0HP Electric Motor Electric Fuel System,1-Speed A/T,White,Black,None reported,Yes,28895,,271.0,0,,
Hyundai,Tucson SEL,2022,13666,Gasoline,2.5L I4 16V PDI DOHC,8-Speed Automatic,Portofino Gray,Black,None reported,Unknown,27999,2.5,,0,,16
Porsche,911 Carrera S,2007,50500,Gasoline,355.0HP 3.8L Flat 6 Cylinder Engine Gasoline Fuel,6-Speed M/T,Silver,Black,None reported,Yes,56000,3.8,355.0,0,,
Lincoln,Nautilus Reserve,2021,19291,Gasoline,2.0L I4 16V GDI DOHC Turbo,8-Speed Automatic,Black,Ebony,None reported,Unknown,44340,2.0,,1,,16
Ford,Mustang Boss 302,2012,1295,Gasoline,444.0HP 5.0L 8 Cylinder Engine Gasoline Fuel,M/T,Silver,Black,None reported,Yes,49990,5.0,444.0,0,,
Cadillac,Escalade Premium Luxury,2017,55000,Gasoline,420.0HP 6.2L 8 Cylinder Engine Gasoline Fuel,8-Speed A/T,White,Beige,At least 1 accident or damage reported,Yes,49900,6.2,420.0,0,,
MINI,Cooper Base,2010,74000,Gasoline,118.0HP 1.6L 4 Cylinder Engine Gasoline Fuel,6-Speed M/T,Yellow,Black,None reported,Yes,9650,1.6,118.0,0,,
Dodge,Durango R/T,2022,14976,Gasoline,5.7L V8 16V MPFI OHV,8-Speed Automatic,White Knuckle Clearcoat,Black,None reported,Yes,49999,5.7,,0,8,16
BMW,X5 xDrive35i,2018,25348,Gasoline,3.0L I6 24V GDI DOHC Turbo,8-Speed Automatic,Imperial Blue Metallic,Black,At least 1 accident or damage reported,Unknown,33889,3.0,,1,,24
Chevrolet,Corvette Base,2010,23133,Gasoline,430.0HP 6.2L 8 Cylinder Engine Gasoline Fuel,6-Speed M/T,White,Black,None reported,Yes,35000,6.2,430.0,0,,
Jaguar,XE 20d Prestige,2018,34322,Diesel,2.0 Liter,Automatic,Blue,Beige,None reported,Unknown,29998,2.0,,0,,
Dodge,Challenger R/T,2021,39960,Gasoline,375.0HP 5.7L 8 Cylinder Engine Gasoline Fuel,8-Speed A/T,White,Gray,At least 1 accident or damage reported,Yes,28500,5.7,375.0,0,,
BMW,550 i xDrive,2016,76400,Gasoline,445.0HP 4.4L 8 Cylinder Engine Gasoline Fuel,8-Speed A/T,Black,Black,At least 1 accident or damage reported,Yes,31300,4.4,445.0,0,,
Ford,Explorer XLT,2022,18533,Gasoline,2.3L I4 16V GDI DOHC Turbo,10-Speed Automatic,White,Ebony,None reported,Yes,38978,2.3,,1,,16
GMC,Yukon XL Denali,2023,7500,Gasoline,420.0HP 6.2L 8 Cylinder Engine Gasoline Fuel,10-Speed A/T,Gray,Black,None reported,Yes,92888,6.2,420.0,0,,
INFINITI,QX80 SENSORY,2022,26520,Gasoline,400.0HP 5.6L 8 Cylinder Engine Gasoline Fuel,7-Speed A/T,Blue,Brown,At least 1 accident or damage reported,Yes,64000,5.6,400.0,0,,
Land,Rover Range Rover 3.0L Supercharged,2014,59500,E85 Flex Fuel,340.0HP 3.0L V6 Cylinder Engine Flex Fuel Capability,A/T,Red,Black,None reported,Yes,33800,3.0,340.0,0,6,
Honda,Pilot EX-L,2020,44000,Gasoline,280.0HP 3.5L V6 Cylinder Engine Gasoline Fuel,A/T,White,Black,None reported,Yes,34999,3.5,280.0,0,6,
Pontiac,Firebird Base,2001,111000,Gasoline,200.0HP 3.8L V6 Cylinder Engine Gasoline Fuel,A/T,White,Gray,None reported,Yes,11000,3.8,200.0,0,6,
Toyota,4Runner Limited,2016,82260,Gasoline,4.0L V6 24V MPFI DOHC,5-Speed Automatic,Nautical Blue Pearl,Black,None reported,Yes,31906,4.0,,0,6,24
Porsche,911 Carrera Cabriolet,2006,52744,Gasoline,325.0HP 3.6L Flat 6 Cylinder Engine Gasoline Fuel,Transmission w/Dual Shift Mode,Gray,Black,At least 1 accident or damage reported,Yes,37500,3.6,325.0,0,,
BMW,i8 Base,2019,28200,Plug-In Hybrid,369.0HP 1.5L 3 Cylinder Engine Plug-In Electric/Gas,Transmission w/Dual Shift Mode,Gray,Beige,At least 1 accident or damage reported,Yes,79950,1.5,369.0,0,,
Nissan,Maxima GLE,2000,194277,Gasoline,222.0HP 3.0L V6 Cylinder Engine Gasoline Fuel,A/T,Blue,Beige,At least 1 accident or damage reported,Yes,2300,3.0,222.0,0,6,
Pontiac,Firebird Trans Am,2001,91812,Gasoline,310.0HP 5.7L 8 Cylinder Engine Gasoline Fuel,A/T,Green,Black,None reported,Yes,12850,5.7,310.0,0,,
Chevrolet,Suburban Premier,2018,84224,Gasoline,5.3L V8 16V GDI OHV,6-Speed Automatic,Tungsten Metallic,Jet Black,None reported,Yes,43775,5.3,,0,8,16
BMW,X2 xDrive28i,2018,66690,Gasoline,228.0HP 2.0L 4 Cylinder Engine Gasoline Fuel,Transmission w/Dual Shift Mode,Gray,Black,At least 1 accident or damage reported,Yes,24900,2.0,228.0,0,,
Mercedes-Benz,AMG C 43 Base 4MATIC,2018,41500,Gasoline,362.0HP 3.0L V6 Cylinder Engine Gasoline Fuel,9-Speed A/T,White,Brown,At least 1 accident or damage reported,Yes,39848,3.0,362.0,0,6,
BMW,750 i xDrive,2014,85095,Gasoline,445.0HP 4.4L 8 Cylinder Engine Gasoline Fuel,8-Speed A/T,Black,Brown,At least 1 accident or damage reported,Yes,24900,4.4,445.0,0,,
Volvo,S60 T5 Premier Plus,2015,39000,Gasoline,250.0HP 2.5L 5 Cylinder Engine Gasoline Fuel,Transmission w/Dual Shift Mode,Silver,Gray,At least 1 accident or damage reported,Yes,17900,2.5,250.0,0,,
Tesla,Model Y Long Range,2022,20500,,425.0HP Electric Motor Electric Fuel System,1-Speed A/T,Gray,Black,None reported,Yes,46500,,425.0,0,,
Ford,F-350 Platinum,2019,112000,Diesel,450.0HP 6.7L 8 Cylinder Engine Diesel Fuel,6-Speed A/T,Black,Black,None reported,Yes,61995,6.7,450.0,0,,
Volkswagen,ID.4 Pro S,2023,1716,,Battery Electric,Automatic,Gray,Gray w/Blue Bolsters,None reported,Unknown,39998,,,0,,
Audi,A3 2.0T Premium,2016,90360,Gasoline,220.0HP 2.0L 4 Cylinder Engine Gasoline Fuel,A/T,Black,Black,At least 1 accident or damage reported,Yes,15499,2.0,220.0,0,,
Ford,Explorer Limited,2020,82146,Gasoline,2.3L I4 16V GDI DOHC Turbo,10-Speed Automatic,Gray,Ebony,None reported,Yes,30825,2.3,,1,,16
Ford,Mustang GT Premium,2020,16850,Gasoline,460.0HP 5.0L 8 Cylinder Engine Gasoline Fuel,10-Speed A/T,Blue,Black,At least 1 accident or damage reported,Yes,41000,5.0,460.0,0,,
Honda,S2000 Base,2003,101000,Gasoline,240.0HP 2.0L 4 Cylinder Engine Gasoline Fuel,6-Speed M/T,Silver,Black,None reported,Yes,28000,2.0,240.0,0,,
BMW,M235 i,2015,68750,Gasoline,320.0HP 3.0L Straight 6 Cylinder Engine Gasoline Fuel,6-Speed M/T,Red,Black,None reported,Yes,25999,3.0,320.0,0,,
Lamborghini,Aventador S Base,2018,5858,Gasoline,729.0HP 6.5L 12 Cylinder Engine Gasoline Fuel,7-Speed A/T,White,Gray,None reported,Yes,491836,6.5,729.0,0,,
Dodge,Durango SLT,2004,143000,Gasoline,335.0HP 5.7L 8 Cylinder Engine Gasoline Fuel,A/T,Beige,Beige,None reported,Yes,3200,5.7,335.0,0,,
Nissan,Armada LE,2005,152270,Gasoline,305.0HP 5.6L 8 Cylinder Engine Gasoline Fuel,A/T,Green,Beige,At least 1 accident or damage reported,Yes,6900,5.6,305.0,0,,
Kia,Sorento S,2021,19605,Gasoline,2.5L I4 16V PDI DOHC,8-Speed Automatic,Glacial White Pearl,Black,None reported,Unknown,33591,2.5,,0,,16
Chevrolet,Silverado 1500 RST,2020,19200,Gasoline,355.0HP 5.3L 8 Cylinder Engine Gasoline Fuel,10-Speed A/T,Gray,Black,None reported,Yes,69999,5.3,355.0,0,,
Chevrolet,Impala Base,2004,64500,Gasoline,180.0HP 3.4L V6 Cylinder Engine Gasoline Fuel,A/T,Beige,Beige,None reported,Yes,5900,3.4,180.0,0,6,
Toyota,Tacoma PreRunner,2011,149000,Gasoline,236.0HP 4.0L V6 Cylinder Engine Gasoline Fuel,A/T,Black,Beige,None reported,Yes,18995,4.0,236.0,0,6,
McLaren,570S Spider,2018,5918,Gasoline,3.8L V8 32V MPFI DOHC Twin Turbo,7-Speed Automatic with Auto-Shift,Silician Yellow,Jet Black,None reported,Unknown,179900,3.8,,1,8,32
Pontiac,Firebird Trans Am,1997,134033,Gasoline,285.0HP 5.7L 8 Cylinder Engine Gasoline Fuel,A/T,Red,Beige,At least 1 accident or damage reported,Yes,7200,5.7,285.0,0,,
Kia,Stinger GT1,2019,37226,Gasoline,"3.3L V-6 gasoline direct injection, DOHC, D-CVVT variable valve",Automatic,Snow White Pearl,Black,None reported,Unknown,34998,3.3,,0,,
Ford,Escape SE,2017,71924,Gasoline,179.0HP 1.5L 4 Cylinder Engine Gasoline Fuel,A/T,Beige,Beige,None reported,Yes,13700,1.5,179.0,0,,
Lamborghini,Huracan EVO Coupe,2021,5718,Gasoline,"5.2L V-10 gasoline direct injection, DOHC, variable valve contro",Automatic,Arancio Borealis,Nero Ade,None reported,Unknown,279991,5.2,,0,,
Jeep,Wrangler Unlimited Sport,2014,122200,Gasoline,285.0HP 3.6L V6 Cylinder Engine Gasoline Fuel,A/T,Orange,Black,At least 1 accident or damage reported,Yes,21500,3.6,285.0,0,6,
Land,Rover Range Rover Sport HST MHEV,2020,37248,Hybrid,395.0HP 3.0L Straight 6 Cylinder Engine Gasoline/Mild Electric Hybrid,8-Speed A/T,Silver,Black,None reported,Yes,54500,3.0,395.0,0,,
Chevrolet,Silverado 1500 Base,1999,88750,Gasoline,255.0HP 4.8L 8 Cylinder Engine Gasoline Fuel,A/T,White,Gray,None reported,Yes,6800,4.8,255.0,0,,
Cadillac,XLR V,2008,64800,Gasoline,443.0HP 4.4L 8 Cylinder Engine Gasoline Fuel,6-Speed A/T,Black,Black,,Unknown,24700,4.4,443.0,0,,
Ford,Fusion Hybrid Titanium,2014,112180,Hybrid,2.0L I4 16V MPFI DOHC Hybrid,Automatic CVT,White,Charcoal Black,None reported,Unknown,12599,2.0,,0,,16
RAM,2500 SLT,2015,149130,Diesel,350.0HP 6.7L Straight 6 Cylinder Engine Diesel Fuel,6-Speed A/T,White,Black,At least 1 accident or damage reported,Yes,35000,6.7,350.0,0,,
Tesla,Model Y Long Range,2020,88000,,425.0HP Electric Motor Electric Fuel System,1-Speed A/T,Gray,White,None reported,Yes,35500,,425.0,0,,
Toyota,Highlander XLE,2018,74000,Gasoline,295.0HP 3.5L V6 Cylinder Engine Gasoline Fuel,8-Speed A/T,White,Black,None reported,Yes,27950,3.5,295.0,0,6,
Ford,F-150 XLT,2019,44460,Gasoline,325.0HP 2.7L V6 Cylinder Engine Gasoline Fuel,10-Speed A/T,Red,Gray,None reported,Yes,34500,2.7,325.0,0,6,
GMC,Acadia SLE-2,2015,96000,Gasoline,281.0HP 3.6L V6 Cylinder Engine Gasoline Fuel,6-Speed A/T,Blue,Beige,None reported,Yes,17000,3.6,281.0,0,6,
Porsche,Boxster Base,2005,75000,Gasoline,240.0HP 2.7L Flat 6 Cylinder Engine Gasoline Fuel,5-Speed M/T,Silver,Black,,Unknown,17500,2.7,240.0,0,,
Dodge,Charger R/T,2014,95000,Gasoline,370.0HP 5.7L 8 Cylinder Engine Gasoline Fuel,Transmission w/Dual Shift Mode,Black,Black,None reported,Yes,17900,5.7,370.0,0,,
Land,Rover Range Rover Sport Supercharged HSE,2016,49799,Gasoline,340.0HP 3.0L V6 Cylinder Engine Gasoline Fuel,A/T,Brown,Brown,None reported,Yes,37500,3.0,340.0,0,6,
Ford,Mustang GT,2006,27407,Gasoline,300.0HP 4.6L 8 Cylinder Engine Gasoline Fuel,5-Speed M/T,Silver,Red,None reported,Yes,21750,4.6,300.0,0,,
Alfa,Romeo Giulia Ti,2020,23339,Gasoline,2.0L I4 16V GDI SOHC Turbo,8-Speed Automatic,Rosso,Black,,Unknown,34645,2.0,,1,,16
Tesla,Model S 90D,2016,74122,,417.0HP Electric Motor Electric Fuel System,A/T,Black,Black,None reported,Yes,35900,,417.0,0,,
Jaguar,XK8 Base,1997,50000,Gasoline,290.0HP 4.0L 8 Cylinder Engine Gasoline Fuel,A/T,White,Beige,None reported,Yes,6000,4.0,290.0,0,,
Mercedes-Benz,GLC 300 GLC 300,2021,14745,Gasoline,2.0 Liter Turbo,Automatic,Graphite Grey,–,None reported,Unknown,38998,2.0,,1,,
Chevrolet,Corvette Stingray w/3LT,2021,2700,Gasoline,490.0HP 6.2L 8 Cylinder Engine Gasoline Fuel,Transmission w/Dual Shift Mode,Blue,Blue,None reported,Yes,85950,6.2,490.0,0,,
Buick,Regal Turbo - Premium 1,2012,190000,Gasoline,220.0HP 2.0L 4 Cylinder Engine Gasoline Fuel,6-Speed A/T,Beige,Beige,At least 1 accident or damage reported,Yes,6000,2.0,220.0,0,,
Audi,A4 2.0T Premium,2014,90236,E85 Flex Fuel,220.0HP 2.0L 4 Cylinder Engine Flex Fuel Capability,Transmission w/Dual Shift Mode,Gray,Black,None reported,Yes,9999,2.0,220.0,0,,
Jeep,Gladiator Overland,2020,4000,Gasoline,285.0HP 3.6L V6 Cylinder Engine Gasoline Fuel,8-Speed A/T,Silver,Black,None reported,Yes,50000,3.6,285.0,0,6,
Land,Rover Range Rover Westminster SWB,2022,2220,Hybrid,395.0HP 3.0L Straight 6 Cylinder Engine Gasoline/Mild Electric Hybrid,8-Speed A/T,Blue,White,None reported,Yes,115999,3.0,395.0,0,,
GMC,Yukon XL Denali,2017,124000,Gasoline,420.0HP 6.2L 8 Cylinder Engine Gasoline Fuel,8-Speed A/T,Gray,Beige,At least 1 accident or damage reported,Yes,32000,6.2,420.0,0,,
Ford,Ranger Lariat,2019,45163,Gasoline,2.3L I4 16V GDI DOHC Turbo,10-Speed Automatic,Red,–,None reported,Yes,35690,2.3,,1,,16
Volkswagen,Passat 2.0T SE,2020,49400,Gasoline,174.0HP 2.0L 4 Cylinder Engine Gasoline Fuel,6-Speed A/T,Black,Brown,None reported,Yes,20900,2.0,174.0,0,,
Porsche,911 Carrera,2020,11256,Gasoline,379.0HP 3.0L Flat 6 Cylinder Engine Gasoline Fuel,8-Speed A/T,Red,Black,None reported,Yes,124900,3.0,379.0,0,,
Chevrolet,Corvette Stingray w/1LT,2021,13700,Gasoline,490.0HP 6.2L 8 Cylinder Engine Gasoline Fuel,A/T,White,Red,None reported,Yes,75000,6.2,490.0,0,,
Land,Rover Range Rover HSE,2011,174678,Gasoline,230.0HP 3.2L Straight 6 Cylinder Engine Gasoline Fuel,6-Speed A/T,Black,Black,None reported,Yes,9500,3.2,230.0,0,,
Lexus,RX 450h F Sport Handling,2022,1600,Hybrid,308.0HP 3.5L V6 Cylinder Engine Gas/Electric Hybrid,A/T,White,Black,None reported,Yes,59000,3.5,308.0,0,6,
Porsche,911 GT3 RS,2019,15509,Gasoline,4.0L H6 24V GDI DOHC,7-Speed Automatic with Auto-Shift,Lizard Green,Black,None reported,Unknown,229900,4.0,,0,,24
Ford,Expedition Platinum,2020,69849,Gasoline,3.5L V6 24V GDI DOHC Twin Turbo,10-Speed Automatic,Red,Ebony,None reported,Yes,48149,3.5,,1,6,24
Toyota,Tacoma PreRunner,2008,160000,Gasoline,236.0HP 4.0L V6 Cylinder Engine Gasoline Fuel,A/T,White,–,At least 1 accident or damage reported,Yes,17000,4.0,236.0,0,6,
Toyota,Mirai Base,2016,40000,not supported,151.0HP Electric Motor Hydrogen Fuel,A/T,Silver,Black,None reported,Yes,9500,,151.0,0,,
Ford,Explorer Sport Trac XLT,2007,228000,Gasoline,292.0HP 4.6L 8 Cylinder Engine Gasoline Fuel,A/T,Red,Beige,At least 1 accident or damage reported,Yes,3850,4.6,292.0,0,,
GMC,Sierra 1500 SLE1 Extended Cab,2008,187000,–,–,4-Speed A/T,Red,Gray,At least 1 accident or damage reported,Yes,6100,,,0,,
Mercedes-Benz,C-Class C 300 Luxury,2015,102000,Gasoline,241.0HP 2.0L 4 Cylinder Engine Gasoline Fuel,7-Speed A/T,Black,Black,None reported,Yes,17000,2.0,241.0,0,,
Cadillac,SRX Standard,2016,48000,Gasoline,308.0HP 3.6L V6 Cylinder Engine Gasoline Fuel,6-Speed A/T,White,Black,At least 1 accident or damage reported,Yes,24995,3.6,308.0,0,6,
Chrysler,Town & Country Touring-L,2012,163500,E85 Flex Fuel,283.0HP 3.6L V6 Cylinder Engine Flex Fuel Capability,6-Speed A/T,Gray,Beige,None reported,Yes,5949,3.6,283.0,0,6,
Porsche,911 Carrera,2023,1500,Gasoline,379.0HP 3.0L Flat 6 Cylinder Engine Gasoline Fuel,A/T,Silver,Black,None reported,Yes,149000,3.0,379.0,0,,
Porsche,718 Cayman GT4,2021,2100,Gasoline,414.0HP 4.0L Flat 6 Cylinder Engine Gasoline Fuel,6-Speed M/T,Yellow,Black,,Unknown,136900,4.0,414.0,0,,
Ford,F-350 Lariat,2018,66281,Diesel,450.0HP 6.7L 8 Cylinder Engine Diesel Fuel,Transmission w/Dual Shift Mode,Gray,Black,None reported,Yes,63500,6.7,450.0,0,,
Ford,Mustang Mach-E Select,2021,18000,,266.0HP Electric Motor Electric Fuel System,A/T,Blue,Black,None reported,Yes,39499,,266.0,0,,
Ford,F-150 XL,2014,27300,Gasoline,365.0HP 3.5L V6 Cylinder Engine Gasoline Fuel,6-Speed A/T,Gray,Gray,None reported,Yes,21500,3.5,365.0,0,6,
Mazda,CX-30 Base,2020,19319,Gasoline,2.5L I4 16V GDI DOHC,6-Speed Automatic,Snowflake White Pearl,Black,At least 1 accident or damage reported,Yes,24899,2.5,,0,,16
Mercedes-Benz,AMG G AMG G 63 4MATIC,2016,32936,Gasoline,563.0HP 5.5L 8 Cylinder Engine Gasoline Fuel,Transmission w/Dual Shift Mode,White,Beige,At least 1 accident or damage reported,Yes,90000,5.5,563.0,0,,
BMW,M4 Base,2017,30450,Gasoline,425.0HP 3.0L Straight 6 Cylinder Engine Gasoline Fuel,Transmission w/Dual Shift Mode,White,Black,None reported,Yes,52999,3.0,425.0,0,,
Jeep,Wrangler Sport,2017,38200,Gasoline,285.0HP 3.6L V6 Cylinder Engine Gasoline Fuel,A/T,Red,–,None reported,Yes,29500,3.6,285.0,0,6,
Jeep,Wrangler Sport,2020,26315,Gasoline,2.0L I4 16V GDI DOHC Turbo,8-Speed Automatic,Black Clearcoat,Black,None reported,Yes,31871,2.0,,1,,16
Chevrolet,Silverado 1500 LS,2003,110000,Gasoline,270.0HP 4.8L 8 Cylinder Engine Gasoline Fuel,A/T,Green,Beige,None reported,Yes,8900,4.8,270.0,0,,
MINI,Hardtop Cooper,2014,19700,Gasoline,189.0HP 2.0L 4 Cylinder Engine Gasoline Fuel,6-Speed A/T,Silver,Black,None reported,Yes,13500,2.0,189.0,0,,
Honda,Element EX,2008,192000,Gasoline,166.0HP 2.4L 4 Cylinder Engine Gasoline Fuel,5-Speed A/T,Black,Gray,At least 1 accident or damage reported,Yes,11000,2.4,166.0,0,,
Porsche,911 Carrera 4S,2017,26000,Gasoline,420.0HP 3.0L Flat 6 Cylinder Engine Gasoline Fuel,Transmission w/Dual Shift Mode,Gray,Red,None reported,Yes,116911,3.0,420.0,0,,
Subaru,Impreza Outback Sport Wagon,2008,98313,Gasoline,170.0HP 2.5L 4 Cylinder Engine Gasoline Fuel,4-Speed A/T,Silver,Gray,None reported,Yes,7495,2.5,170.0,0,,
Cadillac,XT5 Premium Luxury,2021,66500,Gasoline,310.0HP 3.6L V6 Cylinder Engine Gasoline Fuel,A/T,Silver,Black,None reported,Yes,28500,3.6,310.0,0,6,
Nissan,Kicks S,2022,19877,Gasoline,1.6L I4 16V MPFI DOHC,Automatic CVT,Super Black,Charcoal,None reported,Unknown,18999,1.6,,0,,16
Kia,Seltos S,2021,16100,Gasoline,146.0HP 2.0L 4 Cylinder Engine Gasoline Fuel,A/T,Blue,Black,None reported,Yes,25500,2.0,146.0,0,,
GMC,Yukon SLE,2016,83858,Gasoline,355.0HP 5.3L 8 Cylinder Engine Gasoline Fuel,6-Speed A/T,Blue,Gray,At least 1 accident or damage reported,Yes,27633,5.3,355.0,0,,
Mercedes-Benz,GLE 350 Base 4MATIC,2020,24108,Gasoline,255.0HP 2.0L 4 Cylinder Engine Gasoline Fuel,9-Speed A/T,Black,Black,None reported,Yes,56000,2.0,255.0,0,,
Ford,Explorer XLT,2020,42609,Gasoline,2.3L I4 16V GDI DOHC Turbo,10-Speed Automatic,Magnetic Metallic,Ebony,At least 1 accident or damage reported,Yes,32107,2.3,,1,,16
Subaru,Impreza 2.0i Premium,2017,160000,Gasoline,152.0HP 2.0L 4 Cylinder Engine Gasoline Fuel,A/T,White,Beige,At least 1 accident or damage reported,Yes,7750,2.0,152.0,0,,
INFINITI,QX80 Base,2017,121525,Gasoline,400.0HP 5.6L 8 Cylinder Engine Gasoline Fuel,A/T,Black,Black,At least 1 accident or damage reported,Yes,28500,5.6,400.0,0,,
Kia,Telluride S,2023,6423,Gasoline,291.0HP 3.8L V6 Cylinder Engine Gasoline Fuel,A/T,Gray,Black,None reported,Yes,42500,3.8,291.0,0,6,
Pontiac,Solstice Base,2007,62310,Gasoline,177.0HP 2.4L 4 Cylinder Engine Gasoline Fuel,5-Speed A/T,Gray,Black,None reported,Yes,12900,2.4,177.0,0,,
Mazda,Mazda6 Carbon Edition,2021,21444,Gasoline,2.5L I4 16V,6-Speed Automatic,Polymetal Gray Metallic,Red,None reported,Yes,29995,2.5,,0,,16
Ford,Transit-350 Base,2015,112000,Gasoline,310.0HP 3.5L V6 Cylinder Engine Gasoline Fuel,A/T,White,Gray,At least 1 accident or damage reported,Yes,29500,3.5,310.0,0,6,
Hyundai,Genesis Coupe 3.8 Grand Touring,2013,60000,Gasoline,344.0HP 3.8L V6 Cylinder Engine Gasoline Fuel,A/T,White,–,None reported,Yes,16500,3.8,344.0,0,6,
Dodge,Dart SE,2013,153250,Gasoline,160.0HP 1.4L 4 Cylinder Engine Gasoline Fuel,6-Speed A/T,Silver,Black,None reported,Yes,4399,1.4,160.0,0,,
Jeep,Wrangler Unlimited Sahara,2019,57000,Gasoline,285.0HP 3.6L V6 Cylinder Engine Gasoline Fuel,8-Speed A/T,Gray,Black,None reported,Yes,39900,3.6,285.0,0,6,
Chevrolet,Tahoe LTZ,2011,140401,E85 Flex Fuel,320.0HP 5.3L 8 Cylinder Engine Flex Fuel Capability,6-Speed A/T,Red,Beige,At least 1 accident or damage reported,Yes,16000,5.3,320.0,0,,
Ford,F-150 Tremor,2023,5500,Gasoline,400.0HP 3.5L V6 Cylinder Engine Gasoline Fuel,10-Speed A/T,Gray,Black,None reported,Yes,70000,3.5,400.0,0,6,
Chevrolet,Corvette Stingray w/2LT,2022,2010,Gasoline,490.0HP 6.2L 8 Cylinder Engine Gasoline Fuel,Transmission w/Dual Shift Mode,Gray,Brown,None reported,Yes,89000,6.2,490.0,0,,
Tesla,Model 3 Long Range,2018,24360,,271.0HP Electric Motor Electric Fuel System,A/T,Black,White,None reported,Yes,31500,,271.0,0,,
Audi,A4 2.0T Premium,2013,96800,Gasoline,211.0HP 2.0L 4 Cylinder Engine Gasoline Fuel,A/T,Gray,Black,At least 1 accident or damage reported,Yes,11000,2.0,211.0,0,,
Cadillac,CTS Performance,2014,34988,Gasoline,318.0HP 3.6L V6 Cylinder Engine Gasoline Fuel,6-Speed A/T,Red,Black,None reported,Yes,21500,3.6,318.0,0,6,
Nissan,Frontier SV,2012,65750,Gasoline,261.0HP 4.0L V6 Cylinder Engine Gasoline Fuel,A/T,Black,Gray,At least 1 accident or damage reported,Yes,15995,4.0,261.0,0,6,
Chevrolet,Silverado 1500 LTZ,2019,56654,Gasoline,6.2L V8 16V GDI OHV,Automatic,Cajun Red Tintcoat,Jet Black,None reported,Yes,43860,6.2,,0,8,16
Lincoln,MKT Base,2016,140200,Gasoline,303.0HP 3.7L V6 Cylinder Engine Gasoline Fuel,6-Speed A/T,Black,Black,None reported,Yes,10500,3.7,303.0,0,6,
Chevrolet,Cruze LT Automatic,2016,122971,Gasoline,1.4L I4 16V GDI DOHC Turbo,6-Speed Automatic,Kinetic Blue,Jet Black,At least 1 accident or damage reported,Yes,12999,1.4,,1,,16
Nissan,Xterra S,2008,227010,Gasoline,261.0HP 4.0L V6 Cylinder Engine Gasoline Fuel,5-Speed A/T,Gray,Gray,None reported,Yes,3850,4.0,261.0,0,6,
Ford,F-150 Lariat SuperCrew,2004,271000,Gasoline,300.0HP 5.4L 8 Cylinder Engine Gasoline Fuel,A/T,Red,Beige,At least 1 accident or damage reported,Yes,9500,5.4,300.0,0,,
Porsche,911 Turbo,2022,13800,Gasoline,572.0HP 3.8L Flat 6 Cylinder Engine Gasoline Fuel,8-Speed A/T,Gray,Red,None reported,Yes,234000,3.8,572.0,0,,
Dodge,Ram 2500 Quad Cab,2001,171079,Diesel,245.0HP 5.9L Straight 6 Cylinder Engine Diesel Fuel,A/T,Silver,Gray,None reported,Yes,27500,5.9,245.0,0,,
Chevrolet,Colorado ZR2,2021,24915,Gasoline,3.6L V6 24V GDI DOHC,Automatic,Satin Steel Metallic,Jet Black,None reported,Unknown,44791,3.6,,0,6,24
Nissan,Kicks S,2022,15577,Gasoline,1.6L I4 16V MPFI DOHC,Automatic CVT,Electric Blue Metallic,Charcoal,None reported,Unknown,19599,1.6,,0,,16
Audi,S4 3.0T Premium Plus,2014,102370,Gasoline,333.0HP 3.0L V6 Cylinder Engine Gasoline Fuel,7-Speed A/T,Gray,Black,None reported,Yes,21373,3.0,333.0,0,6,
Lamborghini,Gallardo LP570-4 Superleggera,2011,16000,Gasoline,562.0HP 5.2L 10 Cylinder Engine Gasoline Fuel,Transmission w/Dual Shift Mode,Yellow,Black,None reported,Yes,229000,5.2,562.0,0,,
Mercedes-Benz,C-Class C 250 Luxury,2012,122000,Gasoline,201.0HP 1.8L 4 Cylinder Engine Gasoline Fuel,7-Speed A/T,White,White,None reported,Yes,15000,1.8,201.0,0,,
FIAT,500X Trekking Plus,2016,48500,Gasoline,180.0HP 2.4L 4 Cylinder Engine Gasoline Fuel,A/T,Yellow,Brown,None reported,Yes,15999,2.4,180.0,0,,
Ford,F-150 XLT,2018,53500,Gasoline,325.0HP 2.7L V6 Cylinder Engine Gasoline Fuel,10-Speed A/T,Brown,Beige,At least 1 accident or damage reported,Yes,31500,2.7,325.0,0,6,
Ford,F-250 XL Crew Cab Super Duty,2004,315000,Diesel,325.0HP 6.0L 8 Cylinder Engine Diesel Fuel,A/T,White,Gray,None reported,Yes,9200,6.0,325.0,0,,
Ford,E350 Super Duty Base,2006,158000,Gasoline,305.0HP 6.8L 10 Cylinder Engine Gasoline Fuel,A/T,White,Gray,At least 1 accident or damage reported,Yes,8500,6.8,305.0,0,,
Kia,Sorento SXL,2019,43850,Gasoline,290.0HP 3.3L V6 Cylinder Engine Gasoline Fuel,8-Speed A/T,Black,Black,At least 1 accident or damage reported,Yes,30000,3.3,290.0,0,6,
Mercedes-Benz,C-Class C 300 4MATIC Sport,2015,73500,Gasoline,241.0HP 2.0L 4 Cylinder Engine Gasoline Fuel,7-Speed A/T,White,Black,None reported,Yes,19000,2.0,241.0,0,,
Nissan,Altima 2.5 SL,2014,153350,Gasoline,182.0HP 2.5L 4 Cylinder Engine Gasoline Fuel,A/T,Black,Black,At least 1 accident or damage reported,Yes,9000,2.5,182.0,0,,
Volkswagen,Tiguan 2.0T SEL Premium R-Line,2019,74000,Gasoline,184.0HP 2.0L 4 Cylinder Engine Gasoline Fuel,A/T,White,Silver,None reported,Yes,25500,2.0,184.0,0,,
BMW,328 i xDrive,2013,52000,Gasoline,240.0HP 2.0L 4 Cylinder Engine Gasoline Fuel,Transmission w/Dual Shift Mode,White,Beige,None reported,Yes,17500,2.0,240.0,0,,
Audi,Q4 e-tron 50 Premium Plus,2022,250,,295.0HP Electric Motor Electric Fuel System,1-Speed A/T,Gray,Black,None reported,Yes,52000,,295.0,0,,
Nissan,Pathfinder S,2017,145000,Gasoline,284.0HP 3.5L V6 Cylinder Engine Gasoline Fuel,A/T,Silver,Gray,At least 1 accident or damage reported,Yes,8500,3.5,284.0,0,6,
Subaru,Ascent Touring 7-Passenger,2020,40971,Gasoline,260.0HP 2.4L 4 Cylinder Engine Gasoline Fuel,Transmission w/Dual Shift Mode,Blue,Brown,None reported,Yes,32500,2.4,260.0,0,,
Ford,E350 Super Duty XLT,2010,248000,E85 Flex Fuel,255.0HP 5.4L 8 Cylinder Engine Flex Fuel Capability,A/T,Silver,Beige,At least 1 accident or damage reported,Yes,14000,5.4,255.0,0,,
GMC,HUMMER EV Edition 1,2023,940,,Electric Motor Electric Fuel System,A/T,White,Black,,Unknown,146000,,,0,,
BMW,M3 CS,2018,38000,Gasoline,453.0HP 3.0L Straight 6 Cylinder Engine Gasoline Fuel,A/T,White,Black,None reported,Yes,60500,3.0,453.0,0,,
Acura,TLX V6 Advance,2016,128000,Gasoline,290.0HP 3.5L V6 Cylinder Engine Gasoline Fuel,A/T,Gray,Black,None reported,Yes,19500,3.5,290.0,0,6,
Chevrolet,Silverado 1500 ZR2,2022,7455,Gasoline,6.2L V8 16V GDI OHV,Automatic,Glacier Blue Metallic,Jet Black,None reported,Unknown,68990,6.2,,0,8,16
Jeep,Wrangler SE,1999,137790,Gasoline,120.0HP 2.5L 4 Cylinder Engine Gasoline Fuel,5-Speed M/T,Red,–,None reported,Yes,12000,2.5,120.0,0,,
Ford,Edge Sport,2016,92000,Gasoline,315.0HP 2.7L V6 Cylinder Engine Gasoline Fuel,6-Speed A/T,White,Black,None reported,Yes,19995,2.7,315.0,0,6,
Porsche,911 Carrera Cabriolet,2001,21450,Gasoline,300.0HP 3.4L Flat 6 Cylinder Engine Gasoline Fuel,6-Speed M/T,Black,Black,None reported,Yes,36000,3.4,300.0,0,,
Nissan,Murano SL,2021,43875,Gasoline,3.5L V6 24V MPFI DOHC,Automatic CVT,Magnetic Black,Graphite,At least 1 accident or damage reported,Unknown,29725,3.5,,0,6,24
Pontiac,G8 GT,2009,81327,Gasoline,355.0HP 6.0L 8 Cylinder Engine Gasoline Fuel,Transmission w/Dual Shift Mode,Black,Black,None reported,Yes,17500,6.0,355.0,0,,
Mercedes-Benz,E-Class E 350,2021,72836,Gasoline,255.0HP 2.0L 4 Cylinder Engine Gasoline Fuel,9-Speed A/T,White,Beige,None reported,Yes,41000,2.0,255.0,0,,
McLaren,720S Performance,2020,5072,Gasoline,4.0L V8 32V MPFI DOHC Twin Turbo,7-Speed Automatic with Auto-Shift,Black,Red,None reported,Yes,279950,4.0,,1,8,32
Jeep,Commander Sport,2007,161900,E85 Flex Fuel,235.0HP 4.7L 8 Cylinder Engine Flex Fuel Capability,A/T,Blue,Gray,At least 1 accident or damage reported,Yes,4800,4.7,235.0,0,,
Audi,A5 45 S line Premium Plus,2022,24500,Hybrid,261.0HP 2.0L 4 Cylinder Engine Gasoline/Mild Electric Hybrid,Transmission w/Dual Shift Mode,White,Black,None reported,Yes,47000,2.0,261.0,0,,
BMW,M550 i xDrive,2018,14993,Gasoline,456.0HP 4.4L 8 Cylinder Engine Gasoline Fuel,8-Speed A/T,Gray,Black,None reported,Yes,44900,4.4,456.0,0,,
Volkswagen,Jetta 1.4T R-Line,2019,96000,Gasoline,147.0HP 1.4L 4 Cylinder Engine Gasoline Fuel,A/T,Orange,White,At least 1 accident or damage reported,Yes,14980,1.4,147.0,0,,
Porsche,Taycan 4S,2022,7900,,482.0HP Electric Motor Electric Fuel System,2-Speed A/T,Red,–,None reported,Yes,108000,,482.0,0,,
Cadillac,CTS 2.0L Turbo Luxury,2019,35566,Gasoline,265.0HP 2.0L 4 Cylinder Engine Gasoline Fuel,8-Speed A/T,White,Beige,At least 1 accident or damage reported,Yes,26000,2.0,265.0,0,,
Lexus,IS-F Base,2008,113000,Gasoline,416.0HP 5.0L 8 Cylinder Engine Gasoline Fuel,8-Speed A/T,Black,Black,At least 1 accident or damage reported,Yes,34000,5.0,416.0,0,,
Ford,Explorer XLT,2022,20678,Gasoline,300.0HP 2.3L 4 Cylinder Engine Gasoline Fuel,A/T,Red,Black,None reported,Yes,46000,2.3,300.0,0,,
Porsche,911 Turbo Cabriolet,2008,10900,Gasoline,480.0HP 3.6L Flat 6 Cylinder Engine Gasoline Fuel,6-Speed M/T,Black,Black,None reported,Yes,129000,3.6,480.0,0,,
Buick,LaCrosse Leather,2012,19079,Hybrid,182.0HP 2.4L 4 Cylinder Engine Gasoline/Mild Electric Hybrid,6-Speed A/T,Gold,Beige,None reported,Yes,15995,2.4,182.0,0,,
Mazda,RX-8 Sport,2008,155500,Gasoline,212.0HP 1.3L Rotary engine Gasoline Fuel,A/T,Blue,Black,At least 1 accident or damage reported,Yes,6800,1.3,212.0,0,,
Ford,Mustang GT Premium,2019,35500,Gasoline,460.0HP 5.0L 8 Cylinder Engine Gasoline Fuel,10-Speed A/T,White,Black,None reported,Yes,32300,5.0,460.0,0,,
Mazda,Mazda6 Touring,2021,52253,Gasoline,2.5L I4 16V GDI DOHC,6-Speed Automatic,Snowflake White Pearl,Black,At least 1 accident or damage reported,Yes,25215,2.5,,0,,16
Ford,Ranger Edge SuperCab,2004,110000,Gasoline,148.0HP 3.0L V6 Cylinder Engine Gasoline Fuel,A/T,White,Gray,At least 1 accident or damage reported,Yes,8500,3.0,148.0,0,6,
Volkswagen,Golf GTI 2.0T SE w/Performance Package 4-Door,2016,59250,Gasoline,220.0HP 2.0L 4 Cylinder Engine Gasoline Fuel,Transmission w/Dual Shift Mode,Gray,Black,None reported,Yes,18999,2.0,220.0,0,,
Ford,Thunderbird Deluxe,2004,39000,Gasoline,280.0HP 3.9L 8 Cylinder Engine Gasoline Fuel,A/T,Black,Beige,,Unknown,22000,3.9,280.0,0,,
Hummer,H2 Base,2008,155000,Gasoline,393.0HP 6.2L 8 Cylinder Engine Gasoline Fuel,6-Speed A/T,Green,Black,At least 1 accident or damage reported,Yes,37000,6.2,393.0,0,,
BMW,X5 sDrive35i,2017,39250,Gasoline,300.0HP 3.0L Straight 6 Cylinder Engine Gasoline Fuel,A/T,Black,Beige,None reported,Yes,28900,3.0,300.0,0,,
BMW,X3 xDrive30i,2020,23647,Gasoline,2.0L I4 16V GDI DOHC Turbo,8-Speed Automatic,Black Sapphire Metallic,Canberra Beige,None reported,Yes,37998,2.0,,1,,16
Hyundai,Accent GLS,2014,127941,Gasoline,138.0HP 1.6L 4 Cylinder Engine Gasoline Fuel,A/T,Silver,Gray,None reported,Yes,7500,1.6,138.0,0,,
RAM,1500 Big Horn,2014,124000,Gasoline,395.0HP 5.7L 8 Cylinder Engine Gasoline Fuel,8-Speed A/T,Black,Black,None reported,Yes,24850,5.7,395.0,0,,
Ford,Bronco Heritage Edition Advanced,2023,1500,Gasoline,275.0HP 2.3L 4 Cylinder Engine Gasoline Fuel,7-Speed M/T,Red,–,None reported,Yes,60000,2.3,275.0,0,,
MINI,Countryman Cooper S ALL4,2014,70700,Gasoline,181.0HP 1.6L 4 Cylinder Engine Gasoline Fuel,6-Speed A/T,White,Black,None reported,Yes,15750,1.6,181.0,0,,
Cadillac,Escalade Premium,2013,113395,E85 Flex Fuel,403.0HP 6.2L 8 Cylinder Engine Flex Fuel Capability,6-Speed A/T,Beige,Beige,At least 1 accident or damage reported,Yes,18800,6.2,403.0,0,,
Mercedes-Benz,GLE 350 GLE 350,2022,18815,Gasoline,2.0 Liter Turbo,Automatic,Black,Black,None reported,Unknown,61998,2.0,,1,,
Toyota,4Runner Limited,2014,65000,Gasoline,270.0HP 4.0L V6 Cylinder Engine Gasoline Fuel,A/T,Gray,Red,None reported,Yes,27999,4.0,270.0,0,6,
Audi,A8 L 55,2019,23350,Hybrid,335.0HP 3.0L V6 Cylinder Engine Gasoline/Mild Electric Hybrid,Transmission w/Dual Shift Mode,Black,Brown,None reported,Yes,48000,3.0,335.0,0,6,
Lexus,ES 350 Base,2019,39000,Gasoline,302.0HP 3.5L V6 Cylinder Engine Gasoline Fuel,Transmission w/Dual Shift Mode,Black,Red,At least 1 accident or damage reported,Yes,34000,3.5,302.0,0,6,
Toyota,4Runner Limited Nightshade,2019,48842,Gasoline,4.0L V6 24V MPFI DOHC,5-Speed Automatic,White,–,At least 1 accident or damage reported,Yes,39857,4.0,,0,6,24
FIAT,500 Sport,2015,47800,Gasoline,101.0HP 1.4L 4 Cylinder Engine Gasoline Fuel,A/T,Black,Black,At least 1 accident or damage reported,Yes,11500,1.4,101.0,0,,
Ford,Maverick XLT,2022,52000,Hybrid,191.0HP 2.5L 4 Cylinder Engine Gas/Electric Hybrid,CVT Transmission,Blue,Gray,None reported,Yes,28000,2.5,191.0,0,,
Ford,Mustang GT,2006,16000,Gasoline,300.0HP 4.6L 8 Cylinder Engine Gasoline Fuel,5-Speed A/T,Silver,Black,None reported,Yes,22000,4.6,300.0,0,,
Jeep,Wrangler Sport,2023,7102,Gasoline,2.0L I4 16V GDI DOHC Turbo,8-Speed Automatic,Bright White Clearcoat,Black,None reported,Yes,40995,2.0,,1,,16
Jeep,Grand Cherokee Limited,2015,157000,E85 Flex Fuel,290.0HP 3.6L V6 Cylinder Engine Flex Fuel Capability,A/T,White,Black,None reported,Yes,17000,3.6,290.0,0,6,
Ford,Mustang Mach-E GT,2023,9095,,480.0HP Electric Motor Electric Fuel System,A/T,Orange,Gray,None reported,Yes,59000,,480.0,0,,
Jeep,Compass Sport,2010,179700,Gasoline,172.0HP 2.4L 4 Cylinder Engine Gasoline Fuel,A/T,Black,Gray,At least 1 accident or damage reported,Yes,4500,2.4,172.0,0,,
Lexus,LS 430 Base,2006,170000,Gasoline,278.0HP 4.3L 8 Cylinder Engine Gasoline Fuel,A/T,Silver,Gray,None reported,Yes,7500,4.3,278.0,0,,
Rolls-Royce,Cullinan,2022,3420,Gasoline,6.7L V12 48V GDI DOHC Twin Turbo,8-Speed Automatic,Red,Black,None reported,Yes,399950,6.7,,1,12,48
Ford,F-250 King Ranch,2021,93400,Diesel,475.0HP 6.7L 8 Cylinder Engine Diesel Fuel,10-Speed A/T,Red,Brown,,Unknown,69995,6.7,475.0,0,,
BMW,X5 xDrive50i,2011,110000,Gasoline,400.0HP 4.4L 8 Cylinder Engine Gasoline Fuel,Transmission w/Dual Shift Mode,White,Blue,At least 1 accident or damage reported,Yes,12000,4.4,400.0,0,,
Porsche,911 Carrera,2016,22500,Gasoline,350.0HP 3.4L Flat 6 Cylinder Engine Gasoline Fuel,A/T,Gray,Beige,None reported,Yes,78000,3.4,350.0,0,,
Ford,Focus ST Base,2013,20800,Gasoline,252.0HP 2.0L 4 Cylinder Engine Gasoline Fuel,6-Speed M/T,Yellow,Gray,None reported,Yes,19795,2.0,252.0,0,,
Lexus,ES 300h Base,2018,100868,Hybrid,200.0HP 2.5L 4 Cylinder Engine Gas/Electric Hybrid,CVT Transmission,White,Beige,At least 1 accident or damage reported,Yes,23400,2.5,200.0,0,,
Volkswagen,CC Sport,2012,131986,Gasoline,200.0HP 2.0L 4 Cylinder Engine Gasoline Fuel,M/T,White,Black,At least 1 accident or damage reported,Yes,9000,2.0,200.0,0,,
Volkswagen,Golf SportWagen TSI S 4-Door,2016,127770,Gasoline,170.0HP 1.8L 4 Cylinder Engine Gasoline Fuel,5-Speed M/T,White,Beige,None reported,Yes,13800,1.8,170.0,0,,
Porsche,911 Carrera S,2013,56985,Gasoline,400.0HP 3.8L Flat 6 Cylinder Engine Gasoline Fuel,7-Speed A/T,Blue,Gray,None reported,Yes,65900,3.8,400.0,0,,
Toyota,Prius Plug-in Base,2014,106000,Plug-In Hybrid,134.0HP 1.8L 4 Cylinder Engine Plug-In Electric/Gas,A/T,Green,Beige,At least 1 accident or damage reported,Yes,11800,1.8,134.0,0,,
Ford,F-250 XLT,2019,92671,Diesel,450.0HP 6.7L 8 Cylinder Engine Diesel Fuel,A/T,Black,Black,At least 1 accident or damage reported,Yes,50000,6.7,450.0,0,,
Mercedes-Benz,S-Class S 560 4MATIC,2019,49500,Gasoline,463.0HP 4.0L 8 Cylinder Engine Gasoline Fuel,A/T,Black,Beige,None reported,Yes,55900,4.0,463.0,0,,
Porsche,911 Carrera,2020,16741,Gasoline,379.0HP 3.0L Flat 6 Cylinder Engine Gasoline Fuel,A/T,Green,Black,None reported,Yes,112500,3.0,379.0,0,,
Ford,Mustang GT,2011,133504,Gasoline,412.0HP 5.0L 8 Cylinder Engine Gasoline Fuel,6-Speed M/T,Black,Black,None reported,Yes,23500,5.0,412.0,0,,
Cadillac,CTS 2.0L Turbo Luxury,2019,20296,Gasoline,2.0L I4 16V GDI DOHC Turbo,8-Speed Automatic,Red Obsession,Very Light Cashmere,None reported,Unknown,30599,2.0,,1,,16
Volkswagen,Jetta 1.4T R-Line,2019,55234,Gasoline,1.4L I4 16V GDI DOHC Turbo,8-Speed Automatic,Platinum Gray Metallic,Black / Gray,None reported,Unknown,19290,1.4,,1,,16
Jeep,Wrangler X,2005,162482,Gasoline,190.0HP 4.0L Straight 6 Cylinder Engine Gasoline Fuel,6-Speed M/T,Orange,Gray,None reported,Yes,11000,4.0,190.0,0,,
Lincoln,LS V8,2002,42000,Gasoline,252.0HP 3.9L 8 Cylinder Engine Gasoline Fuel,A/T,Silver,Black,At least 1 accident or damage reported,Yes,11000,3.9,252.0,0,,
Ford,F-150 Lightning LARIAT,2022,470,,563.0HP Electric Motor Electric Fuel System,1-Speed A/T,White,Gray,None reported,Yes,71900,,563.0,0,,
Mercedes-Benz,C-Class C55 AMG Sport,2006,98300,Gasoline,362.0HP 5.4L 8 Cylinder Engine Gasoline Fuel,Transmission w/Dual Shift Mode,Black,Black,At least 1 accident or damage reported,Yes,15900,5.4,362.0,0,,
Audi,S6 4.0T Prestige,2013,53900,Gasoline,420.0HP 4.0L 8 Cylinder Engine Gasoline Fuel,7-Speed A/T,Black,Black,,Unknown,27450,4.0,420.0,0,,
BMW,335 i xDrive,2013,82849,Gasoline,300.0HP 3.0L Straight 6 Cylinder Engine Gasoline Fuel,8-Speed A/T,Red,Black,None reported,Yes,19999,3.0,300.0,0,,
Porsche,911 Carrera 4S Cabriolet,2009,25500,Gasoline,385.0HP 3.8L Flat 6 Cylinder Engine Gasoline Fuel,6-Speed M/T,Black,Black,None reported,Yes,79995,3.8,385.0,0,,
Kia,Forte LXS,2020,53452,Gasoline,147.0HP 2.0L 4 Cylinder Engine Gasoline Fuel,A/T,Silver,Black,At least 1 accident or damage reported,Yes,16995,2.0,147.0,0,,
Chevrolet,Corvette Base,2004,40011,Gasoline,350.0HP 5.7L 8 Cylinder Engine Gasoline Fuel,4-Speed A/T,Red,Black,None reported,Yes,23500,5.7,350.0,0,,
Hyundai,Santa Fe Sport 2.0L Turbo,2018,45800,Gasoline,240.0HP 2.0L 4 Cylinder Engine Gasoline Fuel,A/T,Silver,Black,At least 1 accident or damage reported,Yes,20900,2.0,240.0,0,,
RAM,1500 Laramie,2022,15741,Gasoline,5.7L V8 16V MPFI OHV,8-Speed Automatic,Flame Red Clearcoat,Black,None reported,Unknown,45999,5.7,,0,8,16
Kia,Sorento SX Prestige,2023,11100,Gasoline,281.0HP 2.5L 4 Cylinder Engine Gasoline Fuel,Transmission w/Dual Shift Mode,White,Black,None reported,Yes,40200,2.5,281.0,0,,
Ford,F-250 XL,2020,36000,E85 Flex Fuel,385.0HP 6.2L 8 Cylinder Engine Flex Fuel Capability,A/T,White,Gray,None reported,Yes,44000,6.2,385.0,0,,
BMW,X5 xDrive35i,2013,69750,Gasoline,300.0HP 3.0L Straight 6 Cylinder Engine Gasoline Fuel,8-Speed A/T,White,Brown,At least 1 accident or damage reported,Yes,15999,3.0,300.0,0,,
Mercedes-Benz,C-Class C 300 4MATIC,2021,19162,Gasoline,255.0HP 2.0L 4 Cylinder Engine Gasoline Fuel,Transmission w/Dual Shift Mode,Black,Black,None reported,Yes,38500,2.0,255.0,0,,
Audi,Q5 S line Premium Plus,2023,6046,Hybrid,2.0 Liter TFSI,Automatic,Daytona Gray,Black,None reported,Unknown,51598,2.0,,0,,
Ford,Explorer XLT,2020,17000,Gasoline,300.0HP 2.3L 4 Cylinder Engine Gasoline Fuel,10-Speed A/T,Blue,Black,At least 1 accident or damage reported,Yes,21000,2.3,300.0,0,,
Audi,A6 55 Premium,2019,10832,Hybrid,335.0HP 3.0L V6 Cylinder Engine Gasoline/Mild Electric Hybrid,7-Speed A/T,Black,Black,None reported,Yes,42500,3.0,335.0,0,6,
Toyota,Matrix XR,2004,173452,Gasoline,130.0HP 1.8L 4 Cylinder Engine Gasoline Fuel,4-Speed A/T,Silver,Black,At least 1 accident or damage reported,Yes,4000,1.8,130.0,0,,
Kia,Optima SX Turbo,2017,103338,Gasoline,2.0L I4 16V GDI DOHC Turbo,6-Speed Automatic,Remington Red Metallic,Black,At least 1 accident or damage reported,Unknown,17238,2.0,,1,,16
Ford,F-150 Lariat,2022,28000,Gasoline,400.0HP 3.5L V6 Cylinder Engine Gasoline Fuel,A/T,Black,Black,None reported,Yes,53500,3.5,400.0,0,6,
Audi,Q8 3.0T Premium,2019,51984,Hybrid,335.0HP 3.0L V6 Cylinder Engine Gasoline/Mild Electric Hybrid,8-Speed A/T,White,–,None reported,Yes,44870,3.0,335.0,0,6,
Chevrolet,Corvette Stingray w/2LT,2020,8974,Gasoline,490.0HP 6.2L 8 Cylinder Engine Gasoline Fuel,A/T,Orange,Black,At least 1 accident or damage reported,Yes,79900,6.2,490.0,0,,
Scion,tC Anniversary Edition,2014,99999,Gasoline,179.0HP 2.5L 4 Cylinder Engine Gasoline Fuel,6-Speed M/T,White,Black,None reported,Yes,10998,2.5,179.0,0,,
Mercedes-Benz,C-Class C 300,2017,59400,Gasoline,241.0HP 2.0L 4 Cylinder Engine Gasoline Fuel,7-Speed A/T,Black,Black,At least 1 accident or damage reported,Yes,21000,2.0,241.0,0,,
Nissan,Murano SV,2020,47147,Gasoline,3.5L V6 24V MPFI DOHC,Automatic CVT,Brilliant Silver Metallic,Graphite,None reported,Yes,23625,3.5,,0,6,24
Ford,Mustang GT,2018,53782,Gasoline,460.0HP 5.0L 8 Cylinder Engine Gasoline Fuel,6-Speed M/T,Black,Black,At least 1 accident or damage reported,Yes,29950,5.0,460.0,0,,
Ford,Taurus SHO,2011,160000,Gasoline,365.0HP 3.5L V6 Cylinder Engine Gasoline Fuel,A/T,Black,Black,None reported,Yes,4700,3.5,365.0,0,6,
Chevrolet,Tahoe LTZ,2015,500,Gasoline,355.0HP 5.3L 8 Cylinder Engine Gasoline Fuel,6-Speed A/T,White,Black,At least 1 accident or damage reported,Yes,37000,5.3,355.0,0,,
Ford,Escape SEL,2020,42000,Gasoline,181.0HP 1.5L 3 Cylinder Engine Gasoline Fuel,A/T,White,Beige,,Unknown,19000,1.5,181.0,0,,
Dodge,Grand Caravan SE,2018,64000,E85 Flex Fuel,283.0HP 3.6L V6 Cylinder Engine Flex Fuel Capability,A/T,White,Gray,None reported,Yes,35000,3.6,283.0,0,6,
Hyundai,Elantra HEV Limited,2021,28600,Hybrid,139.0HP 1.6L 4 Cylinder Engine Gas/Electric Hybrid,A/T,Gray,Black,None reported,Yes,23999,1.6,139.0,0,,
GMC,Canyon Denali,2019,26339,Gasoline,308.0HP 3.6L V6 Cylinder Engine Gasoline Fuel,8-Speed A/T,Red,Black,At least 1 accident or damage reported,Yes,36750,3.6,308.0,0,6,
Alfa,Romeo Giulia Quadrifoglio,2018,28644,Gasoline,505.0HP 2.9L V6 Cylinder Engine Gasoline Fuel,8-Speed A/T,Black,Black,,Unknown,41500,2.9,505.0,0,6,
Subaru,Impreza WRX,2008,148740,Gasoline,224.0HP 2.5L 4 Cylinder Engine Gasoline Fuel,5-Speed M/T,Black,Black,At least 1 accident or damage reported,Yes,14500,2.5,224.0,0,,
GMC,Sierra 2500 Denali,2021,16919,Diesel,445.0HP 6.6L 8 Cylinder Engine Diesel Fuel,10-Speed A/T,Black,Black,At least 1 accident or damage reported,Yes,73000,6.6,445.0,0,,
Chevrolet,Tahoe LS,2005,170000,Gasoline,285.0HP 4.8L 8 Cylinder Engine Gasoline Fuel,4-Speed A/T,Silver,Gray,At least 1 accident or damage reported,Yes,9000,4.8,285.0,0,,
Mercedes-Benz,SL-Class SL 550,2013,130000,Gasoline,429.0HP 4.6L 8 Cylinder Engine Gasoline Fuel,A/T,Gray,Beige,At least 1 accident or damage reported,Yes,26900,4.6,429.0,0,,
Ford,Escape PHEV SE,2022,1889,Plug-In Hybrid,221.0HP 2.5L 4 Cylinder Engine Plug-In Electric/Gas,CVT Transmission,White,Gray,None reported,Yes,32850,2.5,221.0,0,,
Dodge,Charger GT,2018,62197,Gasoline,3.6L V6 24V MPFI DOHC,8-Speed Automatic,White Knuckle Clearcoat,Black,None reported,Yes,26691,3.6,,0,6,24
Ford,F-150 XLT,2016,71000,E85 Flex Fuel,385.0HP 5.0L 8 Cylinder Engine Flex Fuel Capability,A/T,Black,–,At least 1 accident or damage reported,Yes,24350,5.0,385.0,0,,
Lexus,NX 200t Base,2016,83400,Gasoline,235.0HP 2.0L 4 Cylinder Engine Gasoline Fuel,A/T,Blue,Brown,At least 1 accident or damage reported,Yes,22495,2.0,235.0,0,,
Cadillac,XT5 Base,2019,74414,Gasoline,310.0HP 3.6L V6 Cylinder Engine Gasoline Fuel,8-Speed A/T,Black,Beige,None reported,Yes,26000,3.6,310.0,0,6,
Ford,Mustang Shelby GT500,2010,29816,Gasoline,540.0HP 5.4L 8 Cylinder Engine Gasoline Fuel,6-Speed M/T,Black,Black,None reported,Yes,38000,5.4,540.0,0,,
Ford,F-250 Lariat,2015,68749,Diesel,440.0HP 6.7L 8 Cylinder Engine Diesel Fuel,Transmission w/Dual Shift Mode,Gray,Black,None reported,Yes,45000,6.7,440.0,0,,
BMW,325 i,2005,190395,Gasoline,184.0HP 2.5L Straight 6 Cylinder Engine Gasoline Fuel,A/T,Black,Brown,None reported,Yes,5000,2.5,184.0,0,,
Lamborghini,Huracan LP610-4,2015,34152,Gasoline,602.0HP 5.2L 10 Cylinder Engine Gasoline Fuel,7-Speed A/T,Blue,Red,None reported,Yes,185500,5.2,602.0,0,,
Toyota,Camry XLE,2007,98528,Gasoline,158.0HP 2.4L 4 Cylinder Engine Gasoline Fuel,5-Speed A/T,White,Gray,At least 1 accident or damage reported,Yes,7450,2.4,158.0,0,,
BMW,335 i,2011,91500,Gasoline,300.0HP 3.0L Straight 6 Cylinder Engine Gasoline Fuel,6-Speed A/T,Blue,Beige,At least 1 accident or damage reported,Yes,13599,3.0,300.0,0,,
Chevrolet,Camaro 1SS,2017,50850,Gasoline,455.0HP 6.2L 8 Cylinder Engine Gasoline Fuel,6-Speed M/T,Blue,Black,None reported,Yes,37000,6.2,455.0,0,,
Mazda,MX-5 Miata Base,1999,130000,Gasoline,140.0HP 1.8L 4 Cylinder Engine Gasoline Fuel,A/T,Green,Beige,At least 1 accident or damage reported,Yes,9000,1.8,140.0,0,,
Toyota,Tundra SR5 Double Cab,2005,199400,Gasoline,282.0HP 4.7L 8 Cylinder Engine Gasoline Fuel,A/T,Gray,Gray,At least 1 accident or damage reported,Yes,8500,4.7,282.0,0,,
RAM,2500 Powerwagon,2013,84220,Gasoline,383.0HP 5.7L 8 Cylinder Engine Gasoline Fuel,6-Speed A/T,White,Gray,At least 1 accident or damage reported,Yes,26500,5.7,383.0,0,,
Mercedes-Benz,S-Class S 550 4MATIC,2016,67280,Gasoline,449.0HP 4.7L 8 Cylinder Engine Gasoline Fuel,7-Speed A/T,White,Black,None reported,Yes,41999,4.7,449.0,0,,
Volkswagen,Passat 2.0T R-Line,2021,16538,Gasoline,2.0 Liter TSI,Automatic,Reflex Silver,Titan Black,None reported,Unknown,25998,2.0,,0,,
Toyota,Tundra Platinum,2018,66000,Gasoline,381.0HP 5.7L 8 Cylinder Engine Gasoline Fuel,6-Speed A/T,Gray,Black,None reported,Yes,51000,5.7,381.0,0,,
Cadillac,Escalade Luxury,2018,53450,Gasoline,420.0HP 6.2L 8 Cylinder Engine Gasoline Fuel,10-Speed A/T,White,Beige,None reported,Yes,49999,6.2,420.0,0,,
Volkswagen,Golf Alltrack TSI SE,2018,63277,Gasoline,170.0HP 1.8L 4 Cylinder Engine Gasoline Fuel,6-Speed A/T,White,Black,None reported,Yes,20900,1.8,170.0,0,,
Nissan,Altima 2.5 S,2020,30900,Gasoline,182.0HP 2.5L 4 Cylinder Engine Gasoline Fuel,A/T,Silver,Gray,None reported,Yes,21000,2.5,182.0,0,,
Mercedes-Benz,GLA 250 Base 4MATIC,2019,60854,Gasoline,2.0 Liter Turbo,Automatic,White,Black,None reported,Unknown,25498,2.0,,1,,
Ford,F-150 Platinum,2015,85000,Gasoline,365.0HP 3.5L V6 Cylinder Engine Gasoline Fuel,6-Speed A/T,White,Black,None reported,Yes,31000,3.5,365.0,0,6,
Toyota,RAV4 SE,2016,108130,Gasoline,176.0HP 2.5L 4 Cylinder Engine Gasoline Fuel,Transmission w/Dual Shift Mode,Gray,Orange,None reported,Yes,18500,2.5,176.0,0,,
Toyota,4Runner TRD Sport,2023,11400,Gasoline,270.0HP 4.0L V6 Cylinder Engine Gasoline Fuel,A/T,Green,Black,None reported,Yes,46000,4.0,270.0,0,6,
Mercedes-Benz,GL-Class GL 450 4MATIC,2013,63300,Gasoline,362.0HP 4.6L 8 Cylinder Engine Gasoline Fuel,7-Speed A/T,Black,Black,None reported,Yes,22800,4.6,362.0,0,,
Tesla,Model Y Performance,2020,27500,,455.0HP Electric Motor Electric Fuel System,A/T,Gray,White,None reported,Yes,44000,,455.0,0,,
BMW,X5 xDrive 35i Sport Activity,2012,122600,Gasoline,300.0HP 3.0L Straight 6 Cylinder Engine Gasoline Fuel,8-Speed A/T,Black,Black,At least 1 accident or damage reported,Yes,12900,3.0,300.0,0,,
Dodge,Charger Base,2006,145565,Gasoline,250.0HP 3.5L V6 Cylinder Engine Gasoline Fuel,A/T,Blue,Gray,At least 1 accident or damage reported,Yes,4500,3.5,250.0,0,6,
Ford,Transit-250 Base,2016,66500,Gasoline,310.0HP 3.5L V6 Cylinder Engine Gasoline Fuel,6-Speed A/T,White,Gray,None reported,Yes,27000,3.5,310.0,0,6,
BMW,330 i xDrive,2017,75000,Gasoline,248.0HP 2.0L 4 Cylinder Engine Gasoline Fuel,A/T,Blue,Black,None reported,Yes,20000,2.0,248.0,0,,
Mazda,CX-5 Grand Touring,2021,24781,Gasoline,2.5L I4 16V GDI DOHC,6-Speed Automatic,Machine Gray Metallic,Black,,Unknown,28991,2.5,,0,,16
BMW,X5 M Base,2013,67000,Gasoline,555.0HP 4.4L 8 Cylinder Engine Gasoline Fuel,A/T,Silver,Black,At least 1 accident or damage reported,Yes,24500,4.4,555.0,0,,
Audi,Q5 2.0T Premium Plus,2019,24500,Gasoline,248.0HP 2.0L 4 Cylinder Engine Gasoline Fuel,A/T,Black,–,None reported,Yes,31000,2.0,248.0,0,,
Audi,S5 3.0T Prestige,2013,37500,Gasoline,333.0HP 3.0L V6 Cylinder Engine Gasoline Fuel,7-Speed A/T,Black,Black,None reported,Yes,26000,3.0,333.0,0,6,
Nissan,GT-R Premium,2013,101000,Gasoline,545.0HP 3.8L V6 Cylinder Engine Gasoline Fuel,Transmission w/Dual Shift Mode,White,Black,None reported,Yes,59000,3.8,545.0,0,6,
Tesla,Model 3 Long Range,2020,25000,,425.0HP Electric Motor Electric Fuel System,1-Speed A/T,Blue,Black,None reported,Yes,49995,,425.0,0,,
Toyota,Camry Solara SLE V6,2000,245000,Gasoline,200.0HP 3.0L V6 Cylinder Engine Gasoline Fuel,A/T,Black,Beige,At least 1 accident or damage reported,Yes,2500,3.0,200.0,0,6,
Tesla,Model Y Long Range,2021,49252,,Electric,1-Speed Automatic,Deep Blue Metallic,Black,None reported,Unknown,37999,,,0,,
Buick,Cascada Base,2016,103814,Gasoline,200.0HP 1.6L 4 Cylinder Engine Gasoline Fuel,6-Speed A/T,White,Black,At least 1 accident or damage reported,Yes,14995,1.6,200.0,0,,
Toyota,4Runner Venture,2021,27000,Gasoline,270.0HP 4.0L V6 Cylinder Engine Gasoline Fuel,A/T,White,Black,None reported,Yes,48500,4.0,270.0,0,6,
BMW,530 i xDrive,2021,60942,Gasoline,2.0L I4 16V GDI DOHC Turbo,8-Speed Automatic,Glacier Silver Metallic,Black,None reported,Yes,32085,2.0,,1,,16
BMW,535 i xDrive,2011,100780,Gasoline,300.0HP 3.0L Straight 6 Cylinder Engine Gasoline Fuel,8-Speed A/T,Gray,Black,At least 1 accident or damage reported,Yes,12000,3.0,300.0,0,,
Tesla,Model S 100D,2018,65000,,518.0HP Electric Motor Electric Fuel System,A/T,Blue,Black,None reported,Yes,41000,,518.0,0,,
Lexus,GX 460 Base,2012,167000,Gasoline,301.0HP 4.6L 8 Cylinder Engine Gasoline Fuel,A/T,Black,Beige,At least 1 accident or damage reported,Yes,19470,4.6,301.0,0,,
Chevrolet,Trailblazer SS,2008,161000,Gasoline,390.0HP 6.0L 8 Cylinder Engine Gasoline Fuel,4-Speed A/T,Red,Black,At least 1 accident or damage reported,Yes,17000,6.0,390.0,0,,
Subaru,Impreza WRX,2005,90200,Gasoline,227.0HP 2.0L 4 Cylinder Engine Gasoline Fuel,5-Speed M/T,Blue,Black,None reported,Yes,12499,2.0,227.0,0,,
Volkswagen,Passat 2.5 SE,2012,159870,Gasoline,170.0HP 2.5L 5 Cylinder Engine Gasoline Fuel,A/T,White,Beige,At least 1 accident or damage reported,Yes,9750,2.5,170.0,0,,
Porsche,911 Carrera Cabriolet,1996,38000,–,–,Transmission w/Dual Shift Mode,Blue,Gray,,Unknown,75000,,,0,,
Audi,Q5 40 Premium,2022,14550,Hybrid,201.0HP 2.0L 4 Cylinder Engine Gasoline/Mild Electric Hybrid,7-Speed A/T,Silver,Brown,None reported,Yes,41500,2.0,201.0,0,,
INFINITI,Q60 3.0t Red Sport 400,2018,38000,Gasoline,400.0HP 3.0L V6 Cylinder Engine Gasoline Fuel,A/T,Red,White,None reported,Yes,32000,3.0,400.0,0,6,
Chevrolet,Camaro Z28,2002,35515,Gasoline,310.0HP 5.7L 8 Cylinder Engine Gasoline Fuel,M/T,Silver,Black,At least 1 accident or damage reported,Yes,21000,5.7,310.0,0,,
Mazda,Protege DX,1993,94200,–,–,A/T,Gray,–,At least 1 accident or damage reported,Yes,2500,,,0,,
Mercedes-Benz,SL-Class SL550 Roadster,2008,33300,Gasoline,382.0HP 5.5L 8 Cylinder Engine Gasoline Fuel,7-Speed A/T,White,Beige,None reported,Yes,34500,5.5,382.0,0,,
Mercedes-Benz,C-Class C 300 4MATIC,2016,90189,Gasoline,241.0HP 2.0L 4 Cylinder Engine Gasoline Fuel,A/T,White,–,At least 1 accident or damage reported,Yes,17995,2.0,241.0,0,,
Land,Rover Range Rover Autobiography,2023,1148,Gasoline,4.4L V8 32V GDI DOHC Twin Turbo,Automatic,Carpathian Grey,Ebony,None reported,Unknown,193063,4.4,,1,8,32
Mercedes-Benz,SLK-Class SLK320,2001,59500,Gasoline,215.0HP 3.2L V6 Cylinder Engine Gasoline Fuel,6-Speed M/T,Blue,Beige,None reported,Yes,6500,3.2,215.0,0,6,
Ford,Transit-350 XL,2017,134000,Gasoline,310.0HP 3.5L V6 Cylinder Engine Gasoline Fuel,A/T,Silver,Gray,None reported,Yes,26500,3.5,310.0,0,6,
Buick,Enclave Premium,2014,86281,Gasoline,288.0HP 3.6L V6 Cylinder Engine Gasoline Fuel,6-Speed A/T,Black,Black,None reported,Yes,18900,3.6,288.0,0,6,
Porsche,Cayenne AWD,2020,34580,Gasoline,335.0HP 3.0L V6 Cylinder Engine Gasoline Fuel,A/T,Black,Red,None reported,Yes,56000,3.0,335.0,0,6,
Hyundai,Santa Fe SE,2007,145000,Gasoline,242.0HP 3.3L V6 Cylinder Engine Gasoline Fuel,A/T,Blue,Gray,At least 1 accident or damage reported,Yes,4200,3.3,242.0,0,6,
Mazda,Mazda6 Signature,2021,11737,Gasoline,2.5L I4 16V GDI DOHC Turbo,6-Speed Automatic,Soul Red Crystal Metallic,Deep Chestnut,None reported,Yes,33687,2.5,,1,,16
Tesla,Model X Performance,2020,25535,,778.0HP Electric Motor Electric Fuel System,A/T,White,Beige,None reported,Yes,68969,,778.0,0,,
Jeep,Wrangler Unlimited Sport,2016,67499,Gasoline,285.0HP 3.6L V6 Cylinder Engine Gasoline Fuel,6-Speed M/T,Beige,Black,None reported,Yes,27500,3.6,285.0,0,6,
Toyota,4Runner Sport,2004,220450,Gasoline,245.0HP 4.0L V6 Cylinder Engine Gasoline Fuel,A/T,Gray,Gray,None reported,Yes,8550,4.0,245.0,0,6,
Chevrolet,Silverado 1500 2LT,2018,20200,Gasoline,355.0HP 5.3L 8 Cylinder Engine Gasoline Fuel,6-Speed A/T,Silver,Gray,At least 1 accident or damage reported,Yes,42950,5.3,355.0,0,,
Jaguar,XK8 Base,2000,40000,Gasoline,290.0HP 4.0L 8 Cylinder Engine Gasoline Fuel,5-Speed A/T,Blue,Beige,None reported,Yes,15400,4.0,290.0,0,,
Mercedes-Benz,GLA-Class GLA 45 AMG,2015,80300,Gasoline,355.0HP 2.0L 4 Cylinder Engine Gasoline Fuel,7-Speed A/T,Black,Black,At least 1 accident or damage reported,Yes,22000,2.0,355.0,0,,
BMW,330 i xDrive,2017,63150,Gasoline,248.0HP 2.0L 4 Cylinder Engine Gasoline Fuel,A/T,White,Beige,None reported,Yes,21500,2.0,248.0,0,,
Volkswagen,Atlas 3.6L SE w/Technology,2018,48210,Gasoline,276.0HP 3.6L V6 Cylinder Engine Gasoline Fuel,Transmission w/Dual Shift Mode,Silver,Black,None reported,Yes,24999,3.6,276.0,0,6,
Nissan,Juke SL,2012,115359,Gasoline,188.0HP 1.6L 4 Cylinder Engine Gasoline Fuel,A/T,Black,Black,None reported,Yes,9950,1.6,188.0,0,,
Subaru,Impreza 2.0i Premium,2018,90601,Gasoline,152.0HP 2.0L 4 Cylinder Engine Gasoline Fuel,CVT Transmission,White,Beige,None reported,Yes,26000,2.0,152.0,0,,
BMW,M5 Base,2000,132200,Gasoline,400.0HP 5.0L 8 Cylinder Engine Gasoline Fuel,6-Speed M/T,Blue,Black,None reported,Yes,26900,5.0,400.0,0,,
Mercedes-Benz,Sprinter 2500 Standard Roof,2023,4000,Diesel,211.0HP 2.0L 4 Cylinder Engine Diesel Fuel,9-Speed A/T,White,Black,None reported,Yes,65000,2.0,211.0,0,,
Volkswagen,Beetle 2.0T Final Edition SE,2019,32000,Gasoline,174.0HP 2.0L 4 Cylinder Engine Gasoline Fuel,Transmission w/Dual Shift Mode,Gray,Black,None reported,Yes,32750,2.0,174.0,0,,
MINI,Countryman Cooper S ALL4,2016,95070,Gasoline,181.0HP 1.6L 4 Cylinder Engine Gasoline Fuel,6-Speed A/T,Blue,Black,None reported,Yes,12750,1.6,181.0,0,,
Nissan,Rogue SL,2017,148000,Gasoline,170.0HP 2.5L 4 Cylinder Engine Gasoline Fuel,A/T,White,–,None reported,Yes,13000,2.5,170.0,0,,
Lexus,CT 200h Premium,2014,125519,Hybrid,134.0HP 1.8L 4 Cylinder Engine Gas/Electric Hybrid,CVT Transmission,Black,Black,At least 1 accident or damage reported,Yes,16000,1.8,134.0,0,,
INFINITI,G37 x,2013,90000,Gasoline,328.0HP 3.7L V6 Cylinder Engine Gasoline Fuel,Transmission w/Dual Shift Mode,Silver,Black,None reported,Yes,14500,3.7,328.0,0,6,
Audi,A6 2.0T Sport,2018,49650,Gasoline,252.0HP 2.0L 4 Cylinder Engine Gasoline Fuel,A/T,Black,Black,At least 1 accident or damage reported,Yes,23750,2.0,252.0,0,,
Nissan,Altima 2.5 S,2015,149800,Gasoline,182.0HP 2.5L 4 Cylinder Engine Gasoline Fuel,A/T,Black,Black,At least 1 accident or damage reported,Yes,11600,2.5,182.0,0,,
Chevrolet,Blazer 1LT,2019,37161,Gasoline,2.5L I4 16V GDI DOHC,9-Speed Automatic,Nightfall Gray Metallic,Jet Black,None reported,Yes,26990,2.5,,0,,16
Dodge,Ram 3500 Quad Cab DRW,2000,188000,–,–,A/T,Silver,Gray,At least 1 accident or damage reported,Yes,10000,,,0,,
Ford,Transit Connect XLT,2016,111700,E85 Flex Fuel,169.0HP 2.5L 4 Cylinder Engine Flex Fuel Capability,A/T,White,Beige,None reported,Yes,15500,2.5,169.0,0,,
Mercedes-Benz,S-Class S 550 4MATIC,2016,72784,Gasoline,449.0HP 4.7L 8 Cylinder Engine Gasoline Fuel,7-Speed A/T,Blue,White,None reported,Yes,34900,4.7,449.0,0,,
Cadillac,Escalade Base,2007,150000,Gasoline,403.0HP 6.2L 8 Cylinder Engine Gasoline Fuel,A/T,White,Beige,None reported,Yes,9999,6.2,403.0,0,,
Ford,Transit Connect XLT,2012,140450,Gasoline,136.0HP 2.0L 4 Cylinder Engine Gasoline Fuel,4-Speed A/T,Red,Gray,At least 1 accident or damage reported,Yes,8500,2.0,136.0,0,,
Lexus,IS 250 Base,2010,132700,Gasoline,204.0HP 2.5L V6 Cylinder Engine Gasoline Fuel,A/T,Black,Black,At least 1 accident or damage reported,Yes,10700,2.5,204.0,0,6,
Dodge,Durango GT,2020,49000,Gasoline,295.0HP 3.6L V6 Cylinder Engine Gasoline Fuel,A/T,White,Black,None reported,Yes,40000,3.6,295.0,0,6,
Chevrolet,Corvette Stingray w/2LT,2023,2058,Gasoline,490.0HP 6.2L 8 Cylinder Engine Gasoline Fuel,A/T,Gray,Black,None reported,Yes,101999,6.2,490.0,0,,
Jeep,Wrangler Unlimited Sahara,2019,23442,Gasoline,285.0HP 3.6L V6 Cylinder Engine Gasoline Fuel,A/T,White,Beige,None reported,Yes,44500,3.6,285.0,0,6,
Tesla,Model 3 Long Range,2021,23749,,Electric,1-Speed Automatic,White,Black,None reported,Unknown,35999,,,0,,
Toyota,4Runner TRD Pro,2021,35048,Gasoline,4.0L V6 24V MPFI DOHC,5-Speed Automatic,Lunar Rock,Black / Graphite,None reported,Unknown,52590,4.0,,0,6,24
INFINITI,QX60 Base,2016,91239,Gasoline,265.0HP 3.5L V6 Cylinder Engine Gasoline Fuel,A/T,Gray,Black,None reported,Yes,17500,3.5,265.0,0,6,
Porsche,911 Carrera,2022,2950,Gasoline,379.0HP 3.0L Flat 6 Cylinder Engine Gasoline Fuel,8-Speed A/T,Green,Black,None reported,Yes,131000,3.0,379.0,0,,
Ford,F-150 XL,2019,59678,Gasoline,2.7L V6 24V PDI DOHC Twin Turbo,Automatic,Gray,Black,None reported,Yes,33700,2.7,,1,6,24
BMW,M240 i xDrive,2022,2010,Gasoline,382.0HP 3.0L Straight 6 Cylinder Engine Gasoline Fuel,A/T,Purple,Black,None reported,Yes,55000,3.0,382.0,0,,
Toyota,Prius Two,2014,80354,Hybrid,134.0HP 1.8L 4 Cylinder Engine Gas/Electric Hybrid,A/T,Red,Gray,At least 1 accident or damage reported,Yes,13310,1.8,134.0,0,,
Ford,Expedition Max XLT,2018,105674,Gasoline,375.0HP 3.5L V6 Cylinder Engine Gasoline Fuel,10-Speed A/T,White,Beige,None reported,Yes,34995,3.5,375.0,0,6,
Toyota,Tundra Grade,2013,92700,Gasoline,310.0HP 4.6L 8 Cylinder Engine Gasoline Fuel,6-Speed A/T,Gray,Gray,At least 1 accident or damage reported,Yes,20800,4.6,310.0,0,,
Ford,Edge Titanium,2016,101387,Gasoline,245.0HP 2.0L 4 Cylinder Engine Gasoline Fuel,6-Speed A/T,Black,Beige,At least 1 accident or damage reported,Yes,16000,2.0,245.0,0,,
Buick,Envision Essence,2021,36544,Gasoline,2.0L I4 16V GDI DOHC Turbo,9-Speed Automatic,Dark Moon Blue Metallic,Ebony,None reported,Yes,33290,2.0,,1,,16
Audi,Q7 55 Prestige,2019,41000,Gasoline,329.0HP 3.0L V6 Cylinder Engine Gasoline Fuel,A/T,White,Beige,None reported,Yes,39900,3.0,329.0,0,6,
Chrysler,Town & Country Touring-L,2013,115872,E85 Flex Fuel,283.0HP 3.6L V6 Cylinder Engine Flex Fuel Capability,A/T,Black,Black,None reported,Yes,9500,3.6,283.0,0,6,
Chevrolet,Cruze LS,2011,135603,Gasoline,136.0HP 1.8L 4 Cylinder Engine Gasoline Fuel,A/T,Silver,Black,None reported,Yes,7000,1.8,136.0,0,,
Ford,F-150 Lariat,2020,26540,Gasoline,375.0HP 3.5L V6 Cylinder Engine Gasoline Fuel,A/T,White,Black,None reported,Yes,46995,3.5,375.0,0,6,
Jaguar,XF Premium,2011,35134,Gasoline,385.0HP 5.0L 8 Cylinder Engine Gasoline Fuel,A/T,Gray,Gray,At least 1 accident or damage reported,Yes,12400,5.0,385.0,0,,
Jeep,Wrangler Unlimited Rubicon,2020,49990,Gasoline,270.0HP 2.0L 4 Cylinder Engine Gasoline Fuel,8-Speed A/T,Black,Black,None reported,Yes,53000,2.0,270.0,0,,
Ford,F-250 Lariat,2011,153818,Diesel,400.0HP 6.7L 8 Cylinder Engine Diesel Fuel,6-Speed A/T,Gray,Gray,At least 1 accident or damage reported,Yes,29800,6.7,400.0,0,,
Jaguar,F-PACE 35t Premium,2017,58060,Gasoline,340.0HP 3.0L V6 Cylinder Engine Gasoline Fuel,8-Speed A/T,Blue,Beige,At least 1 accident or damage reported,Yes,26000,3.0,340.0,0,6,
Porsche,911 Carrera S,2015,36000,Gasoline,400.0HP 3.8L Flat 6 Cylinder Engine Gasoline Fuel,7-Speed A/T,Black,Black,None reported,Yes,84999,3.8,400.0,0,,
Ford,Bronco Badlands Advanced,2022,17000,Gasoline,315.0HP 2.7L V6 Cylinder Engine Gasoline Fuel,10-Speed A/T,White,Black,None reported,Yes,69999,2.7,315.0,0,6,
Suzuki,SX4 Base,2013,99982,Gasoline,150.0HP 2.0L 4 Cylinder Engine Gasoline Fuel,M/T,Orange,Gray,At least 1 accident or damage reported,Yes,6900,2.0,150.0,0,,
Ford,EcoSport SES,2019,106000,Gasoline,166.0HP 2.0L 4 Cylinder Engine Gasoline Fuel,A/T,Silver,Black,At least 1 accident or damage reported,Yes,12000,2.0,166.0,0,,
Toyota,Land Cruiser Base,1994,178416,–,–,A/T,Green,Beige,None reported,Yes,9000,,,0,,
Honda,Civic EX,2014,82500,Gasoline,143.0HP 1.8L 4 Cylinder Engine Gasoline Fuel,CVT Transmission,Silver,Gray,None reported,Yes,15000,1.8,143.0,0,,
Mercedes-Benz,Sprinter 2500 Standard Roof,2018,41500,Diesel,188.0HP 3.0L V6 Cylinder Engine Diesel Fuel,A/T,Gray,Black,None reported,Yes,61000,3.0,188.0,0,6,
BMW,X3 xDrive28i,2015,92984,Gasoline,240.0HP 2.0L 4 Cylinder Engine Gasoline Fuel,Transmission w/Dual Shift Mode,White,Beige,At least 1 accident or damage reported,Yes,17000,2.0,240.0,0,,
Nissan,Murano SL,2007,120000,Gasoline,240.0HP 3.5L V6 Cylinder Engine Gasoline Fuel,A/T,Silver,Black,None reported,Yes,6750,3.5,240.0,0,6,
Chevrolet,Corvette Stingray,2015,25548,Gasoline,455.0HP 6.2L 8 Cylinder Engine Gasoline Fuel,8-Speed A/T,Gray,Gray,None reported,Yes,49000,6.2,455.0,0,,
Ford,F-150 Lariat,2018,65441,Gasoline,325.0HP 2.7L V6 Cylinder Engine Gasoline Fuel,A/T,Gray,Black,None reported,Yes,38000,2.7,325.0,0,6,
Porsche,Cayenne Turbo,2020,39611,Gasoline,4.0L V8 32V GDI DOHC Twin Turbo,8-Speed Automatic,Quartzite Grey Metallic,Black,None reported,Unknown,89900,4.0,,1,8,32
Toyota,Sequoia SR5,2010,154860,Gasoline,310.0HP 4.6L 8 Cylinder Engine Gasoline Fuel,6-Speed A/T,Silver,Gray,None reported,Yes,17900,4.6,310.0,0,,
Porsche,911 Carrera S,2021,7008,Gasoline,443.0HP 3.0L Flat 6 Cylinder Engine Gasoline Fuel,8-Speed A/T,Gray,Black,,Unknown,151900,3.0,443.0,0,,
BMW,M8 Gran Coupe Competition,2022,21057,Gasoline,617.0HP 4.4L 8 Cylinder Engine Gasoline Fuel,Transmission w/Dual Shift Mode,Gray,Black,None reported,Yes,99800,4.4,617.0,0,,
Lexus,CT 200h Base,2016,39750,Hybrid,134.0HP 1.8L 4 Cylinder Engine Gas/Electric Hybrid,A/T,Black,Black,None reported,Yes,21995,1.8,134.0,0,,
Aston,Martin DB7 Vantage Volante,2003,14900,Gasoline,420.0HP 5.9L 12 Cylinder Engine Gasoline Fuel,6-Speed M/T,White,Beige,,Unknown,32850,5.9,420.0,0,,
Chevrolet,Impala 2LZ,2018,71312,Gasoline,305.0HP 3.6L V6 Cylinder Engine Gasoline Fuel,6-Speed A/T,Black,Black,None reported,Yes,17899,3.6,305.0,0,6,
Porsche,911 Carrera,2015,43500,Gasoline,350.0HP 3.4L Flat 6 Cylinder Engine Gasoline Fuel,7-Speed A/T,Black,Black,None reported,Yes,66500,3.4,350.0,0,,
BMW,X6 xDrive40i,2020,34000,Gasoline,335.0HP 3.0L Straight 6 Cylinder Engine Gasoline Fuel,8-Speed A/T,White,Brown,None reported,Yes,59335,3.0,335.0,0,,
Subaru,Ascent Touring 7-Passenger,2021,32250,Gasoline,260.0HP 2.4L 4 Cylinder Engine Gasoline Fuel,A/T,Black,Black,At least 1 accident or damage reported,Yes,36000,2.4,260.0,0,,
Volkswagen,Routan SE,2011,194000,Gasoline,283.0HP 3.6L V6 Cylinder Engine Gasoline Fuel,Transmission w/Dual Shift Mode,Black,Gray,At least 1 accident or damage reported,Yes,3500,3.6,283.0,0,6,
Mercedes-Benz,AMG GLS 63 4MATIC,2023,2000,Hybrid,603.0HP 4.0L 8 Cylinder Engine Gasoline/Mild Electric Hybrid,9-Speed A/T,Gray,Beige,None reported,Yes,175000,4.0,603.0,0,,
Mercedes-Benz,E-Class E 300 4MATIC,2018,53705,Gasoline,241.0HP 2.0L 4 Cylinder Engine Gasoline Fuel,A/T,Black,Black,At least 1 accident or damage reported,Yes,25900,2.0,241.0,0,,
Bentley,Continental GT Speed,2023,714,Gasoline,6.0L W12 48V PDI DOHC Twin Turbo,8-Speed Automatic with Auto-Shift,C / C,Hotspur,None reported,Yes,349950,6.0,,1,,48
Audi,S4 3.0T Premium Plus,2022,10900,Gasoline,349.0HP 3.0L V6 Cylinder Engine Gasoline Fuel,Transmission w/Dual Shift Mode,Black,Black,None reported,Yes,53900,3.0,349.0,0,6,
Porsche,Taycan,2022,2116,,Electric,Automatic,Black,Black,None reported,Unknown,90998,,,0,,
Ford,F-150 Raptor,2020,33000,Gasoline,450.0HP 3.5L V6 Cylinder Engine Gasoline Fuel,A/T,Blue,Black,None reported,Yes,62999,3.5,450.0,0,6,
BMW,X3 xDrive30i,2020,43000,Gasoline,248.0HP 2.0L 4 Cylinder Engine Gasoline Fuel,A/T,Gray,Brown,At least 1 accident or damage reported,Yes,40000,2.0,248.0,0,,
